step,sample,cs1_code,cs2_code,adc_raw,adc_value,sot
0,0,0,31500,0000001100,12,0
0,1,0,31500,0000001100,12,0
0,2,0,31500,0000001100,12,0
0,3,0,31500,0000000110,6,0
0,4,0,31500,0000000110,6,0
0,5,0,31500,0000000110,6,0
0,6,0,31500,0000000111,7,0
0,7,0,31500,0000000100,4,0
0,8,0,31500,0000000011,3,0
0,9,0,31500,0000000110,6,0
0,10,0,31500,0000000100,4,0
0,11,0,31500,0000000100,4,0
0,12,0,31500,0000000101,5,0
0,13,0,31500,0000000101,5,0
0,14,0,31500,0000000100,4,0
0,15,0,31500,0000000011,3,0
0,16,0,31500,0000000011,3,0
0,17,0,31500,0000000011,3,0
0,18,0,31500,0000000011,3,0
0,19,0,31500,0000000011,3,0
1,0,100,31400,0000001000,8,0
1,1,100,31400,0000000111,7,0
1,2,100,31400,0000000111,7,0
1,3,100,31400,0000000110,6,0
1,4,100,31400,0000000101,5,0
1,5,100,31400,0000000111,7,0
1,6,100,31400,0000000111,7,0
1,7,100,31400,0000001000,8,0
1,8,100,31400,0000000011,3,0
1,9,100,31400,0000000111,7,0
1,10,100,31400,0000000110,6,0
1,11,100,31400,0000000110,6,0
1,12,100,31400,0000000111,7,0
1,13,100,31400,0000000111,7,0
1,14,100,31400,0000000111,7,0
1,15,100,31400,0000001000,8,0
1,16,100,31400,0000001000,8,0
1,17,100,31400,0000001001,9,0
1,18,100,31400,0000000111,7,0
1,19,100,31400,0000000111,7,0
2,0,200,31300,0000001010,10,0
2,1,200,31300,0000001101,13,0
2,2,200,31300,0000001101,13,0
2,3,200,31300,0000001100,12,0
2,4,200,31300,0000001010,10,0
2,5,200,31300,0000001011,11,0
2,6,200,31300,0000001010,10,0
2,7,200,31300,0000001011,11,0
2,8,200,31300,0000001001,9,0
2,9,200,31300,0000001001,9,0
2,10,200,31300,0000001010,10,0
2,11,200,31300,0000001010,10,0
2,12,200,31300,0000000111,7,0
2,13,200,31300,0000001010,10,0
2,14,200,31300,0000001100,12,0
2,15,200,31300,0000001000,8,0
2,16,200,31300,0000001001,9,0
2,17,200,31300,0000001010,10,0
2,18,200,31300,0000001010,10,0
2,19,200,31300,0000001010,10,0
3,0,300,31200,0000010010,18,0
3,1,300,31200,0000010010,18,0
3,2,300,31200,0000010010,18,0
3,3,300,31200,0000001110,14,0
3,4,300,31200,0000010110,22,0
3,5,300,31200,0000010111,23,0
3,6,300,31200,0000010111,23,0
3,7,300,31200,0000010111,23,0
3,8,300,31200,0000010001,17,0
3,9,300,31200,0000001111,15,0
3,10,300,31200,0000001110,14,0
3,11,300,31200,0000010001,17,0
3,12,300,31200,0000010010,18,0
3,13,300,31200,0000001110,14,0
3,14,300,31200,0000001110,14,0
3,15,300,31200,0000001110,14,0
3,16,300,31200,0000010001,17,0
3,17,300,31200,0000010010,18,0
3,18,300,31200,0000001111,15,0
3,19,300,31200,0000001111,15,0
4,0,400,31100,0000010011,19,0
4,1,400,31100,0000010010,18,0
4,2,400,31100,0000010011,19,0
4,3,400,31100,0000010011,19,0
4,4,400,31100,0000010100,20,0
4,5,400,31100,0000010010,18,0
4,6,400,31100,0000010010,18,0
4,7,400,31100,0000010010,18,0
4,8,400,31100,0000010010,18,0
4,9,400,31100,0000010010,18,0
4,10,400,31100,0000001110,14,0
4,11,400,31100,0000010011,19,0
4,12,400,31100,0000001111,15,0
4,13,400,31100,0000010010,18,0
4,14,400,31100,0000010001,17,0
4,15,400,31100,0000010001,17,0
4,16,400,31100,0000010010,18,0
4,17,400,31100,0000010001,17,0
4,18,400,31100,0000010010,18,0
4,19,400,31100,0000010011,19,0
5,0,500,31000,0000010111,23,0
5,1,500,31000,0000011111,31,0
5,2,500,31000,0000011111,31,0
5,3,500,31000,0000011001,25,0
5,4,500,31000,0000011000,24,0
5,5,500,31000,0000011001,25,0
5,6,500,31000,0000011001,25,0
5,7,500,31000,0000011000,24,0
5,8,500,31000,0000011000,24,0
5,9,500,31000,0000011000,24,0
5,10,500,31000,0000010110,22,0
5,11,500,31000,0000010110,22,0
5,12,500,31000,0000011000,24,0
5,13,500,31000,0000011001,25,0
5,14,500,31000,0000010110,22,0
5,15,500,31000,0000010110,22,0
5,16,500,31000,0000010101,21,0
5,17,500,31000,0000010110,22,0
5,18,500,31000,0000010110,22,0
5,19,500,31000,0000010101,21,0
6,0,600,30900,0000011100,28,0
6,1,600,30900,0000011010,26,0
6,2,600,30900,0000011010,26,0
6,3,600,30900,0000011010,26,0
6,4,600,30900,0000011000,24,0
6,5,600,30900,0000011000,24,0
6,6,600,30900,0000011001,25,0
6,7,600,30900,0000011001,25,0
6,8,600,30900,0000011000,24,0
6,9,600,30900,0000011001,25,0
6,10,600,30900,0000011000,24,0
6,11,600,30900,0000011000,24,0
6,12,600,30900,0000011001,25,0
6,13,600,30900,0000011001,25,0
6,14,600,30900,0000010110,22,0
6,15,600,30900,0000010110,22,0
6,16,600,30900,0000010101,21,0
6,17,600,30900,0000010110,22,0
6,18,600,30900,0000011000,24,0
6,19,600,30900,0000010111,23,0
7,0,700,30800,0000011100,28,0
7,1,700,30800,0000011101,29,0
7,2,700,30800,0000011100,28,0
7,3,700,30800,0000011100,28,0
7,4,700,30800,0000011101,29,0
7,5,700,30800,0000100000,32,0
7,6,700,30800,0000011100,28,0
7,7,700,30800,0000011101,29,0
7,8,700,30800,0000011100,28,0
7,9,700,30800,0000100010,34,0
7,10,700,30800,0000100010,34,0
7,11,700,30800,0000011101,29,0
7,12,700,30800,0000011110,30,0
7,13,700,30800,0000011101,29,0
7,14,700,30800,0000011101,29,0
7,15,700,30800,0000011100,28,0
7,16,700,30800,0000100000,32,0
7,17,700,30800,0000011111,31,0
7,18,700,30800,0000011111,31,0
7,19,700,30800,0000011100,28,0
8,0,800,30700,0000011110,30,0
8,1,800,30700,0000100001,33,0
8,2,800,30700,0000100001,33,0
8,3,800,30700,0000100001,33,0
8,4,800,30700,0000100000,32,0
8,5,800,30700,0000011111,31,0
8,6,800,30700,0000100000,32,0
8,7,800,30700,0000100000,32,0
8,8,800,30700,0000011111,31,0
8,9,800,30700,0000100000,32,0
8,10,800,30700,0000011111,31,0
8,11,800,30700,0000011111,31,0
8,12,800,30700,0000011111,31,0
8,13,800,30700,0000100000,32,0
8,14,800,30700,0000100000,32,0
8,15,800,30700,0000011110,30,0
8,16,800,30700,0000100000,32,0
8,17,800,30700,0000011111,31,0
8,18,800,30700,0000011111,31,0
8,19,800,30700,0000011111,31,0
9,0,900,30600,0000100000,32,0
9,1,900,30600,0000100000,32,0
9,2,900,30600,0000100000,32,0
9,3,900,30600,0000100000,32,0
9,4,900,30600,0000100000,32,0
9,5,900,30600,0000100000,32,0
9,6,900,30600,0000100001,33,0
9,7,900,30600,0000100000,32,0
9,8,900,30600,0000100000,32,0
9,9,900,30600,0000100000,32,0
9,10,900,30600,0000100000,32,0
9,11,900,30600,0000100000,32,0
9,12,900,30600,0000100101,37,0
9,13,900,30600,0000100000,32,0
9,14,900,30600,0000100000,32,0
9,15,900,30600,0000100111,39,0
9,16,900,30600,0000100111,39,0
9,17,900,30600,0000101000,40,0
9,18,900,30600,0000100111,39,0
9,19,900,30600,0000100001,33,0
10,0,1000,30500,0000101010,42,0
10,1,1000,30500,0000100101,37,0
10,2,1000,30500,0000100101,37,0
10,3,1000,30500,0000100101,37,0
10,4,1000,30500,0000100100,36,0
10,5,1000,30500,0000100011,35,0
10,6,1000,30500,0000100110,38,0
10,7,1000,30500,0000100011,35,0
10,8,1000,30500,0000100110,38,0
10,9,1000,30500,0000100110,38,0
10,10,1000,30500,0000100110,38,0
10,11,1000,30500,0000100110,38,0
10,12,1000,30500,0000100100,36,0
10,13,1000,30500,0000100100,36,0
10,14,1000,30500,0000100011,35,0
10,15,1000,30500,0000100010,34,0
10,16,1000,30500,0000100010,34,0
10,17,1000,30500,0000100011,35,0
10,18,1000,30500,0000100011,35,0
10,19,1000,30500,0000100011,35,0
11,0,1100,30400,0000100110,38,0
11,1,1100,30400,0000100100,36,0
11,2,1100,30400,0000100011,35,0
11,3,1100,30400,0000100011,35,0
11,4,1100,30400,0000100110,38,0
11,5,1100,30400,0000100110,38,0
11,6,1100,30400,0000100110,38,0
11,7,1100,30400,0000100111,39,0
11,8,1100,30400,0000100111,39,0
11,9,1100,30400,0000100111,39,0
11,10,1100,30400,0000100110,38,0
11,11,1100,30400,0000100111,39,0
11,12,1100,30400,0000100110,38,0
11,13,1100,30400,0000101010,42,0
11,14,1100,30400,0000101010,42,0
11,15,1100,30400,0000100111,39,0
11,16,1100,30400,0000100111,39,0
11,17,1100,30400,0000101110,46,0
11,18,1100,30400,0000101110,46,0
11,19,1100,30400,0000101001,41,0
12,0,1200,30300,0000101101,45,0
12,1,1200,30300,0000101100,44,0
12,2,1200,30300,0000101100,44,0
12,3,1200,30300,0000101010,42,0
12,4,1200,30300,0000101010,42,0
12,5,1200,30300,0000101010,42,0
12,6,1200,30300,0000101101,45,0
12,7,1200,30300,0000101100,44,0
12,8,1200,30300,0000101101,45,0
12,9,1200,30300,0000101010,42,0
12,10,1200,30300,0000101011,43,0
12,11,1200,30300,0000101011,43,0
12,12,1200,30300,0000101011,43,0
12,13,1200,30300,0000101011,43,0
12,14,1200,30300,0000101100,44,0
12,15,1200,30300,0000101010,42,0
12,16,1200,30300,0000101010,42,0
12,17,1200,30300,0000101010,42,0
12,18,1200,30300,0000101010,42,0
12,19,1200,30300,0000101010,42,0
13,0,1300,30200,0000101110,46,0
13,1,1300,30200,0000101110,46,0
13,2,1300,30200,0000101110,46,0
13,3,1300,30200,0000101100,44,0
13,4,1300,30200,0000101100,44,0
13,5,1300,30200,0000101100,44,0
13,6,1300,30200,0000101101,45,0
13,7,1300,30200,0000101110,46,0
13,8,1300,30200,0000101110,46,0
13,9,1300,30200,0000101010,42,0
13,10,1300,30200,0000101010,42,0
13,11,1300,30200,0000101010,42,0
13,12,1300,30200,0000101101,45,0
13,13,1300,30200,0000101101,45,0
13,14,1300,30200,0000101101,45,0
13,15,1300,30200,0000101100,44,0
13,16,1300,30200,0000101101,45,0
13,17,1300,30200,0000101101,45,0
13,18,1300,30200,0000101101,45,0
13,19,1300,30200,0000101111,47,0
14,0,1400,30100,0000110101,53,0
14,1,1400,30100,0000110010,50,0
14,2,1400,30100,0000110010,50,0
14,3,1400,30100,0000111000,56,0
14,4,1400,30100,0000110011,51,0
14,5,1400,30100,0000110011,51,0
14,6,1400,30100,0000110010,50,0
14,7,1400,30100,0000110010,50,0
14,8,1400,30100,0000110101,53,0
14,9,1400,30100,0000110010,50,0
14,10,1400,30100,0000110010,50,0
14,11,1400,30100,0000110010,50,0
14,12,1400,30100,0000110101,53,0
14,13,1400,30100,0000110100,52,0
14,14,1400,30100,0000110101,53,0
14,15,1400,30100,0000110011,51,0
14,16,1400,30100,0000110011,51,0
14,17,1400,30100,0000110011,51,0
14,18,1400,30100,0000110001,49,0
14,19,1400,30100,0000110001,49,0
15,0,1500,30000,0000110101,53,0
15,1,1500,30000,0000110011,51,0
15,2,1500,30000,0000110011,51,0
15,3,1500,30000,0000110101,53,0
15,4,1500,30000,0000110101,53,0
15,5,1500,30000,0000110101,53,0
15,6,1500,30000,0000110010,50,0
15,7,1500,30000,0000110010,50,0
15,8,1500,30000,0000110100,52,0
15,9,1500,30000,0000110101,53,0
15,10,1500,30000,0000110101,53,0
15,11,1500,30000,0000110110,54,0
15,12,1500,30000,0000110110,54,0
15,13,1500,30000,0000110101,53,0
15,14,1500,30000,0000110100,52,0
15,15,1500,30000,0000110101,53,0
15,16,1500,30000,0000110111,55,0
15,17,1500,30000,0000111000,56,0
15,18,1500,30000,0000110110,54,0
15,19,1500,30000,0000110110,54,0
16,0,1600,29900,0000111110,62,0
16,1,1600,29900,0000111110,62,0
16,2,1600,29900,0000111010,58,0
16,3,1600,29900,0000111010,58,0
16,4,1600,29900,0000111010,58,0
16,5,1600,29900,0001000000,64,0
16,6,1600,29900,0000111010,58,0
16,7,1600,29900,0000111010,58,0
16,8,1600,29900,0000111001,57,0
16,9,1600,29900,0000111000,56,0
16,10,1600,29900,0000111000,56,0
16,11,1600,29900,0000111000,56,0
16,12,1600,29900,0000111100,60,0
16,13,1600,29900,0000111100,60,0
16,14,1600,29900,0000111100,60,0
16,15,1600,29900,0000111010,58,0
16,16,1600,29900,0000111001,57,0
16,17,1600,29900,0000111010,58,0
16,18,1600,29900,0000111010,58,0
16,19,1600,29900,0000111010,58,0
17,0,1700,29800,0000111111,63,0
17,1,1700,29800,0000111101,61,0
17,2,1700,29800,0000111100,60,0
17,3,1700,29800,0000111100,60,0
17,4,1700,29800,0000111111,63,0
17,5,1700,29800,0000111111,63,0
17,6,1700,29800,0000111111,63,0
17,7,1700,29800,0000111111,63,0
17,8,1700,29800,0000111100,60,0
17,9,1700,29800,0000111011,59,0
17,10,1700,29800,0000111100,60,0
17,11,1700,29800,0000111100,60,0
17,12,1700,29800,0000111100,60,0
17,13,1700,29800,0000111011,59,0
17,14,1700,29800,0000111100,60,0
17,15,1700,29800,0000111101,61,0
17,16,1700,29800,0000111100,60,0
17,17,1700,29800,0000111011,59,0
17,18,1700,29800,0000111100,60,0
17,19,1700,29800,0000111000,56,0
18,0,1800,29700,0000111111,63,0
18,1,1800,29700,0000111111,63,0
18,2,1800,29700,0001000000,64,0
18,3,1800,29700,0000111111,63,0
18,4,1800,29700,0000111110,62,0
18,5,1800,29700,0001000001,65,0
18,6,1800,29700,0001000001,65,0
18,7,1800,29700,0001000000,64,0
18,8,1800,29700,0001000001,65,0
18,9,1800,29700,0001000111,71,0
18,10,1800,29700,0001000000,64,0
18,11,1800,29700,0000111110,62,0
18,12,1800,29700,0000111111,63,0
18,13,1800,29700,0000111110,62,0
18,14,1800,29700,0000111110,62,0
18,15,1800,29700,0001000001,65,0
18,16,1800,29700,0000111111,63,0
18,17,1800,29700,0001000001,65,0
18,18,1800,29700,0001000000,64,0
18,19,1800,29700,0000111111,63,0
19,0,1900,29600,0001000000,64,0
19,1,1900,29600,0001000001,65,0
19,2,1900,29600,0001000000,64,0
19,3,1900,29600,0001000100,68,0
19,4,1900,29600,0001000011,67,0
19,5,1900,29600,0001000001,65,0
19,6,1900,29600,0001000001,65,0
19,7,1900,29600,0001000001,65,0
19,8,1900,29600,0001000010,66,0
19,9,1900,29600,0001000000,64,0
19,10,1900,29600,0001000001,65,0
19,11,1900,29600,0001000000,64,0
19,12,1900,29600,0001000000,64,0
19,13,1900,29600,0001000000,64,0
19,14,1900,29600,0001000000,64,0
19,15,1900,29600,0001000000,64,0
19,16,1900,29600,0001000000,64,0
19,17,1900,29600,0001000000,64,0
19,18,1900,29600,0001000000,64,0
19,19,1900,29600,0001000000,64,0
20,0,2000,29500,0001000011,67,0
20,1,2000,29500,0001000011,67,0
20,2,2000,29500,0001000011,67,0
20,3,2000,29500,0001000101,69,0
20,4,2000,29500,0001000101,69,0
20,5,2000,29500,0001000101,69,0
20,6,2000,29500,0001000011,67,0
20,7,2000,29500,0001000011,67,0
20,8,2000,29500,0001000011,67,0
20,9,2000,29500,0001001001,73,0
20,10,2000,29500,0001001000,72,0
20,11,2000,29500,0001000100,68,0
20,12,2000,29500,0001000100,68,0
20,13,2000,29500,0001001011,75,0
20,14,2000,29500,0001001010,74,0
20,15,2000,29500,0001000110,70,0
20,16,2000,29500,0001000110,70,0
20,17,2000,29500,0001000100,68,0
20,18,2000,29500,0001000011,67,0
20,19,2000,29500,0001000110,70,0
21,0,2100,29400,0001001000,72,0
21,1,2100,29400,0001000111,71,0
21,2,2100,29400,0001000111,71,0
21,3,2100,29400,0001000110,70,0
21,4,2100,29400,0001001000,72,0
21,5,2100,29400,0001000111,71,0
21,6,2100,29400,0001000111,71,0
21,7,2100,29400,0001000110,70,0
21,8,2100,29400,0001000110,70,0
21,9,2100,29400,0001000110,70,0
21,10,2100,29400,0001000110,70,0
21,11,2100,29400,0001000111,71,0
21,12,2100,29400,0001000111,71,0
21,13,2100,29400,0001000111,71,0
21,14,2100,29400,0001000100,68,0
21,15,2100,29400,0001000100,68,0
21,16,2100,29400,0001000100,68,0
21,17,2100,29400,0001000100,68,0
21,18,2100,29400,0001000110,70,0
21,19,2100,29400,0001000110,70,0
22,0,2200,29300,0001001000,72,0
22,1,2200,29300,0001001010,74,0
22,2,2200,29300,0001001010,74,0
22,3,2200,29300,0001001011,75,0
22,4,2200,29300,0001001010,74,0
22,5,2200,29300,0001001011,75,0
22,6,2200,29300,0001001010,74,0
22,7,2200,29300,0001001011,75,0
22,8,2200,29300,0001001011,75,0
22,9,2200,29300,0001001010,74,0
22,10,2200,29300,0001001011,75,0
22,11,2200,29300,0001001011,75,0
22,12,2200,29300,0001001011,75,0
22,13,2200,29300,0001010011,83,0
22,14,2200,29300,0001010010,82,0
22,15,2200,29300,0001001010,74,0
22,16,2200,29300,0001001010,74,0
22,17,2200,29300,0001001011,75,0
22,18,2200,29300,0001001101,77,0
22,19,2200,29300,0001001101,77,0
23,0,2300,29200,0001001110,78,0
23,1,2300,29200,0001001110,78,0
23,2,2300,29200,0001001110,78,0
23,3,2300,29200,0001001110,78,0
23,4,2300,29200,0001001110,78,0
23,5,2300,29200,0001001101,77,0
23,6,2300,29200,0001001011,75,0
23,7,2300,29200,0001001011,75,0
23,8,2300,29200,0001001110,78,0
23,9,2300,29200,0001001011,75,0
23,10,2300,29200,0001001100,76,0
23,11,2300,29200,0001001011,75,0
23,12,2300,29200,0001001101,77,0
23,13,2300,29200,0001001110,78,0
23,14,2300,29200,0001001110,78,0
23,15,2300,29200,0001001110,78,0
23,16,2300,29200,0001001111,79,0
23,17,2300,29200,0001001101,77,0
23,18,2300,29200,0001010010,82,0
23,19,2300,29200,0001001110,78,0
24,0,2400,29100,0001010101,85,0
24,1,2400,29100,0001010011,83,0
24,2,2400,29100,0001010010,82,0
24,3,2400,29100,0001010011,83,0
24,4,2400,29100,0001010011,83,0
24,5,2400,29100,0001010100,84,0
24,6,2400,29100,0001010011,83,0
24,7,2400,29100,0001010010,82,0
24,8,2400,29100,0001010011,83,0
24,9,2400,29100,0001010010,82,0
24,10,2400,29100,0001010010,82,0
24,11,2400,29100,0001010011,83,0
24,12,2400,29100,0001010010,82,0
24,13,2400,29100,0001010010,82,0
24,14,2400,29100,0001010010,82,0
24,15,2400,29100,0001010010,82,0
24,16,2400,29100,0001001111,79,0
24,17,2400,29100,0001010010,82,0
24,18,2400,29100,0001010010,82,0
24,19,2400,29100,0001010010,82,0
25,0,2500,29000,0001010110,86,0
25,1,2500,29000,0001010110,86,0
25,2,2500,29000,0001010111,87,0
25,3,2500,29000,0001010111,87,0
25,4,2500,29000,0001010110,86,0
25,5,2500,29000,0001010110,86,0
25,6,2500,29000,0001011010,90,0
25,7,2500,29000,0001010111,87,0
25,8,2500,29000,0001010110,86,0
25,9,2500,29000,0001011110,94,0
25,10,2500,29000,0001011111,95,0
25,11,2500,29000,0001011110,94,0
25,12,2500,29000,0001011110,94,0
25,13,2500,29000,0001011001,89,0
25,14,2500,29000,0001011000,88,0
25,15,2500,29000,0001010110,86,0
25,16,2500,29000,0001010110,86,0
25,17,2500,29000,0001010110,86,0
25,18,2500,29000,0001010110,86,0
25,19,2500,29000,0001011000,88,0
26,0,2600,28900,0001011000,88,0
26,1,2600,28900,0001011001,89,0
26,2,2600,28900,0001011010,90,0
26,3,2600,28900,0001011010,90,0
26,4,2600,28900,0001011001,89,0
26,5,2600,28900,0001011000,88,0
26,6,2600,28900,0001011001,89,0
26,7,2600,28900,0001011000,88,0
26,8,2600,28900,0001011000,88,0
26,9,2600,28900,0001011000,88,0
26,10,2600,28900,0001011001,89,0
26,11,2600,28900,0001010110,86,0
26,12,2600,28900,0001010110,86,0
26,13,2600,28900,0001010110,86,0
26,14,2600,28900,0001010110,86,0
26,15,2600,28900,0001011000,88,0
26,16,2600,28900,0001011001,89,0
26,17,2600,28900,0001011000,88,0
26,18,2600,28900,0001011000,88,0
26,19,2600,28900,0001011000,88,0
27,0,2700,28800,0001011100,92,0
27,1,2700,28800,0001011100,92,0
27,2,2700,28800,0001011001,89,0
27,3,2700,28800,0001011001,89,0
27,4,2700,28800,0001011010,90,0
27,5,2700,28800,0001011001,89,0
27,6,2700,28800,0001011001,89,0
27,7,2700,28800,0001011100,92,0
27,8,2700,28800,0001011001,89,0
27,9,2700,28800,0001011100,92,0
27,10,2700,28800,0001011100,92,0
27,11,2700,28800,0001011100,92,0
27,12,2700,28800,0001011100,92,0
27,13,2700,28800,0001011100,92,0
27,14,2700,28800,0001011101,93,0
27,15,2700,28800,0001011100,92,0
27,16,2700,28800,0001011101,93,0
27,17,2700,28800,0001011101,93,0
27,18,2700,28800,0001011101,93,0
27,19,2700,28800,0001011101,93,0
28,0,2800,28700,0001011110,94,0
28,1,2800,28700,0001011110,94,0
28,2,2800,28700,0001011110,94,0
28,3,2800,28700,0001100000,96,0
28,4,2800,28700,0001011111,95,0
28,5,2800,28700,0001011111,95,0
28,6,2800,28700,0001100000,96,0
28,7,2800,28700,0001100010,98,0
28,8,2800,28700,0001100010,98,0
28,9,2800,28700,0001100000,96,0
28,10,2800,28700,0001100000,96,0
28,11,2800,28700,0001100000,96,0
28,12,2800,28700,0001100000,96,0
28,13,2800,28700,0001100000,96,0
28,14,2800,28700,0001100000,96,0
28,15,2800,28700,0001011111,95,0
28,16,2800,28700,0001100000,96,0
28,17,2800,28700,0001011101,93,0
28,18,2800,28700,0001011111,95,0
28,19,2800,28700,0001100000,96,0
29,0,2900,28600,0001100001,97,0
29,1,2900,28600,0001100000,96,0
29,2,2900,28600,0001100001,97,0
29,3,2900,28600,0001100000,96,0
29,4,2900,28600,0001100000,96,0
29,5,2900,28600,0001100000,96,0
29,6,2900,28600,0001100000,96,0
29,7,2900,28600,0001100000,96,0
29,8,2900,28600,0001100000,96,0
29,9,2900,28600,0001100000,96,0
29,10,2900,28600,0001100000,96,0
29,11,2900,28600,0001100000,96,0
29,12,2900,28600,0000111111,63,0
29,13,2900,28600,0001100000,96,0
29,14,2900,28600,0001100010,98,0
29,15,2900,28600,0001100000,96,0
29,16,2900,28600,0001100110,102,0
29,17,2900,28600,0001100010,98,0
29,18,2900,28600,0001100011,99,0
29,19,2900,28600,0001100000,96,0
30,0,3000,28500,0001100101,101,0
30,1,3000,28500,0001100100,100,0
30,2,3000,28500,0001100011,99,0
30,3,3000,28500,0001100011,99,0
30,4,3000,28500,0001100011,99,0
30,5,3000,28500,0001100011,99,0
30,6,3000,28500,0001100011,99,0
30,7,3000,28500,0001100100,100,0
30,8,3000,28500,0001100000,96,0
30,9,3000,28500,0001100001,97,0
30,10,3000,28500,0001100011,99,0
30,11,3000,28500,0001100011,99,0
30,12,3000,28500,0001100010,98,0
30,13,3000,28500,0001100010,98,0
30,14,3000,28500,0001100010,98,0
30,15,3000,28500,0001100010,98,0
30,16,3000,28500,0001100011,99,0
30,17,3000,28500,0001100011,99,0
30,18,3000,28500,0001100011,99,0
30,19,3000,28500,0001100011,99,0
31,0,3100,28400,0001100111,103,0
31,1,3100,28400,0001100110,102,0
31,2,3100,28400,0001100111,103,0
31,3,3100,28400,0001100111,103,0
31,4,3100,28400,0001100111,103,0
31,5,3100,28400,0001101010,106,0
31,6,3100,28400,0001100111,103,0
31,7,3100,28400,0001100110,102,0
31,8,3100,28400,0001101110,110,0
31,9,3100,28400,0001100111,103,0
31,10,3100,28400,0001100111,103,0
31,11,3100,28400,0001101010,106,0
31,12,3100,28400,0001101000,104,0
31,13,3100,28400,0001100111,103,0
31,14,3100,28400,0001100111,103,0
31,15,3100,28400,0001101000,104,0
31,16,3100,28400,0001100111,103,0
31,17,3100,28400,0001100111,103,0
31,18,3100,28400,0001100101,101,0
31,19,3100,28400,0001100110,102,0
32,0,3200,28300,0001101011,107,0
32,1,3200,28300,0001101011,107,0
32,2,3200,28300,0001101001,105,0
32,3,3200,28300,0001101100,108,0
32,4,3200,28300,0001101011,107,0
32,5,3200,28300,0001101010,106,0
32,6,3200,28300,0001101100,108,0
32,7,3200,28300,0001101100,108,0
32,8,3200,28300,0001101101,109,0
32,9,3200,28300,0001101101,109,0
32,10,3200,28300,0001101001,105,0
32,11,3200,28300,0001101010,106,0
32,12,3200,28300,0001101010,106,0
32,13,3200,28300,0001101001,105,0
32,14,3200,28300,0001101010,106,0
32,15,3200,28300,0001100111,103,0
32,16,3200,28300,0001101010,106,0
32,17,3200,28300,0001101001,105,0
32,18,3200,28300,0001101001,105,0
32,19,3200,28300,0001101010,106,0
33,0,3300,28200,0001101101,109,0
33,1,3300,28200,0001110110,118,0
33,2,3300,28200,0001110110,118,0
33,3,3300,28200,0001101111,111,0
33,4,3300,28200,0001101110,110,0
33,5,3300,28200,0001110001,113,0
33,6,3300,28200,0001101110,110,0
33,7,3300,28200,0001101110,110,0
33,8,3300,28200,0001101101,109,0
33,9,3300,28200,0001101110,110,0
33,10,3300,28200,0001101110,110,0
33,11,3300,28200,0001101110,110,0
33,12,3300,28200,0001101100,108,0
33,13,3300,28200,0001101011,107,0
33,14,3300,28200,0001101100,108,0
33,15,3300,28200,0001101110,110,0
33,16,3300,28200,0001101110,110,0
33,17,3300,28200,0001101110,110,0
33,18,3300,28200,0001110011,115,0
33,19,3300,28200,0001101111,111,0
34,0,3400,28100,0001110101,117,0
34,1,3400,28100,0001110010,114,0
34,2,3400,28100,0001110010,114,0
34,3,3400,28100,0001111001,121,0
34,4,3400,28100,0001111001,121,0
34,5,3400,28100,0001110011,115,0
34,6,3400,28100,0001110011,115,0
34,7,3400,28100,0001110011,115,0
34,8,3400,28100,0001110101,117,0
34,9,3400,28100,0001110010,114,0
34,10,3400,28100,0001110100,116,0
34,11,3400,28100,0001110011,115,0
34,12,3400,28100,0001110001,113,0
34,13,3400,28100,0001110010,114,0
34,14,3400,28100,0001110010,114,0
34,15,3400,28100,0001110010,114,0
34,16,3400,28100,0001110010,114,0
34,17,3400,28100,0001110010,114,0
34,18,3400,28100,0001110010,114,0
34,19,3400,28100,0001101111,111,0
35,0,3500,28000,0001110011,115,0
35,1,3500,28000,0001110101,117,0
35,2,3500,28000,0001110100,116,0
35,3,3500,28000,0001110101,117,0
35,4,3500,28000,0001110101,117,0
35,5,3500,28000,0001110110,118,0
35,6,3500,28000,0001111000,120,0
35,7,3500,28000,0001110110,118,0
35,8,3500,28000,0001111100,124,0
35,9,3500,28000,0001111101,125,0
35,10,3500,28000,0001111000,120,0
35,11,3500,28000,0001111000,120,0
35,12,3500,28000,0001110110,118,0
35,13,3500,28000,0001111000,120,0
35,14,3500,28000,0001111000,120,0
35,15,3500,28000,0001110110,118,0
35,16,3500,28000,0001110110,118,0
35,17,3500,28000,0001110101,117,0
35,18,3500,28000,0001110100,116,0
35,19,3500,28000,0001110010,114,0
36,0,3600,27900,0001111001,121,0
36,1,3600,27900,0001111001,121,0
36,2,3600,27900,0001111001,121,0
36,3,3600,27900,0001111001,121,0
36,4,3600,27900,0001111100,124,0
36,5,3600,27900,0001111010,122,0
36,6,3600,27900,0010000000,128,0
36,7,3600,27900,0001111111,127,0
36,8,3600,27900,0001111001,121,0
36,9,3600,27900,0001111001,121,0
36,10,3600,27900,0001111001,121,0
36,11,3600,27900,0001111100,124,0
36,12,3600,27900,0001111010,122,0
36,13,3600,27900,0001111001,121,0
36,14,3600,27900,0001111010,122,0
36,15,3600,27900,0001111000,120,0
36,16,3600,27900,0001111001,121,0
36,17,3600,27900,0001111000,120,0
36,18,3600,27900,0001111000,120,0
36,19,3600,27900,0001110110,118,0
37,0,3700,27800,0001111001,121,0
37,1,3700,27800,0001111100,124,0
37,2,3700,27800,0001111100,124,0
37,3,3700,27800,0001111101,125,0
37,4,3700,27800,0001111100,124,0
37,5,3700,27800,0001111100,124,0
37,6,3700,27800,0010000000,128,0
37,7,3700,27800,0010000010,130,0
37,8,3700,27800,0001111101,125,0
37,9,3700,27800,0001111100,124,0
37,10,3700,27800,0001111111,127,0
37,11,3700,27800,0001111111,127,0
37,12,3700,27800,0001111101,125,0
37,13,3700,27800,0001111100,124,0
37,14,3700,27800,0001111101,125,0
37,15,3700,27800,0001111100,124,0
37,16,3700,27800,0001111011,123,0
37,17,3700,27800,0001111100,124,0
37,18,3700,27800,0001111001,121,0
37,19,3700,27800,0001111100,124,0
38,0,3800,27700,0001111101,125,0
38,1,3800,27700,0001111111,127,0
38,2,3800,27700,0010000000,128,0
38,3,3800,27700,0001111101,125,0
38,4,3800,27700,0001111111,127,0
38,5,3800,27700,0001111111,127,0
38,6,3800,27700,0001111111,127,0
38,7,3800,27700,0001111111,127,0
38,8,3800,27700,0001111111,127,0
38,9,3800,27700,0010000110,134,0
38,10,3800,27700,0001111110,126,0
38,11,3800,27700,0010000001,129,0
38,12,3800,27700,0010000010,130,0
38,13,3800,27700,0001111111,127,0
38,14,3800,27700,0010000010,130,0
38,15,3800,27700,0001111111,127,0
38,16,3800,27700,0001111111,127,0
38,17,3800,27700,0010000000,128,0
38,18,3800,27700,0001111111,127,0
38,19,3800,27700,0010000000,128,0
39,0,3900,27600,0010000001,129,0
39,1,3900,27600,0010000000,128,0
39,2,3900,27600,0010000000,128,0
39,3,3900,27600,0010000001,129,0
39,4,3900,27600,0010000000,128,0
39,5,3900,27600,0010000001,129,0
39,6,3900,27600,0010000001,129,0
39,7,3900,27600,0010000100,132,0
39,8,3900,27600,0010000111,135,0
39,9,3900,27600,0010000111,135,0
39,10,3900,27600,0010000010,130,0
39,11,3900,27600,0010000010,130,0
39,12,3900,27600,0010000001,129,0
39,13,3900,27600,0010000011,131,0
39,14,3900,27600,0010000000,128,0
39,15,3900,27600,0010000001,129,0
39,16,3900,27600,0010000000,128,0
39,17,3900,27600,0010000000,128,0
39,18,3900,27600,0010000001,129,0
39,19,3900,27600,0010000000,128,0
40,0,4000,27500,0010000100,132,0
40,1,4000,27500,0010000101,133,0
40,2,4000,27500,0010000100,132,0
40,3,4000,27500,0010000101,133,0
40,4,4000,27500,0010111111,191,0
40,5,4000,27500,0010000011,131,0
40,6,4000,27500,0010000111,135,0
40,7,4000,27500,0010000101,133,0
40,8,4000,27500,0010000101,133,0
40,9,4000,27500,0010000110,134,0
40,10,4000,27500,0010000110,134,0
40,11,4000,27500,0010000100,132,0
40,12,4000,27500,0010000111,135,0
40,13,4000,27500,0010000111,135,0
40,14,4000,27500,0010000100,132,0
40,15,4000,27500,0010000111,135,0
40,16,4000,27500,0010000011,131,0
40,17,4000,27500,0010000100,132,0
40,18,4000,27500,0010000100,132,0
40,19,4000,27500,0010000011,131,0
41,0,4100,27400,0010001000,136,0
41,1,4100,27400,0010000111,135,0
41,2,4100,27400,0010000111,135,0
41,3,4100,27400,0010000111,135,0
41,4,4100,27400,0010001000,136,0
41,5,4100,27400,0010000111,135,0
41,6,4100,27400,0010000111,135,0
41,7,4100,27400,0010000101,133,0
41,8,4100,27400,0010000101,133,0
41,9,4100,27400,0010000111,135,0
41,10,4100,27400,0010000111,135,0
41,11,4100,27400,0010001000,136,0
41,12,4100,27400,0010001000,136,0
41,13,4100,27400,0010000111,135,0
41,14,4100,27400,0010001010,138,0
41,15,4100,27400,0010001110,142,0
41,16,4100,27400,0010001001,137,0
41,17,4100,27400,0010001000,136,0
41,18,4100,27400,0010001001,137,0
41,19,4100,27400,0010001010,138,0
42,0,4200,27300,0010001101,141,0
42,1,4200,27300,0010001011,139,0
42,2,4200,27300,0010001101,141,0
42,3,4200,27300,0010001100,140,0
42,4,4200,27300,0010001110,142,0
42,5,4200,27300,0010001100,140,0
42,6,4200,27300,0010001011,139,0
42,7,4200,27300,0010001011,139,0
42,8,4200,27300,0010001011,139,0
42,9,4200,27300,0010001010,138,0
42,10,4200,27300,0010001001,137,0
42,11,4200,27300,0010001000,136,0
42,12,4200,27300,0010001000,136,0
42,13,4200,27300,0010001010,138,0
42,14,4200,27300,0010001011,139,0
42,15,4200,27300,0010001011,139,0
42,16,4200,27300,0010001011,139,0
42,17,4200,27300,0010001011,139,0
42,18,4200,27300,0010001011,139,0
42,19,4200,27300,0010001110,142,0
43,0,4300,27200,0010001111,143,0
43,1,4300,27200,0010001111,143,0
43,2,4300,27200,0010010100,148,0
43,3,4300,27200,0010010000,144,0
43,4,4300,27200,0010010111,151,0
43,5,4300,27200,0010010010,146,0
43,6,4300,27200,0010001110,142,0
43,7,4300,27200,0010001110,142,0
43,8,4300,27200,0010010010,146,0
43,9,4300,27200,0010001111,143,0
43,10,4300,27200,0010001111,143,0
43,11,4300,27200,0010001111,143,0
43,12,4300,27200,0010001111,143,0
43,13,4300,27200,0010001100,140,0
43,14,4300,27200,0010001110,142,0
43,15,4300,27200,0010001100,140,0
43,16,4300,27200,0010001110,142,0
43,17,4300,27200,0010001110,142,0
43,18,4300,27200,0010001110,142,0
43,19,4300,27200,0010001110,142,0
44,0,4400,27100,0010010110,150,0
44,1,4400,27100,0010010011,147,0
44,2,4400,27100,0010010100,148,0
44,3,4400,27100,0010010100,148,0
44,4,4400,27100,0010010011,147,0
44,5,4400,27100,0010010011,147,0
44,6,4400,27100,0010010011,147,0
44,7,4400,27100,0010010011,147,0
44,8,4400,27100,0010001111,143,0
44,9,4400,27100,0010001111,143,0
44,10,4400,27100,0010010010,146,0
44,11,4400,27100,0010010011,147,0
44,12,4400,27100,0010010011,147,0
44,13,4400,27100,0010010010,146,0
44,14,4400,27100,0010010110,150,0
44,15,4400,27100,0010010110,150,0
44,16,4400,27100,0010011001,153,0
44,17,4400,27100,0010010100,148,0
44,18,4400,27100,0010010011,147,0
44,19,4400,27100,0010010101,149,0
45,0,4500,27000,0010010101,149,0
45,1,4500,27000,0010010100,148,0
45,2,4500,27000,0010010110,150,0
45,3,4500,27000,0010010100,148,0
45,4,4500,27000,0010010110,150,0
45,5,4500,27000,0010010110,150,0
45,6,4500,27000,0010010111,151,0
45,7,4500,27000,0010011001,153,0
45,8,4500,27000,0010010110,150,0
45,9,4500,27000,0010011101,157,0
45,10,4500,27000,0010010101,149,0
45,11,4500,27000,0010011001,153,0
45,12,4500,27000,0010010110,150,0
45,13,4500,27000,0010011000,152,0
45,14,4500,27000,0010010111,151,0
45,15,4500,27000,0010010110,150,0
45,16,4500,27000,0010010110,150,0
45,17,4500,27000,0010010101,149,0
45,18,4500,27000,0010010110,150,0
45,19,4500,27000,0010010110,150,0
46,0,4600,26900,0010100000,160,0
46,1,4600,26900,0010011001,153,0
46,2,4600,26900,0010011100,156,0
46,3,4600,26900,0010011100,156,0
46,4,4600,26900,0010011010,154,0
46,5,4600,26900,0010011010,154,0
46,6,4600,26900,0010011001,153,0
46,7,4600,26900,0010011001,153,0
46,8,4600,26900,0010011001,153,0
46,9,4600,26900,0010011010,154,0
46,10,4600,26900,0010010111,151,0
46,11,4600,26900,0010011000,152,0
46,12,4600,26900,0010011001,153,0
46,13,4600,26900,0010011011,155,0
46,14,4600,26900,0010011110,158,0
46,15,4600,26900,0010100000,160,0
46,16,4600,26900,0010011010,154,0
46,17,4600,26900,0010011001,153,0
46,18,4600,26900,0010011010,154,0
46,19,4600,26900,0010011100,156,0
47,0,4700,26800,0010011100,156,0
47,1,4700,26800,0010011110,158,0
47,2,4700,26800,0010011101,157,0
47,3,4700,26800,0010011100,156,0
47,4,4700,26800,0010011011,155,0
47,5,4700,26800,0010011101,157,0
47,6,4700,26800,0010011101,157,0
47,7,4700,26800,0010011010,154,0
47,8,4700,26800,0010011101,157,0
47,9,4700,26800,0010011100,156,0
47,10,4700,26800,0010011101,157,0
47,11,4700,26800,0010011110,158,0
47,12,4700,26800,0010011101,157,0
47,13,4700,26800,0010011101,157,0
47,14,4700,26800,0010100000,160,0
47,15,4700,26800,0010011101,157,0
47,16,4700,26800,0010100011,163,0
47,17,4700,26800,0010011110,158,0
47,18,4700,26800,0010100000,160,0
47,19,4700,26800,0010011101,157,0
48,0,4800,26700,0010100000,160,0
48,1,4800,26700,0010100000,160,0
48,2,4800,26700,0010100000,160,0
48,3,4800,26700,0010011111,159,0
48,4,4800,26700,0010100000,160,0
48,5,4800,26700,0010011111,159,0
48,6,4800,26700,0010100000,160,0
48,7,4800,26700,0010011110,158,0
48,8,4800,26700,0010100000,160,0
48,9,4800,26700,0010011111,159,0
48,10,4800,26700,0010100000,160,0
48,11,4800,26700,0010100000,160,0
48,12,4800,26700,0010011111,159,0
48,13,4800,26700,0010100010,162,0
48,14,4800,26700,0010100010,162,0
48,15,4800,26700,0010100000,160,0
48,16,4800,26700,0010100000,160,0
48,17,4800,26700,0010100000,160,0
48,18,4800,26700,0010100000,160,0
48,19,4800,26700,0010100000,160,0
49,0,4900,26600,0010100000,160,0
49,1,4900,26600,0010100001,161,0
49,2,4900,26600,0010100001,161,0
49,3,4900,26600,0010100100,164,0
49,4,4900,26600,0010100001,161,0
49,5,4900,26600,0010100010,162,0
49,6,4900,26600,0010100111,167,0
49,7,4900,26600,0010100010,162,0
49,8,4900,26600,0010100010,162,0
49,9,4900,26600,0010100001,161,0
49,10,4900,26600,0010100001,161,0
49,11,4900,26600,0010100000,160,0
49,12,4900,26600,0010100000,160,0
49,13,4900,26600,0010100011,163,0
49,14,4900,26600,0010100010,162,0
49,15,4900,26600,0010100000,160,0
49,16,4900,26600,0010100010,162,0
49,17,4900,26600,0010100001,161,0
49,18,4900,26600,0010100000,160,0
49,19,4900,26600,0010100001,161,0
50,0,5000,26500,0010100110,166,0
50,1,5000,26500,0010100110,166,0
50,2,5000,26500,0010100110,166,0
50,3,5000,26500,0010100100,164,0
50,4,5000,26500,0010100100,164,0
50,5,5000,26500,0010100011,163,0
50,6,5000,26500,0010100100,164,0
50,7,5000,26500,0010100100,164,0
50,8,5000,26500,0010100100,164,0
50,9,5000,26500,0010100011,163,0
50,10,5000,26500,0010100011,163,0
50,11,5000,26500,0010100001,161,0
50,12,5000,26500,0010100100,164,0
50,13,5000,26500,0010100011,163,0
50,14,5000,26500,0010100100,164,0
50,15,5000,26500,0010100011,163,0
50,16,5000,26500,0010100011,163,0
50,17,5000,26500,0010100101,165,0
50,18,5000,26500,0010100100,164,0
50,19,5000,26500,0010100101,165,0
51,0,5100,26400,0010101110,174,0
51,1,5100,26400,0010100111,167,0
51,2,5100,26400,0010101010,170,0
51,3,5100,26400,0010101001,169,0
51,4,5100,26400,0010101000,168,0
51,5,5100,26400,0010100111,167,0
51,6,5100,26400,0010100111,167,0
51,7,5100,26400,0010100111,167,0
51,8,5100,26400,0010100111,167,0
51,9,5100,26400,0010100111,167,0
51,10,5100,26400,0010100111,167,0
51,11,5100,26400,0010101000,168,0
51,12,5100,26400,0010100100,164,0
51,13,5100,26400,0010101000,168,0
51,14,5100,26400,0010100110,166,0
51,15,5100,26400,0010100110,166,0
51,16,5100,26400,0010100111,167,0
51,17,5100,26400,0010101000,168,0
51,18,5100,26400,0010100111,167,0
51,19,5100,26400,0010101011,171,0
52,0,5200,26300,0010101101,173,0
52,1,5200,26300,0010101010,170,0
52,2,5200,26300,0010101010,170,0
52,3,5200,26300,0010101100,172,0
52,4,5200,26300,0010101011,171,0
52,5,5200,26300,0010101010,170,0
52,6,5200,26300,0010101000,168,0
52,7,5200,26300,0010101011,171,0
52,8,5200,26300,0010101010,170,0
52,9,5200,26300,0010101010,170,0
52,10,5200,26300,0010101011,171,0
52,11,5200,26300,0010101100,172,0
52,12,5200,26300,0010101011,171,0
52,13,5200,26300,0010101100,172,0
52,14,5200,26300,0010110011,179,0
52,15,5200,26300,0010101101,173,0
52,16,5200,26300,0010101101,173,0
52,17,5200,26300,0010101101,173,0
52,18,5200,26300,0010101011,171,0
52,19,5200,26300,0010101011,171,0
53,0,5300,26200,0010101111,175,0
53,1,5300,26200,0010101111,175,0
53,2,5300,26200,0010101110,174,0
53,3,5300,26200,0010110100,180,0
53,4,5300,26200,0010101111,175,0
53,5,5300,26200,0010101111,175,0
53,6,5300,26200,0010110110,182,0
53,7,5300,26200,0010110000,176,0
53,8,5300,26200,0010110010,178,0
53,9,5300,26200,0010101111,175,0
53,10,5300,26200,0010110001,177,0
53,11,5300,26200,0010101111,175,0
53,12,5300,26200,0010101111,175,0
53,13,5300,26200,0010101110,174,0
53,14,5300,26200,0010101110,174,0
53,15,5300,26200,0010101111,175,0
53,16,5300,26200,0010101110,174,0
53,17,5300,26200,0010101100,172,0
53,18,5300,26200,0010101110,174,0
53,19,5300,26200,0010101101,173,0
54,0,5400,26100,0010111001,185,0
54,1,5400,26100,0010110100,180,0
54,2,5400,26100,0010110100,180,0
54,3,5400,26100,0010110101,181,0
54,4,5400,26100,0010110011,179,0
54,5,5400,26100,0010110100,180,0
54,6,5400,26100,0010110011,179,0
54,7,5400,26100,0010110010,178,0
54,8,5400,26100,0010110011,179,0
54,9,5400,26100,0010110010,178,0
54,10,5400,26100,0010110011,179,0
54,11,5400,26100,0010110010,178,0
54,12,5400,26100,0010101111,175,0
54,13,5400,26100,0010101111,175,0
54,14,5400,26100,0010110010,178,0
54,15,5400,26100,0010110011,179,0
54,16,5400,26100,0010110010,178,0
54,17,5400,26100,0010110100,180,0
54,18,5400,26100,0010110011,179,0
54,19,5400,26100,0010110100,180,0
55,0,5500,26000,0111111111,511,0
55,1,5500,26000,0010110110,182,0
55,2,5500,26000,0010110011,179,0
55,3,5500,26000,0010110100,180,0
55,4,5500,26000,0010110011,179,0
55,5,5500,26000,0010110110,182,0
55,6,5500,26000,0010110111,183,0
55,7,5500,26000,0010110110,182,0
55,8,5500,26000,0010111000,184,0
55,9,5500,26000,0010110110,182,0
55,10,5500,26000,0010111101,189,0
55,11,5500,26000,0010111000,184,0
55,12,5500,26000,0010110110,182,0
55,13,5500,26000,0010110101,181,0
55,14,5500,26000,0010110110,182,0
55,15,5500,26000,0010111000,184,0
55,16,5500,26000,0010111000,184,0
55,17,5500,26000,0010110111,183,0
55,18,5500,26000,0010110111,183,0
55,19,5500,26000,0010110110,182,0
56,0,5600,25900,0010111011,187,0
56,1,5600,25900,0010111001,185,0
56,2,5600,25900,0010111001,185,0
56,3,5600,25900,0010111001,185,0
56,4,5600,25900,0010111001,185,0
56,5,5600,25900,0010111001,185,0
56,6,5600,25900,0010110111,183,0
56,7,5600,25900,0010111001,185,0
56,8,5600,25900,0010111010,186,0
56,9,5600,25900,0010111010,186,0
56,10,5600,25900,0010111100,188,0
56,11,5600,25900,0011000000,192,0
56,12,5600,25900,0010111001,185,0
56,13,5600,25900,0010111100,188,0
56,14,5600,25900,0010111001,185,0
56,15,5600,25900,0010111001,185,0
56,16,5600,25900,0010111001,185,0
56,17,5600,25900,0010111001,185,0
56,18,5600,25900,0010111001,185,0
56,19,5600,25900,0010111001,185,0
57,0,5700,25800,0010111100,188,0
57,1,5700,25800,0010111110,190,0
57,2,5700,25800,0010111110,190,0
57,3,5700,25800,0010111101,189,0
57,4,5700,25800,0010111101,189,0
57,5,5700,25800,0010111101,189,0
57,6,5700,25800,0010111101,189,0
57,7,5700,25800,0010111100,188,0
57,8,5700,25800,0010111010,186,0
57,9,5700,25800,0010111101,189,0
57,10,5700,25800,0010111101,189,0
57,11,5700,25800,0010111110,190,0
57,12,5700,25800,0010111101,189,0
57,13,5700,25800,0010111100,188,0
57,14,5700,25800,0010111100,188,0
57,15,5700,25800,0011000010,194,0
57,16,5700,25800,0010111110,190,0
57,17,5700,25800,0010111101,189,0
57,18,5700,25800,0010111111,191,0
57,19,5700,25800,0011000000,192,0
58,0,5800,25700,0010111111,191,0
58,1,5800,25700,0010111110,190,0
58,2,5800,25700,0011000000,192,0
58,3,5800,25700,0011000000,192,0
58,4,5800,25700,0010111100,188,0
58,5,5800,25700,0011000000,192,0
58,6,5800,25700,0011000000,192,0
58,7,5800,25700,0010111111,191,0
58,8,5800,25700,0011000000,192,0
58,9,5800,25700,0010111111,191,0
58,10,5800,25700,0011000000,192,0
58,11,5800,25700,0010111111,191,0
58,12,5800,25700,0011000100,196,0
58,13,5800,25700,0011000000,192,0
58,14,5800,25700,0011000000,192,0
58,15,5800,25700,0011000000,192,0
58,16,5800,25700,0010111111,191,0
58,17,5800,25700,0011000000,192,0
58,18,5800,25700,0011000000,192,0
58,19,5800,25700,0010111111,191,0
59,0,5900,25600,0011000000,192,0
59,1,5900,25600,0011000001,193,0
59,2,5900,25600,0011000001,193,0
59,3,5900,25600,0011000011,195,0
59,4,5900,25600,0011000001,193,0
59,5,5900,25600,0011000111,199,0
59,6,5900,25600,0011000011,195,0
59,7,5900,25600,0011000001,193,0
59,8,5900,25600,0011000001,193,0
59,9,5900,25600,0011000011,195,0
59,10,5900,25600,0011000010,194,0
59,11,5900,25600,0011000001,193,0
59,12,5900,25600,0011000010,194,0
59,13,5900,25600,0011000011,195,0
59,14,5900,25600,0011000011,195,0
59,15,5900,25600,0011000001,193,0
59,16,5900,25600,0011000001,193,0
59,17,5900,25600,0011000001,193,0
59,18,5900,25600,0011000001,193,0
59,19,5900,25600,0011000000,192,0
60,0,6000,25500,0011000101,197,0
60,1,6000,25500,0011000101,197,0
60,2,6000,25500,0011000101,197,0
60,3,6000,25500,0011000110,198,0
60,4,6000,25500,0011000101,197,0
60,5,6000,25500,0011000100,196,0
60,6,6000,25500,0011000100,196,0
60,7,6000,25500,0011000100,196,0
60,8,6000,25500,0011000100,196,0
60,9,6000,25500,0011000101,197,0
60,10,6000,25500,0011000011,195,0
60,11,6000,25500,0011000100,196,0
60,12,6000,25500,0011000101,197,0
60,13,6000,25500,0011000010,194,0
60,14,6000,25500,0011000010,194,0
60,15,6000,25500,0011000010,194,0
60,16,6000,25500,0011000100,196,0
60,17,6000,25500,0011000100,196,0
60,18,6000,25500,0011000100,196,0
60,19,6000,25500,0011000100,196,0
61,0,6100,25400,0011001010,202,0
61,1,6100,25400,0011001000,200,0
61,2,6100,25400,0011001010,202,0
61,3,6100,25400,0011001000,200,0
61,4,6100,25400,0011001000,200,0
61,5,6100,25400,0011000111,199,0
61,6,6100,25400,0011000110,198,0
61,7,6100,25400,0011000110,198,0
61,8,6100,25400,0011000110,198,0
61,9,6100,25400,0011000110,198,0
61,10,6100,25400,0011001000,200,0
61,11,6100,25400,0011001000,200,0
61,12,6100,25400,0011000101,197,0
61,13,6100,25400,0011000110,198,0
61,14,6100,25400,0011001000,200,0
61,15,6100,25400,0011000111,199,0
61,16,6100,25400,0011001000,200,0
61,17,6100,25400,0011000111,199,0
61,18,6100,25400,0011001000,200,0
61,19,6100,25400,0011001000,200,0
62,0,6200,25300,0011001011,203,0
62,1,6200,25300,0011001011,203,0
62,2,6200,25300,0011001011,203,0
62,3,6200,25300,0011001100,204,0
62,4,6200,25300,0011001011,203,0
62,5,6200,25300,0011001100,204,0
62,6,6200,25300,0011001011,203,0
62,7,6200,25300,0011001011,203,0
62,8,6200,25300,0011001100,204,0
62,9,6200,25300,0011001111,207,0
62,10,6200,25300,0011010001,209,0
62,11,6200,25300,0011010000,208,0
62,12,6200,25300,0011001100,204,0
62,13,6200,25300,0011010011,211,0
62,14,6200,25300,0011010011,211,0
62,15,6200,25300,0011001110,206,0
62,16,6200,25300,0011001101,205,0
62,17,6200,25300,0011001011,203,0
62,18,6200,25300,0011001100,204,0
62,19,6200,25300,0011001110,206,0
63,0,6300,25200,0011001111,207,0
63,1,6300,25200,0011001111,207,0
63,2,6300,25200,0011001111,207,0
63,3,6300,25200,0011001111,207,0
63,4,6300,25200,0011001110,206,0
63,5,6300,25200,0011010000,208,0
63,6,6300,25200,0011001100,204,0
63,7,6300,25200,0011001111,207,0
63,8,6300,25200,0011001110,206,0
63,9,6300,25200,0011001110,206,0
63,10,6300,25200,0011001111,207,0
63,11,6300,25200,0011001111,207,0
63,12,6300,25200,0011001111,207,0
63,13,6300,25200,0011001111,207,0
63,14,6300,25200,0011010001,209,0
63,15,6300,25200,0011010001,209,0
63,16,6300,25200,0011010001,209,0
63,17,6300,25200,0011010001,209,0
63,18,6300,25200,0011001110,206,0
63,19,6300,25200,0011001111,207,0
64,0,6400,25100,0011010100,212,0
64,1,6400,25100,0011010011,211,0
64,2,6400,25100,0011010011,211,0
64,3,6400,25100,0011010011,211,0
64,4,6400,25100,0011010100,212,0
64,5,6400,25100,0011011001,217,0
64,6,6400,25100,0011011000,216,0
64,7,6400,25100,0011011001,217,0
64,8,6400,25100,0011011000,216,0
64,9,6400,25100,0011010101,213,0
64,10,6400,25100,0011010100,212,0
64,11,6400,25100,0011010100,212,0
64,12,6400,25100,0011010100,212,0
64,13,6400,25100,0011010101,213,0
64,14,6400,25100,0011010011,211,0
64,15,6400,25100,0011010011,211,0
64,16,6400,25100,0011010110,214,0
64,17,6400,25100,0011010101,213,0
64,18,6400,25100,0011010011,211,0
64,19,6400,25100,0011010101,213,0
65,0,6500,25000,0011011000,216,0
65,1,6500,25000,0011010110,214,0
65,2,6500,25000,0011010110,214,0
65,3,6500,25000,0011010111,215,0
65,4,6500,25000,0011010110,214,0
65,5,6500,25000,0011010111,215,0
65,6,6500,25000,0011010101,213,0
65,7,6500,25000,0011010110,214,0
65,8,6500,25000,0011010100,212,0
65,9,6500,25000,0011010110,214,0
65,10,6500,25000,0011010110,214,0
65,11,6500,25000,0011010111,215,0
65,12,6500,25000,0011010110,214,0
65,13,6500,25000,0011010110,214,0
65,14,6500,25000,0011010111,215,0
65,15,6500,25000,0011010110,214,0
65,16,6500,25000,0011010111,215,0
65,17,6500,25000,0011010110,214,0
65,18,6500,25000,0011010111,215,0
65,19,6500,25000,0011010110,214,0
66,0,6600,24900,0011010111,215,0
66,1,6600,24900,0011011001,217,0
66,2,6600,24900,0011011001,217,0
66,3,6600,24900,0011011010,218,0
66,4,6600,24900,0011011001,217,0
66,5,6600,24900,0011011001,217,0
66,6,6600,24900,0011011000,216,0
66,7,6600,24900,0011011000,216,0
66,8,6600,24900,0011011000,216,0
66,9,6600,24900,0011011010,218,0
66,10,6600,24900,0011011010,218,0
66,11,6600,24900,0011011010,218,0
66,12,6600,24900,0011011001,217,0
66,13,6600,24900,0011011010,218,0
66,14,6600,24900,0011011011,219,0
66,15,6600,24900,0011011010,218,0
66,16,6600,24900,0011011010,218,0
66,17,6600,24900,0011011010,218,0
66,18,6600,24900,0011011110,222,0
66,19,6600,24900,0011011110,222,0
67,0,6700,24800,0011100000,224,0
67,1,6700,24800,0011011101,221,0
67,2,6700,24800,0011100010,226,0
67,3,6700,24800,0011100010,226,0
67,4,6700,24800,0011100001,225,0
67,5,6700,24800,0011100010,226,0
67,6,6700,24800,0011100001,225,0
67,7,6700,24800,0011011110,222,0
67,8,6700,24800,0011011110,222,0
67,9,6700,24800,0011011101,221,0
67,10,6700,24800,0011100000,224,0
67,11,6700,24800,0011100000,224,0
67,12,6700,24800,0011011100,220,0
67,13,6700,24800,0011011101,221,0
67,14,6700,24800,0011100000,224,0
67,15,6700,24800,0011011101,221,0
67,16,6700,24800,0011011101,221,0
67,17,6700,24800,0011011101,221,0
67,18,6700,24800,0011011100,220,0
67,19,6700,24800,0011011101,221,0
68,0,6800,24700,0011011111,223,0
68,1,6800,24700,0011100000,224,0
68,2,6800,24700,0011100000,224,0
68,3,6800,24700,0011100000,224,0
68,4,6800,24700,0011100000,224,0
68,5,6800,24700,0011011111,223,0
68,6,6800,24700,0011100000,224,0
68,7,6800,24700,0011100000,224,0
68,8,6800,24700,0011100000,224,0
68,9,6800,24700,0011100000,224,0
68,10,6800,24700,0011011110,222,0
68,11,6800,24700,0011011101,221,0
68,12,6800,24700,0011100000,224,0
68,13,6800,24700,0011100000,224,0
68,14,6800,24700,0011100000,224,0
68,15,6800,24700,0011100000,224,0
68,16,6800,24700,0011100000,224,0
68,17,6800,24700,0011100000,224,0
68,18,6800,24700,0011100000,224,0
68,19,6800,24700,0011100000,224,0
69,0,6900,24600,0011100000,224,0
69,1,6900,24600,0011100000,224,0
69,2,6900,24600,0011100001,225,0
69,3,6900,24600,0011100001,225,0
69,4,6900,24600,0011100000,224,0
69,5,6900,24600,0011100000,224,0
69,6,6900,24600,0011100001,225,0
69,7,6900,24600,0011100001,225,0
69,8,6900,24600,0011100000,224,0
69,9,6900,24600,0011100000,224,0
69,10,6900,24600,0011100001,225,0
69,11,6900,24600,0011100000,224,0
69,12,6900,24600,0011100001,225,0
69,13,6900,24600,0011100010,226,0
69,14,6900,24600,0011100010,226,0
69,15,6900,24600,0011100001,225,0
69,16,6900,24600,0011100001,225,0
69,17,6900,24600,0011100100,228,0
69,18,6900,24600,0011100001,225,0
69,19,6900,24600,0011100010,226,0
70,0,7000,24500,0011100100,228,0
70,1,7000,24500,0011100110,230,0
70,2,7000,24500,0011100110,230,0
70,3,7000,24500,0011100110,230,0
70,4,7000,24500,0011100100,228,0
70,5,7000,24500,0011100100,228,0
70,6,7000,24500,0011100110,230,0
70,7,7000,24500,0011100110,230,0
70,8,7000,24500,0011100101,229,0
70,9,7000,24500,0011100101,229,0
70,10,7000,24500,0011100101,229,0
70,11,7000,24500,0011100101,229,0
70,12,7000,24500,0011100011,227,0
70,13,7000,24500,0011100100,228,0
70,14,7000,24500,0011100100,228,0
70,15,7000,24500,0011100100,228,0
70,16,7000,24500,0011100100,228,0
70,17,7000,24500,0011100100,228,0
70,18,7000,24500,0011100100,228,0
70,19,7000,24500,0011100011,227,0
71,0,7100,24400,0011101010,234,0
71,1,7100,24400,0011101010,234,0
71,2,7100,24400,0011101010,234,0
71,3,7100,24400,0011100111,231,0
71,4,7100,24400,0011100111,231,0
71,5,7100,24400,0011100111,231,0
71,6,7100,24400,0011101001,233,0
71,7,7100,24400,0011101000,232,0
71,8,7100,24400,0011101000,232,0
71,9,7100,24400,0011101000,232,0
71,10,7100,24400,0011101000,232,0
71,11,7100,24400,0011101000,232,0
71,12,7100,24400,0011101000,232,0
71,13,7100,24400,0011101000,232,0
71,14,7100,24400,0011101000,232,0
71,15,7100,24400,0011100111,231,0
71,16,7100,24400,0011101000,232,0
71,17,7100,24400,0011101000,232,0
71,18,7100,24400,0011100111,231,0
71,19,7100,24400,0011100110,230,0
72,0,7200,24300,0011101010,234,0
72,1,7200,24300,0011101011,235,0
72,2,7200,24300,0011101011,235,0
72,3,7200,24300,0011101011,235,0
72,4,7200,24300,0011101011,235,0
72,5,7200,24300,0011101100,236,0
72,6,7200,24300,0011101100,236,0
72,7,7200,24300,0011101100,236,0
72,8,7200,24300,0011101011,235,0
72,9,7200,24300,0011101111,239,0
72,10,7200,24300,0011101111,239,0
72,11,7200,24300,0011101100,236,0
72,12,7200,24300,0011101100,236,0
72,13,7200,24300,0011101100,236,0
72,14,7200,24300,0011101100,236,0
72,15,7200,24300,0011110010,242,0
72,16,7200,24300,0011101100,236,0
72,17,7200,24300,0011101110,238,0
72,18,7200,24300,0011101101,237,0
72,19,7200,24300,0011101100,236,0
73,0,7300,24200,0011101110,238,0
73,1,7300,24200,0011101110,238,0
73,2,7300,24200,0011101111,239,0
73,3,7300,24200,0011101111,239,0
73,4,7300,24200,0011101111,239,0
73,5,7300,24200,0011101111,239,0
73,6,7300,24200,0011101111,239,0
73,7,7300,24200,0011101111,239,0
73,8,7300,24200,0011101111,239,0
73,9,7300,24200,0011101110,238,0
73,10,7300,24200,0011101110,238,0
73,11,7300,24200,0011101111,239,0
73,12,7300,24200,0011101111,239,0
73,13,7300,24200,0011101101,237,0
73,14,7300,24200,0011101110,238,0
73,15,7300,24200,0011101101,237,0
73,16,7300,24200,0011101111,239,0
73,17,7300,24200,0011101110,238,0
73,18,7300,24200,0011101110,238,0
73,19,7300,24200,0011101111,239,0
74,0,7400,24100,0011111001,249,0
74,1,7400,24100,0011111001,249,0
74,2,7400,24100,0011111001,249,0
74,3,7400,24100,0011110100,244,0
74,4,7400,24100,0011110100,244,0
74,5,7400,24100,0011110011,243,0
74,6,7400,24100,0011110011,243,0
74,7,7400,24100,0011110101,245,0
74,8,7400,24100,0011110101,245,0
74,9,7400,24100,0011110101,245,0
74,10,7400,24100,0011110101,245,0
74,11,7400,24100,0011110100,244,0
74,12,7400,24100,0011110100,244,0
74,13,7400,24100,0011110100,244,0
74,14,7400,24100,0011110011,243,0
74,15,7400,24100,0011110010,242,0
74,16,7400,24100,0011110011,243,0
74,17,7400,24100,0011110010,242,0
74,18,7400,24100,0011110010,242,0
74,19,7400,24100,0011110011,243,0
75,0,7500,24000,0011110110,246,0
75,1,7500,24000,0011110100,244,0
75,2,7500,24000,0011110100,244,0
75,3,7500,24000,0011110100,244,0
75,4,7500,24000,0011110110,246,0
75,5,7500,24000,0011110110,246,0
75,6,7500,24000,0011110110,246,0
75,7,7500,24000,0011110110,246,0
75,8,7500,24000,0011110111,247,0
75,9,7500,24000,0011110111,247,0
75,10,7500,24000,0011110110,246,0
75,11,7500,24000,0011110110,246,0
75,12,7500,24000,0011111001,249,0
75,13,7500,24000,0011110111,247,0
75,14,7500,24000,0011110111,247,0
75,15,7500,24000,0011111100,252,0
75,16,7500,24000,0011111101,253,0
75,17,7500,24000,0011111000,248,0
75,18,7500,24000,0011110110,246,0
75,19,7500,24000,0011111001,249,0
76,0,7600,23900,0011111010,250,0
76,1,7600,23900,0011111010,250,0
76,2,7600,23900,0011111011,251,0
76,3,7600,23900,0011111001,249,0
76,4,7600,23900,0011111010,250,0
76,5,7600,23900,0011111001,249,0
76,6,7600,23900,0011111010,250,0
76,7,7600,23900,0011111010,250,0
76,8,7600,23900,0011111010,250,0
76,9,7600,23900,0011111001,249,0
76,10,7600,23900,0011111010,250,0
76,11,7600,23900,0011111001,249,0
76,12,7600,23900,0011111010,250,0
76,13,7600,23900,0011111010,250,0
76,14,7600,23900,0011111001,249,0
76,15,7600,23900,0011111010,250,0
76,16,7600,23900,0011111010,250,0
76,17,7600,23900,0011111100,252,0
76,18,7600,23900,0011111010,250,0
76,19,7600,23900,0011111010,250,0
77,0,7700,23800,0011111101,253,0
77,1,7700,23800,0011111101,253,0
77,2,7700,23800,0011111101,253,0
77,3,7700,23800,0011111110,254,0
77,4,7700,23800,0011111101,253,0
77,5,7700,23800,0011111110,254,0
77,6,7700,23800,0011111101,253,0
77,7,7700,23800,0011111110,254,0
77,8,7700,23800,0011111100,252,0
77,9,7700,23800,0011111100,252,0
77,10,7700,23800,0011111100,252,0
77,11,7700,23800,0011111100,252,0
77,12,7700,23800,0011111110,254,0
77,13,7700,23800,0011111110,254,0
77,14,7700,23800,0011111101,253,0
77,15,7700,23800,0011111101,253,0
77,16,7700,23800,0011111011,251,0
77,17,7700,23800,0011111011,251,0
77,18,7700,23800,0011111010,250,0
77,19,7700,23800,0011111101,253,0
78,0,7800,23700,0100000000,256,0
78,1,7800,23700,0100000000,256,0
78,2,7800,23700,0011111110,254,0
78,3,7800,23700,0011111110,254,0
78,4,7800,23700,0100000000,256,0
78,5,7800,23700,0100000000,256,0
78,6,7800,23700,0100000000,256,0
78,7,7800,23700,0011111110,254,0
78,8,7800,23700,0011111110,254,0
78,9,7800,23700,0100000000,256,0
78,10,7800,23700,0100000000,256,0
78,11,7800,23700,0100000000,256,0
78,12,7800,23700,0100000000,256,0
78,13,7800,23700,0100000000,256,0
78,14,7800,23700,0100000000,256,0
78,15,7800,23700,0100000000,256,0
78,16,7800,23700,0011111111,255,0
78,17,7800,23700,0100000000,256,0
78,18,7800,23700,0011111111,255,0
78,19,7800,23700,0100000011,259,0
79,0,7900,23600,0100000011,259,0
79,1,7900,23600,0100000011,259,0
79,2,7900,23600,0100000011,259,0
79,3,7900,23600,0100000011,259,0
79,4,7900,23600,0100000011,259,0
79,5,7900,23600,0100000010,258,0
79,6,7900,23600,0100000010,258,0
79,7,7900,23600,0100000010,258,0
79,8,7900,23600,0100000110,262,0
79,9,7900,23600,0100000100,260,0
79,10,7900,23600,0100001000,264,0
79,11,7900,23600,0100000100,260,0
79,12,7900,23600,0100000100,260,0
79,13,7900,23600,0100000010,258,0
79,14,7900,23600,0100000010,258,0
79,15,7900,23600,0100000100,260,0
79,16,7900,23600,0100000101,261,0
79,17,7900,23600,0100000100,260,0
79,18,7900,23600,0100000011,259,0
79,19,7900,23600,0100000100,260,0
80,0,8000,23500,0100000110,262,0
80,1,8000,23500,0100000110,262,0
80,2,8000,23500,0100000110,262,0
80,3,8000,23500,0100000110,262,0
80,4,8000,23500,0100000110,262,0
80,5,8000,23500,0100000101,261,0
80,6,8000,23500,0100000110,262,0
80,7,8000,23500,0100000100,260,0
80,8,8000,23500,0100000100,260,0
80,9,8000,23500,0100000011,259,0
80,10,8000,23500,0100000100,260,0
80,11,8000,23500,0100000110,262,0
80,12,8000,23500,0100000110,262,0
80,13,8000,23500,0100000100,260,0
80,14,8000,23500,0100000101,261,0
80,15,8000,23500,0100000100,260,0
80,16,8000,23500,0100000110,262,0
80,17,8000,23500,0100000110,262,0
80,18,8000,23500,0100000101,261,0
80,19,8000,23500,0100000110,262,0
81,0,8100,23400,0100001001,265,0
81,1,8100,23400,0100001001,265,0
81,2,8100,23400,0100001001,265,0
81,3,8100,23400,0100001001,265,0
81,4,8100,23400,0100001001,265,0
81,5,8100,23400,0100001001,265,0
81,6,8100,23400,0100001001,265,0
81,7,8100,23400,0100001001,265,0
81,8,8100,23400,0100001100,268,0
81,9,8100,23400,0100001011,267,0
81,10,8100,23400,0100001001,265,0
81,11,8100,23400,0100001001,265,0
81,12,8100,23400,0100001110,270,0
81,13,8100,23400,0100001110,270,0
81,14,8100,23400,0100001010,266,0
81,15,8100,23400,0100001011,267,0
81,16,8100,23400,0100001001,265,0
81,17,8100,23400,0100001001,265,0
81,18,8100,23400,0100001001,265,0
81,19,8100,23400,0100001001,265,0
82,0,8200,23300,0100001101,269,0
82,1,8200,23300,0100001101,269,0
82,2,8200,23300,0100001101,269,0
82,3,8200,23300,0100001110,270,0
82,4,8200,23300,0100001111,271,0
82,5,8200,23300,0100001101,269,0
82,6,8200,23300,0100001101,269,0
82,7,8200,23300,0100001101,269,0
82,8,8200,23300,0100001100,268,0
82,9,8200,23300,0100001101,269,0
82,10,8200,23300,0100001011,267,0
82,11,8200,23300,0100001011,267,0
82,12,8200,23300,0100001100,268,0
82,13,8200,23300,0100001100,268,0
82,14,8200,23300,0100001011,267,0
82,15,8200,23300,0100001011,267,0
82,16,8200,23300,0100001101,269,0
82,17,8200,23300,0100001101,269,0
82,18,8200,23300,0100001100,268,0
82,19,8200,23300,0100001101,269,0
83,0,8300,23200,0100001111,271,0
83,1,8300,23200,0100001111,271,0
83,2,8300,23200,0100010001,273,0
83,3,8300,23200,0100010001,273,0
83,4,8300,23200,0100010000,272,0
83,5,8300,23200,0100010001,273,0
83,6,8300,23200,0100010001,273,0
83,7,8300,23200,0100010010,274,0
83,8,8300,23200,0100010010,274,0
83,9,8300,23200,0100010001,273,0
83,10,8300,23200,0100010001,273,0
83,11,8300,23200,0100010001,273,0
83,12,8300,23200,0100010100,276,0
83,13,8300,23200,0100010010,274,0
83,14,8300,23200,0100010001,273,0
83,15,8300,23200,0100010110,278,0
83,16,8300,23200,0100010111,279,0
83,17,8300,23200,0100010010,274,0
83,18,8300,23200,0100010001,273,0
83,19,8300,23200,0100010001,273,0
84,0,8400,23100,0100010011,275,0
84,1,8400,23100,0100010100,276,0
84,2,8400,23100,0100010100,276,0
84,3,8400,23100,0100010100,276,0
84,4,8400,23100,0100010100,276,0
84,5,8400,23100,0100010100,276,0
84,6,8400,23100,0100010100,276,0
84,7,8400,23100,0100010100,276,0
84,8,8400,23100,0100010100,276,0
84,9,8400,23100,0100010100,276,0
84,10,8400,23100,0100010100,276,0
84,11,8400,23100,0100010100,276,0
84,12,8400,23100,0100010010,274,0
84,13,8400,23100,0100010010,274,0
84,14,8400,23100,0100010100,276,0
84,15,8400,23100,0100010100,276,0
84,16,8400,23100,0100010100,276,0
84,17,8400,23100,0100010100,276,0
84,18,8400,23100,0100010011,275,0
84,19,8400,23100,0100010100,276,0
85,0,8500,23000,0100011000,280,0
85,1,8500,23000,0100011000,280,0
85,2,8500,23000,0100011000,280,0
85,3,8500,23000,0100010110,278,0
85,4,8500,23000,0100010110,278,0
85,5,8500,23000,0100010111,279,0
85,6,8500,23000,0100010111,279,0
85,7,8500,23000,0100011000,280,0
85,8,8500,23000,0100011000,280,0
85,9,8500,23000,0100011000,280,0
85,10,8500,23000,0100011000,280,0
85,11,8500,23000,0100011000,280,0
85,12,8500,23000,0100011000,280,0
85,13,8500,23000,0100011000,280,0
85,14,8500,23000,0100011010,282,0
85,15,8500,23000,0100011011,283,0
85,16,8500,23000,0100011010,282,0
85,17,8500,23000,0100011000,280,0
85,18,8500,23000,0100011000,280,0
85,19,8500,23000,0100011000,280,0
86,0,8600,22900,0100011011,283,0
86,1,8600,22900,0100011011,283,0
86,2,8600,22900,0100011011,283,0
86,3,8600,22900,0100011011,283,0
86,4,8600,22900,0100011100,284,0
86,5,8600,22900,0100011100,284,0
86,6,8600,22900,0100011011,283,0
86,7,8600,22900,0100011111,287,0
86,8,8600,22900,0100011111,287,0
86,9,8600,22900,0100011011,283,0
86,10,8600,22900,0100100000,288,0
86,11,8600,22900,0100011100,284,0
86,12,8600,22900,0100011100,284,0
86,13,8600,22900,0100011011,283,0
86,14,8600,22900,0100011011,283,0
86,15,8600,22900,0100011011,283,0
86,16,8600,22900,0100011011,283,0
86,17,8600,22900,0100011110,286,0
86,18,8600,22900,0100011100,284,0
86,19,8600,22900,0100011101,285,0
87,0,8700,22800,0100011101,285,0
87,1,8700,22800,0100011111,287,0
87,2,8700,22800,0100011110,286,0
87,3,8700,22800,0100011111,287,0
87,4,8700,22800,0100011111,287,0
87,5,8700,22800,0100011100,284,0
87,6,8700,22800,0100011111,287,0
87,7,8700,22800,0100011110,286,0
87,8,8700,22800,0100011111,287,0
87,9,8700,22800,0100011111,287,0
87,10,8700,22800,0100011111,287,0
87,11,8700,22800,0100011110,286,0
87,12,8700,22800,0100011111,287,0
87,13,8700,22800,0100011110,286,0
87,14,8700,22800,0100011111,287,0
87,15,8700,22800,0100011111,287,0
87,16,8700,22800,0100011111,287,0
87,17,8700,22800,0100011111,287,0
87,18,8700,22800,0100011110,286,0
87,19,8700,22800,0100100000,288,0
88,0,8800,22700,0100100000,288,0
88,1,8800,22700,0100100000,288,0
88,2,8800,22700,0100100000,288,0
88,3,8800,22700,0100100000,288,0
88,4,8800,22700,0100100011,291,0
88,5,8800,22700,0100100011,291,0
88,6,8800,22700,0100100011,291,0
88,7,8800,22700,0100100000,288,0
88,8,8800,22700,0100100000,288,0
88,9,8800,22700,0100100000,288,0
88,10,8800,22700,0100100000,288,0
88,11,8800,22700,0100100000,288,0
88,12,8800,22700,0100100000,288,0
88,13,8800,22700,0100100000,288,0
88,14,8800,22700,0100100000,288,0
88,15,8800,22700,0100100000,288,0
88,16,8800,22700,0100100000,288,0
88,17,8800,22700,0100100000,288,0
88,18,8800,22700,0100100000,288,0
88,19,8800,22700,0100100000,288,0
89,0,8900,22600,0100100011,291,0
89,1,8900,22600,0100100010,290,0
89,2,8900,22600,0100100011,291,0
89,3,8900,22600,0100100010,290,0
89,4,8900,22600,0100100011,291,0
89,5,8900,22600,0100100001,289,0
89,6,8900,22600,0100100001,289,0
89,7,8900,22600,0100100011,291,0
89,8,8900,22600,0100100010,290,0
89,9,8900,22600,0100100010,290,0
89,10,8900,22600,0100100011,291,0
89,11,8900,22600,0100100001,289,0
89,12,8900,22600,0100100000,288,0
89,13,8900,22600,0100100010,290,0
89,14,8900,22600,0100100010,290,0
89,15,8900,22600,0100100010,290,0
89,16,8900,22600,0100100010,290,0
89,17,8900,22600,0100100010,290,0
89,18,8900,22600,0100100010,290,0
89,19,8900,22600,0100100010,290,0
90,0,9000,22500,0100100101,293,0
90,1,9000,22500,0100101000,296,0
90,2,9000,22500,0100101001,297,0
90,3,9000,22500,0100100110,294,0
90,4,9000,22500,0100100110,294,0
90,5,9000,22500,0100100110,294,0
90,6,9000,22500,0100100111,295,0
90,7,9000,22500,0100100111,295,0
90,8,9000,22500,0100100111,295,0
90,9,9000,22500,0100100110,294,0
90,10,9000,22500,0100100111,295,0
90,11,9000,22500,0100100110,294,0
90,12,9000,22500,0100101000,296,0
90,13,9000,22500,0100100111,295,0
90,14,9000,22500,0100100111,295,0
90,15,9000,22500,0100101000,296,0
90,16,9000,22500,0100100110,294,0
90,17,9000,22500,0100100110,294,0
90,18,9000,22500,0100100110,294,0
90,19,9000,22500,0100100110,294,0
91,0,9100,22400,0100101011,299,0
91,1,9100,22400,0100101001,297,0
91,2,9100,22400,0100101011,299,0
91,3,9100,22400,0100101011,299,0
91,4,9100,22400,0100101011,299,0
91,5,9100,22400,0100101010,298,0
91,6,9100,22400,0100101001,297,0
91,7,9100,22400,0100101001,297,0
91,8,9100,22400,0100101001,297,0
91,9,9100,22400,0100101001,297,0
91,10,9100,22400,0100101000,296,0
91,11,9100,22400,0100101000,296,0
91,12,9100,22400,0100101001,297,0
91,13,9100,22400,0100100111,295,0
91,14,9100,22400,0100100111,295,0
91,15,9100,22400,0100101000,296,0
91,16,9100,22400,0100101001,297,0
91,17,9100,22400,0100101001,297,0
91,18,9100,22400,0100101001,297,0
91,19,9100,22400,0100101000,296,0
92,0,9200,22300,0100101101,301,0
92,1,9200,22300,0100101101,301,0
92,2,9200,22300,0100101100,300,0
92,3,9200,22300,0100101101,301,0
92,4,9200,22300,0100101100,300,0
92,5,9200,22300,0100101011,299,0
92,6,9200,22300,0100101011,299,0
92,7,9200,22300,0100101100,300,0
92,8,9200,22300,0100101100,300,0
92,9,9200,22300,0100101100,300,0
92,10,9200,22300,0100101100,300,0
92,11,9200,22300,0100101011,299,0
92,12,9200,22300,0100101011,299,0
92,13,9200,22300,0100101100,300,0
92,14,9200,22300,0100101100,300,0
92,15,9200,22300,0100101100,300,0
92,16,9200,22300,0100101100,300,0
92,17,9200,22300,0100101100,300,0
92,18,9200,22300,0100101101,301,0
92,19,9200,22300,0100101101,301,0
93,0,9300,22200,0100101110,302,0
93,1,9300,22200,0100101110,302,0
93,2,9300,22200,0100101110,302,0
93,3,9300,22200,0100101110,302,0
93,4,9300,22200,0100101111,303,0
93,5,9300,22200,0100101111,303,0
93,6,9300,22200,0100110000,304,0
93,7,9300,22200,0100110001,305,0
93,8,9300,22200,0100110001,305,0
93,9,9300,22200,0100110000,304,0
93,10,9300,22200,0100110000,304,0
93,11,9300,22200,0100110000,304,0
93,12,9300,22200,0100101111,303,0
93,13,9300,22200,0100101111,303,0
93,14,9300,22200,0100101111,303,0
93,15,9300,22200,0100101111,303,0
93,16,9300,22200,0100101111,303,0
93,17,9300,22200,0100110001,305,0
93,18,9300,22200,0100101111,303,0
93,19,9300,22200,0100110001,305,0
94,0,9400,22100,0100110101,309,0
94,1,9400,22100,0100110100,308,0
94,2,9400,22100,0100110100,308,0
94,3,9400,22100,0100110100,308,0
94,4,9400,22100,0100110100,308,0
94,5,9400,22100,0100110100,308,0
94,6,9400,22100,0100110010,306,0
94,7,9400,22100,0100110100,308,0
94,8,9400,22100,0100110100,308,0
94,9,9400,22100,0100110100,308,0
94,10,9400,22100,0100110100,308,0
94,11,9400,22100,0100110011,307,0
94,12,9400,22100,0100110111,311,0
94,13,9400,22100,0100110100,308,0
94,14,9400,22100,0100110101,309,0
94,15,9400,22100,0100111001,313,0
94,16,9400,22100,0100110101,309,0
94,17,9400,22100,0100110101,309,0
94,18,9400,22100,0100110101,309,0
94,19,9400,22100,0100110100,308,0
95,0,9500,22000,0100111011,315,0
95,1,9500,22000,0100111000,312,0
95,2,9500,22000,0100111001,313,0
95,3,9500,22000,0100111000,312,0
95,4,9500,22000,0100111000,312,0
95,5,9500,22000,0100111000,312,0
95,6,9500,22000,0100111101,317,0
95,7,9500,22000,0100111101,317,0
95,8,9500,22000,0100111101,317,0
95,9,9500,22000,0100111101,317,0
95,10,9500,22000,0100111010,314,0
95,11,9500,22000,0100111000,312,0
95,12,9500,22000,0100110111,311,0
95,13,9500,22000,0100111000,312,0
95,14,9500,22000,0100111010,314,0
95,15,9500,22000,0100111001,313,0
95,16,9500,22000,0100111000,312,0
95,17,9500,22000,0100111000,312,0
95,18,9500,22000,0100111000,312,0
95,19,9500,22000,0100111000,312,0
96,0,9600,21900,0100111010,314,0
96,1,9600,21900,0100111010,314,0
96,2,9600,21900,0100111011,315,0
96,3,9600,21900,0100111010,314,0
96,4,9600,21900,0100111011,315,0
96,5,9600,21900,0100111011,315,0
96,6,9600,21900,0100111001,313,0
96,7,9600,21900,0100111000,312,0
96,8,9600,21900,0100111001,313,0
96,9,9600,21900,0100111001,313,0
96,10,9600,21900,0100111011,315,0
96,11,9600,21900,0100111011,315,0
96,12,9600,21900,0100111011,315,0
96,13,9600,21900,0100111010,314,0
96,14,9600,21900,0100111010,314,0
96,15,9600,21900,0100111011,315,0
96,16,9600,21900,0100111011,315,0
96,17,9600,21900,0100111011,315,0
96,18,9600,21900,0100111011,315,0
96,19,9600,21900,0100111100,316,0
97,0,9700,21800,0100111110,318,0
97,1,9700,21800,0100111111,319,0
97,2,9700,21800,0100111110,318,0
97,3,9700,21800,0100111111,319,0
97,4,9700,21800,0100111111,319,0
97,5,9700,21800,0100111111,319,0
97,6,9700,21800,0100111110,318,0
97,7,9700,21800,0100111111,319,0
97,8,9700,21800,0101000000,320,0
97,9,9700,21800,0100111110,318,0
97,10,9700,21800,0100111110,318,0
97,11,9700,21800,0100111110,318,0
97,12,9700,21800,0101000000,320,0
97,13,9700,21800,0101000000,320,0
97,14,9700,21800,0100111110,318,0
97,15,9700,21800,0100111111,319,0
97,16,9700,21800,0100111111,319,0
97,17,9700,21800,0100111110,318,0
97,18,9700,21800,0100111110,318,0
97,19,9700,21800,0100111110,318,0
98,0,9800,21700,0101000000,320,0
98,1,9800,21700,0101000000,320,0
98,2,9800,21700,0101000000,320,0
98,3,9800,21700,0101000000,320,0
98,4,9800,21700,0101000000,320,0
98,5,9800,21700,0101000000,320,0
98,6,9800,21700,0101000000,320,0
98,7,9800,21700,0101000001,321,0
98,8,9800,21700,0101000001,321,0
98,9,9800,21700,0101000001,321,0
98,10,9800,21700,0101000000,320,0
98,11,9800,21700,0101000000,320,0
98,12,9800,21700,0101000011,323,0
98,13,9800,21700,0101000011,323,0
98,14,9800,21700,0101000011,323,0
98,15,9800,21700,0101000001,321,0
98,16,9800,21700,0101000000,320,0
98,17,9800,21700,0101000000,320,0
98,18,9800,21700,0101000000,320,0
98,19,9800,21700,0101000001,321,0
99,0,9900,21600,0101000011,323,0
99,1,9900,21600,0101000100,324,0
99,2,9900,21600,0101000011,323,0
99,3,9900,21600,0101000100,324,0
99,4,9900,21600,0101000011,323,0
99,5,9900,21600,0101000011,323,0
99,6,9900,21600,0101000011,323,0
99,7,9900,21600,0101000011,323,0
99,8,9900,21600,0101000011,323,0
99,9,9900,21600,0101000011,323,0
99,10,9900,21600,0101000010,322,0
99,11,9900,21600,0101000010,322,0
99,12,9900,21600,0101000011,323,0
99,13,9900,21600,0101000011,323,0
99,14,9900,21600,0101000001,321,0
99,15,9900,21600,0101000010,322,0
99,16,9900,21600,0101000011,323,0
99,17,9900,21600,0101000011,323,0
99,18,9900,21600,0101000011,323,0
99,19,9900,21600,0101000100,324,0
100,0,10000,21500,0101000110,326,0
100,1,10000,21500,0101000111,327,0
100,2,10000,21500,0101000111,327,0
100,3,10000,21500,0101000110,326,0
100,4,10000,21500,0101001011,331,0
100,5,10000,21500,0101000111,327,0
100,6,10000,21500,0101001000,328,0
100,7,10000,21500,0101000110,326,0
100,8,10000,21500,0101001000,328,0
100,9,10000,21500,0101001000,328,0
100,10,10000,21500,0101001000,328,0
100,11,10000,21500,0101000111,327,0
100,12,10000,21500,0101000110,326,0
100,13,10000,21500,0101000110,326,0
100,14,10000,21500,0101000110,326,0
100,15,10000,21500,0101000110,326,0
100,16,10000,21500,0101000110,326,0
100,17,10000,21500,0101000110,326,0
100,18,10000,21500,0101000110,326,0
100,19,10000,21500,0101000101,325,0
101,0,10100,21400,0101001001,329,0
101,1,10100,21400,0101001001,329,0
101,2,10100,21400,0101001000,328,0
101,3,10100,21400,0101001001,329,0
101,4,10100,21400,0101001001,329,0
101,5,10100,21400,0101001010,330,0
101,6,10100,21400,0101001001,329,0
101,7,10100,21400,0101001001,329,0
101,8,10100,21400,0101001010,330,0
101,9,10100,21400,0101000111,327,0
101,10,10100,21400,0101001001,329,0
101,11,10100,21400,0101001001,329,0
101,12,10100,21400,0101001000,328,0
101,13,10100,21400,0101001010,330,0
101,14,10100,21400,0101001001,329,0
101,15,10100,21400,0101001001,329,0
101,16,10100,21400,0101001001,329,0
101,17,10100,21400,0101001001,329,0
101,18,10100,21400,0101001001,329,0
101,19,10100,21400,0101001001,329,0
102,0,10200,21300,0101001110,334,0
102,1,10200,21300,0101001110,334,0
102,2,10200,21300,0101001110,334,0
102,3,10200,21300,0101001101,333,0
102,4,10200,21300,0101001101,333,0
102,5,10200,21300,0101001111,335,0
102,6,10200,21300,0101001110,334,0
102,7,10200,21300,0101001101,333,0
102,8,10200,21300,0101001101,333,0
102,9,10200,21300,0101001110,334,0
102,10,10200,21300,0101001100,332,0
102,11,10200,21300,0101001100,332,0
102,12,10200,21300,0101001101,333,0
102,13,10200,21300,0101001101,333,0
102,14,10200,21300,0101001101,333,0
102,15,10200,21300,0101001101,333,0
102,16,10200,21300,0101001101,333,0
102,17,10200,21300,0101001100,332,0
102,18,10200,21300,0101001100,332,0
102,19,10200,21300,0101001101,333,0
103,0,10300,21200,0101010001,337,0
103,1,10300,21200,0101010001,337,0
103,2,10300,21200,0101010001,337,0
103,3,10300,21200,0101010000,336,0
103,4,10300,21200,0101001111,335,0
103,5,10300,21200,0101001111,335,0
103,6,10300,21200,0101001111,335,0
103,7,10300,21200,0101010000,336,0
103,8,10300,21200,0101001110,334,0
103,9,10300,21200,0101010001,337,0
103,10,10300,21200,0101010001,337,0
103,11,10300,21200,0101010001,337,0
103,12,10300,21200,0101010001,337,0
103,13,10300,21200,0101010001,337,0
103,14,10300,21200,0101001111,335,0
103,15,10300,21200,0101010010,338,0
103,16,10300,21200,0101010011,339,0
103,17,10300,21200,0101010011,339,0
103,18,10300,21200,0101010001,337,0
103,19,10300,21200,0101010001,337,0
104,0,10400,21100,0101010110,342,0
104,1,10400,21100,0101010101,341,0
104,2,10400,21100,0101010100,340,0
104,3,10400,21100,0101010101,341,0
104,4,10400,21100,0101010100,340,0
104,5,10400,21100,0101010111,343,0
104,6,10400,21100,0101010110,342,0
104,7,10400,21100,0101010111,343,0
104,8,10400,21100,0101010111,343,0
104,9,10400,21100,0101010101,341,0
104,10,10400,21100,0101010101,341,0
104,11,10400,21100,0101010101,341,0
104,12,10400,21100,0101010101,341,0
104,13,10400,21100,0101010101,341,0
104,14,10400,21100,0101010101,341,0
104,15,10400,21100,0101010101,341,0
104,16,10400,21100,0101010100,340,0
104,17,10400,21100,0101010101,341,0
104,18,10400,21100,0101010101,341,0
104,19,10400,21100,0101010100,340,0
105,0,10500,21000,0101011010,346,0
105,1,10500,21000,0101011000,344,0
105,2,10500,21000,0101011000,344,0
105,3,10500,21000,0101011000,344,0
105,4,10500,21000,0101010111,343,0
105,5,10500,21000,0101011000,344,0
105,6,10500,21000,0101011000,344,0
105,7,10500,21000,0101011001,345,0
105,8,10500,21000,0101011000,344,0
105,9,10500,21000,0101011000,344,0
105,10,10500,21000,0101010111,343,0
105,11,10500,21000,0101011000,344,0
105,12,10500,21000,0101011000,344,0
105,13,10500,21000,0101011000,344,0
105,14,10500,21000,0101010110,342,0
105,15,10500,21000,0101010110,342,0
105,16,10500,21000,0101010110,342,0
105,17,10500,21000,0101011000,344,0
105,18,10500,21000,0101011000,344,0
105,19,10500,21000,0101011000,344,0
106,0,10600,20900,0101011011,347,0
106,1,10600,20900,0101011010,346,0
106,2,10600,20900,0101011010,346,0
106,3,10600,20900,0101011011,347,0
106,4,10600,20900,0101011001,345,0
106,5,10600,20900,0101011011,347,0
106,6,10600,20900,0101011100,348,0
106,7,10600,20900,0101011100,348,0
106,8,10600,20900,0101011100,348,0
106,9,10600,20900,0101011110,350,0
106,10,10600,20900,0101011100,348,0
106,11,10600,20900,0101100000,352,0
106,12,10600,20900,0101100000,352,0
106,13,10600,20900,0101011100,348,0
106,14,10600,20900,0101011100,348,0
106,15,10600,20900,0101011100,348,0
106,16,10600,20900,0101011101,349,0
106,17,10600,20900,0101011011,347,0
106,18,10600,20900,0101011101,349,0
106,19,10600,20900,0101011101,349,0
107,0,10700,20800,0101011110,350,0
107,1,10700,20800,0101011111,351,0
107,2,10700,20800,0101011111,351,0
107,3,10700,20800,0101011111,351,0
107,4,10700,20800,0101011111,351,0
107,5,10700,20800,0101011111,351,0
107,6,10700,20800,0101011111,351,0
107,7,10700,20800,0101011101,349,0
107,8,10700,20800,0101011110,350,0
107,9,10700,20800,0101011101,349,0
107,10,10700,20800,0101011111,351,0
107,11,10700,20800,0101011111,351,0
107,12,10700,20800,0101011101,349,0
107,13,10700,20800,0101011111,351,0
107,14,10700,20800,0101011111,351,0
107,15,10700,20800,0101011110,350,0
107,16,10700,20800,0101011111,351,0
107,17,10700,20800,0101011111,351,0
107,18,10700,20800,0101011110,350,0
107,19,10700,20800,0101100000,352,0
108,0,10800,20700,0101100000,352,0
108,1,10800,20700,0101100000,352,0
108,2,10800,20700,0101100001,353,0
108,3,10800,20700,0101100000,352,0
108,4,10800,20700,0101100000,352,0
108,5,10800,20700,0101100000,352,0
108,6,10800,20700,0101100000,352,0
108,7,10800,20700,0101100000,352,0
108,8,10800,20700,0101100001,353,0
108,9,10800,20700,0101100000,352,0
108,10,10800,20700,0101100000,352,0
108,11,10800,20700,0101100000,352,0
108,12,10800,20700,0101100001,353,0
108,13,10800,20700,0101100000,352,0
108,14,10800,20700,0101100000,352,0
108,15,10800,20700,0101100000,352,0
108,16,10800,20700,0101100000,352,0
108,17,10800,20700,0101100000,352,0
108,18,10800,20700,0101100000,352,0
108,19,10800,20700,0101100000,352,0
109,0,10900,20600,0101100100,356,0
109,1,10900,20600,0101100011,355,0
109,2,10900,20600,0101100011,355,0
109,3,10900,20600,0101100010,354,0
109,4,10900,20600,0101100100,356,0
109,5,10900,20600,0101100100,356,0
109,6,10900,20600,0101100100,356,0
109,7,10900,20600,0101100011,355,0
109,8,10900,20600,0101100011,355,0
109,9,10900,20600,0101100011,355,0
109,10,10900,20600,0101100010,354,0
109,11,10900,20600,0101100010,354,0
109,12,10900,20600,0101100011,355,0
109,13,10900,20600,0101100011,355,0
109,14,10900,20600,0101100011,355,0
109,15,10900,20600,0101100011,355,0
109,16,10900,20600,0101100010,354,0
109,17,10900,20600,0101100011,355,0
109,18,10900,20600,0101100010,354,0
109,19,10900,20600,0101100010,354,0
110,0,11000,20500,0101100111,359,0
110,1,11000,20500,0101100110,358,0
110,2,11000,20500,0101100101,357,0
110,3,11000,20500,0101100110,358,0
110,4,11000,20500,0101100110,358,0
110,5,11000,20500,0101100110,358,0
110,6,11000,20500,0101100110,358,0
110,7,11000,20500,0101100110,358,0
110,8,11000,20500,0101100110,358,0
110,9,11000,20500,0101100100,356,0
110,10,11000,20500,0101100101,357,0
110,11,11000,20500,0101100110,358,0
110,12,11000,20500,0101100110,358,0
110,13,11000,20500,0101100110,358,0
110,14,11000,20500,0101100100,356,0
110,15,11000,20500,0101100100,356,0
110,16,11000,20500,0101100100,356,0
110,17,11000,20500,0101100110,358,0
110,18,11000,20500,0101100110,358,0
110,19,11000,20500,0101100111,359,0
111,0,11100,20400,0101101100,364,0
111,1,11100,20400,0101101100,364,0
111,2,11100,20400,0101101001,361,0
111,3,11100,20400,0101101001,361,0
111,4,11100,20400,0101101010,362,0
111,5,11100,20400,0101101101,365,0
111,6,11100,20400,0101101010,362,0
111,7,11100,20400,0101101001,361,0
111,8,11100,20400,0101101011,363,0
111,9,11100,20400,0101101001,361,0
111,10,11100,20400,0101101001,361,0
111,11,11100,20400,0101101001,361,0
111,12,11100,20400,0101101001,361,0
111,13,11100,20400,0101101010,362,0
111,14,11100,20400,0101101001,361,0
111,15,11100,20400,0101101010,362,0
111,16,11100,20400,0101101001,361,0
111,17,11100,20400,0101101001,361,0
111,18,11100,20400,0101101001,361,0
111,19,11100,20400,0101101001,361,0
112,0,11200,20300,0101101101,365,0
112,1,11200,20300,0101101101,365,0
112,2,11200,20300,0101101100,364,0
112,3,11200,20300,0101101100,364,0
112,4,11200,20300,0101101100,364,0
112,5,11200,20300,0101101101,365,0
112,6,11200,20300,0101101101,365,0
112,7,11200,20300,0101101100,364,0
112,8,11200,20300,0101101101,365,0
112,9,11200,20300,0101101100,364,0
112,10,11200,20300,0101101011,363,0
112,11,11200,20300,0101101100,364,0
112,12,11200,20300,0101101100,364,0
112,13,11200,20300,0101101100,364,0
112,14,11200,20300,0101101011,363,0
112,15,11200,20300,0101101100,364,0
112,16,11200,20300,0101101100,364,0
112,17,11200,20300,0101101101,365,0
112,18,11200,20300,0101101100,364,0
112,19,11200,20300,0101101100,364,0
113,0,11300,20200,0101110001,369,0
113,1,11300,20200,0101110101,373,0
113,2,11300,20200,0101110110,374,0
113,3,11300,20200,0101110101,373,0
113,4,11300,20200,0101110101,373,0
113,5,11300,20200,0101110001,369,0
113,6,11300,20200,0101110001,369,0
113,7,11300,20200,0101110010,370,0
113,8,11300,20200,0101110001,369,0
113,9,11300,20200,0101101111,367,0
113,10,11300,20200,0101110011,371,0
113,11,11300,20200,0101110011,371,0
113,12,11300,20200,0101110011,371,0
113,13,11300,20200,0101110010,370,0
113,14,11300,20200,0101101111,367,0
113,15,11300,20200,0101110001,369,0
113,16,11300,20200,0101110001,369,0
113,17,11300,20200,0101110001,369,0
113,18,11300,20200,0101110001,369,0
113,19,11300,20200,0101110000,368,0
114,0,11400,20100,0101110110,374,0
114,1,11400,20100,0101110101,373,0
114,2,11400,20100,0101110110,374,0
114,3,11400,20100,0101110101,373,0
114,4,11400,20100,0101110101,373,0
114,5,11400,20100,0101110101,373,0
114,6,11400,20100,0101110101,373,0
114,7,11400,20100,0101110101,373,0
114,8,11400,20100,0101110100,372,0
114,9,11400,20100,0101110100,372,0
114,10,11400,20100,0101110100,372,0
114,11,11400,20100,0101110100,372,0
114,12,11400,20100,0101110101,373,0
114,13,11400,20100,0101110100,372,0
114,14,11400,20100,0101110100,372,0
114,15,11400,20100,0101110100,372,0
114,16,11400,20100,0101110100,372,0
114,17,11400,20100,0101110101,373,0
114,18,11400,20100,0101110011,371,0
114,19,11400,20100,0101110011,371,0
115,0,11500,20000,0101111000,376,0
115,1,11500,20000,0101111000,376,0
115,2,11500,20000,0101111000,376,0
115,3,11500,20000,0101111000,376,0
115,4,11500,20000,0101111000,376,0
115,5,11500,20000,0101110111,375,0
115,6,11500,20000,0101111000,376,0
115,7,11500,20000,0101111001,377,0
115,8,11500,20000,0101111001,377,0
115,9,11500,20000,0101111000,376,0
115,10,11500,20000,0101111000,376,0
115,11,11500,20000,0101111100,380,0
115,12,11500,20000,0101111011,379,0
115,13,11500,20000,0101111011,379,0
115,14,11500,20000,0101111011,379,0
115,15,11500,20000,0101111011,379,0
115,16,11500,20000,0101111100,380,0
115,17,11500,20000,0101111100,380,0
115,18,11500,20000,0101111000,376,0
115,19,11500,20000,0101111000,376,0
116,0,11600,19900,0101111011,379,0
116,1,11600,19900,0101111101,381,0
116,2,11600,19900,0101111100,380,0
116,3,11600,19900,0101111100,380,0
116,4,11600,19900,0101111100,380,0
116,5,11600,19900,0101111100,380,0
116,6,11600,19900,0101111100,380,0
116,7,11600,19900,0101111101,381,0
116,8,11600,19900,0101111101,381,0
116,9,11600,19900,0101111100,380,0
116,10,11600,19900,0101111100,380,0
116,11,11600,19900,0101111011,379,0
116,12,11600,19900,0101111011,379,0
116,13,11600,19900,0101111100,380,0
116,14,11600,19900,0101111100,380,0
116,15,11600,19900,0101111011,379,0
116,16,11600,19900,0101111011,379,0
116,17,11600,19900,0101111011,379,0
116,18,11600,19900,0101111011,379,0
116,19,11600,19900,0101111100,380,0
117,0,11700,19800,0101111111,383,0
117,1,11700,19800,0101111111,383,0
117,2,11700,19800,0101111111,383,0
117,3,11700,19800,0101111111,383,0
117,4,11700,19800,0101111111,383,0
117,5,11700,19800,0101111111,383,0
117,6,11700,19800,0101111110,382,0
117,7,11700,19800,0110000000,384,0
117,8,11700,19800,0101111110,382,0
117,9,11700,19800,0101111110,382,0
117,10,11700,19800,0110000010,386,0
117,11,11700,19800,0110000010,386,0
117,12,11700,19800,0101111111,383,0
117,13,11700,19800,0101111111,383,0
117,14,11700,19800,0101111111,383,0
117,15,11700,19800,0101111111,383,0
117,16,11700,19800,0101111110,382,0
117,17,11700,19800,0101111101,381,0
117,18,11700,19800,0101111111,383,0
117,19,11700,19800,0110000000,384,0
118,0,11800,19700,0110000010,386,0
118,1,11800,19700,0110000010,386,0
118,2,11800,19700,0110000011,387,0
118,3,11800,19700,0110000011,387,0
118,4,11800,19700,0110000000,384,0
118,5,11800,19700,0110000000,384,0
118,6,11800,19700,0110000000,384,0
118,7,11800,19700,0110000100,388,0
118,8,11800,19700,0110000100,388,0
118,9,11800,19700,0110000001,385,0
118,10,11800,19700,0110000010,386,0
118,11,11800,19700,0110000000,384,0
118,12,11800,19700,0110000000,384,0
118,13,11800,19700,0110000000,384,0
118,14,11800,19700,0110000000,384,0
118,15,11800,19700,0110000001,385,0
118,16,11800,19700,0110000001,385,0
118,17,11800,19700,0110000001,385,0
118,18,11800,19700,0110000000,384,0
118,19,11800,19700,0110000001,385,0
119,0,11900,19600,0110000101,389,0
119,1,11900,19600,0110000100,388,0
119,2,11900,19600,0110000100,388,0
119,3,11900,19600,0110000011,387,0
119,4,11900,19600,0110000100,388,0
119,5,11900,19600,0110000011,387,0
119,6,11900,19600,0110000100,388,0
119,7,11900,19600,0110000011,387,0
119,8,11900,19600,0110000100,388,0
119,9,11900,19600,0110000100,388,0
119,10,11900,19600,0110000011,387,0
119,11,11900,19600,0110000011,387,0
119,12,11900,19600,0110000100,388,0
119,13,11900,19600,0110000100,388,0
119,14,11900,19600,0110000011,387,0
119,15,11900,19600,0110000011,387,0
119,16,11900,19600,0110000011,387,0
119,17,11900,19600,0110000100,388,0
119,18,11900,19600,0110000011,387,0
119,19,11900,19600,0110000011,387,0
120,0,12000,19500,0110000110,390,0
120,1,12000,19500,0110000111,391,0
120,2,12000,19500,0110000111,391,0
120,3,12000,19500,0110000111,391,0
120,4,12000,19500,0110001000,392,0
120,5,12000,19500,0110001001,393,0
120,6,12000,19500,0110001001,393,0
120,7,12000,19500,0110000111,391,0
120,8,12000,19500,0110001010,394,0
120,9,12000,19500,0110001011,395,0
120,10,12000,19500,0110000111,391,0
120,11,12000,19500,0110001000,392,0
120,12,12000,19500,0110000111,391,0
120,13,12000,19500,0110000111,391,0
120,14,12000,19500,0110000111,391,0
120,15,12000,19500,0110001000,392,0
120,16,12000,19500,0110001001,393,0
120,17,12000,19500,0110000111,391,0
120,18,12000,19500,0110000111,391,0
120,19,12000,19500,0110001000,392,0
121,0,12100,19400,0110001011,395,0
121,1,12100,19400,0110001010,394,0
121,2,12100,19400,0110001010,394,0
121,3,12100,19400,0110001010,394,0
121,4,12100,19400,0110001010,394,0
121,5,12100,19400,0110001010,394,0
121,6,12100,19400,0110001010,394,0
121,7,12100,19400,0110001010,394,0
121,8,12100,19400,0110001010,394,0
121,9,12100,19400,0110001001,393,0
121,10,12100,19400,0110001010,394,0
121,11,12100,19400,0110001000,392,0
121,12,12100,19400,0110001000,392,0
121,13,12100,19400,0110001000,392,0
121,14,12100,19400,0110001000,392,0
121,15,12100,19400,0110000111,391,0
121,16,12100,19400,0110001010,394,0
121,17,12100,19400,0110001010,394,0
121,18,12100,19400,0110001010,394,0
121,19,12100,19400,0110001010,394,0
122,0,12200,19300,0110001110,398,0
122,1,12200,19300,0110001101,397,0
122,2,12200,19300,0110001101,397,0
122,3,12200,19300,0110001110,398,0
122,4,12200,19300,0110001101,397,0
122,5,12200,19300,0110001110,398,0
122,6,12200,19300,0110001101,397,0
122,7,12200,19300,0110001101,397,0
122,8,12200,19300,0110001110,398,0
122,9,12200,19300,0110001101,397,0
122,10,12200,19300,0110001110,398,0
122,11,12200,19300,0110001110,398,0
122,12,12200,19300,0110001111,399,0
122,13,12200,19300,0110001110,398,0
122,14,12200,19300,0110001101,397,0
122,15,12200,19300,0110001110,398,0
122,16,12200,19300,0110010010,402,0
122,17,12200,19300,0110010001,401,0
122,18,12200,19300,0110001110,398,0
122,19,12200,19300,0110010011,403,0
123,0,12300,19200,0110010010,402,0
123,1,12300,19200,0110010010,402,0
123,2,12300,19200,0110010010,402,0
123,3,12300,19200,0110010010,402,0
123,4,12300,19200,0110010010,402,0
123,5,12300,19200,0110010001,401,0
123,6,12300,19200,0110010010,402,0
123,7,12300,19200,0110010010,402,0
123,8,12300,19200,0110010010,402,0
123,9,12300,19200,0110010100,404,0
123,10,12300,19200,0110010011,403,0
123,11,12300,19200,0110010011,403,0
123,12,12300,19200,0110010010,402,0
123,13,12300,19200,0110010110,406,0
123,14,12300,19200,0110010011,403,0
123,15,12300,19200,0110010010,402,0
123,16,12300,19200,0110010010,402,0
123,17,12300,19200,0110010100,404,0
123,18,12300,19200,0110010100,404,0
123,19,12300,19200,0110010011,403,0
124,0,12400,19100,0110010101,405,0
124,1,12400,19100,0110010111,407,0
124,2,12400,19100,0110010110,406,0
124,3,12400,19100,0110010101,405,0
124,4,12400,19100,0110010101,405,0
124,5,12400,19100,0110010110,406,0
124,6,12400,19100,0110010101,405,0
124,7,12400,19100,0110011000,408,0
124,8,12400,19100,0110011000,408,0
124,9,12400,19100,0110010110,406,0
124,10,12400,19100,0110011001,409,0
124,11,12400,19100,0110010110,406,0
124,12,12400,19100,0110010101,405,0
124,13,12400,19100,0110010101,405,0
124,14,12400,19100,0110010110,406,0
124,15,12400,19100,0110010111,407,0
124,16,12400,19100,0110010111,407,0
124,17,12400,19100,0110010111,407,0
124,18,12400,19100,0110010110,406,0
124,19,12400,19100,0110010110,406,0
125,0,12500,19000,0110011001,409,0
125,1,12500,19000,0110011011,411,0
125,2,12500,19000,0110011010,410,0
125,3,12500,19000,0110011000,408,0
125,4,12500,19000,0110011010,410,0
125,5,12500,19000,0110011011,411,0
125,6,12500,19000,0110011011,411,0
125,7,12500,19000,0110011011,411,0
125,8,12500,19000,0110011001,409,0
125,9,12500,19000,0110011000,408,0
125,10,12500,19000,0110011001,409,0
125,11,12500,19000,0110011001,409,0
125,12,12500,19000,0110011001,409,0
125,13,12500,19000,0110011001,409,0
125,14,12500,19000,0110011000,408,0
125,15,12500,19000,0110011000,408,0
125,16,12500,19000,0110011001,409,0
125,17,12500,19000,0110011001,409,0
125,18,12500,19000,0110010111,407,0
125,19,12500,19000,0110010111,407,0
126,0,12600,18900,0110011100,412,0
126,1,12600,18900,0110011110,414,0
126,2,12600,18900,0110011100,412,0
126,3,12600,18900,0110011100,412,0
126,4,12600,18900,0110011100,412,0
126,5,12600,18900,0110011100,412,0
126,6,12600,18900,0110100000,416,0
126,7,12600,18900,0110100000,416,0
126,8,12600,18900,0110011101,413,0
126,9,12600,18900,0110011100,412,0
126,10,12600,18900,0110011100,412,0
126,11,12600,18900,0110011110,414,0
126,12,12600,18900,0110011101,413,0
126,13,12600,18900,0110011101,413,0
126,14,12600,18900,0110011110,414,0
126,15,12600,18900,0110011111,415,0
126,16,12600,18900,0110011100,412,0
126,17,12600,18900,0110011101,413,0
126,18,12600,18900,0110011100,412,0
126,19,12600,18900,0110011100,412,0
127,0,12700,18800,0110011111,415,0
127,1,12700,18800,0110011111,415,0
127,2,12700,18800,0110011111,415,0
127,3,12700,18800,0110011111,415,0
127,4,12700,18800,0110011110,414,0
127,5,12700,18800,0110100000,416,0
127,6,12700,18800,0110100000,416,0
127,7,12700,18800,0110011111,415,0
127,8,12700,18800,0110100000,416,0
127,9,12700,18800,0110011110,414,0
127,10,12700,18800,0110100000,416,0
127,11,12700,18800,0110011101,413,0
127,12,12700,18800,0110100000,416,0
127,13,12700,18800,0110011111,415,0
127,14,12700,18800,0110011111,415,0
127,15,12700,18800,0110011111,415,0
127,16,12700,18800,0110100000,416,0
127,17,12700,18800,0110100000,416,0
127,18,12700,18800,0110011111,415,0
127,19,12700,18800,0110100000,416,0
128,0,12800,18700,0110100000,416,0
128,1,12800,18700,0110100000,416,0
128,2,12800,18700,0110100000,416,0
128,3,12800,18700,0110100000,416,0
128,4,12800,18700,0110100000,416,0
128,5,12800,18700,0110100000,416,0
128,6,12800,18700,0110100000,416,0
128,7,12800,18700,0110100000,416,0
128,8,12800,18700,0110100000,416,0
128,9,12800,18700,0110100000,416,0
128,10,12800,18700,0110100000,416,0
128,11,12800,18700,0110100000,416,0
128,12,12800,18700,0110100000,416,0
128,13,12800,18700,0110100001,417,0
128,14,12800,18700,0110100000,416,0
128,15,12800,18700,0110100000,416,0
128,16,12800,18700,0110100000,416,0
128,17,12800,18700,0110100000,416,0
128,18,12800,18700,0110100000,416,0
128,19,12800,18700,0110100000,416,0
129,0,12900,18600,0110100100,420,0
129,1,12900,18600,0110100100,420,0
129,2,12900,18600,0110100011,419,0
129,3,12900,18600,0110100100,420,0
129,4,12900,18600,0110100011,419,0
129,5,12900,18600,0110100100,420,0
129,6,12900,18600,0110100011,419,0
129,7,12900,18600,0110100100,420,0
129,8,12900,18600,0110100100,420,0
129,9,12900,18600,0110100011,419,0
129,10,12900,18600,0110100100,420,0
129,11,12900,18600,0110100011,419,0
129,12,12900,18600,0110100011,419,0
129,13,12900,18600,0110100010,418,0
129,14,12900,18600,0110100011,419,0
129,15,12900,18600,0110100011,419,0
129,16,12900,18600,0110100011,419,0
129,17,12900,18600,0110100011,419,0
129,18,12900,18600,0110100011,419,0
129,19,12900,18600,0110100011,419,0
130,0,13000,18500,0110100111,423,0
130,1,13000,18500,0110100111,423,0
130,2,13000,18500,0110100111,423,0
130,3,13000,18500,0110100111,423,0
130,4,13000,18500,0110100111,423,0
130,5,13000,18500,0110100111,423,0
130,6,13000,18500,0110100110,422,0
130,7,13000,18500,0110100111,423,0
130,8,13000,18500,0110100110,422,0
130,9,13000,18500,0110100111,423,0
130,10,13000,18500,0110100110,422,0
130,11,13000,18500,0110100111,423,0
130,12,13000,18500,0110100111,423,0
130,13,13000,18500,0110100111,423,0
130,14,13000,18500,0110100101,421,0
130,15,13000,18500,0110100101,421,0
130,16,13000,18500,0110100110,422,0
130,17,13000,18500,0110100110,422,0
130,18,13000,18500,0110100110,422,0
130,19,13000,18500,0110100111,423,0
131,0,13100,18400,0110101001,425,0
131,1,13100,18400,0110101001,425,0
131,2,13100,18400,0110101010,426,0
131,3,13100,18400,0110101010,426,0
131,4,13100,18400,0110101010,426,0
131,5,13100,18400,0110101011,427,0
131,6,13100,18400,0110101011,427,0
131,7,13100,18400,0110101011,427,0
131,8,13100,18400,0110101010,426,0
131,9,13100,18400,0110101010,426,0
131,10,13100,18400,0110101010,426,0
131,11,13100,18400,0110101100,428,0
131,12,13100,18400,0110101100,428,0
131,13,13100,18400,0110101011,427,0
131,14,13100,18400,0110101010,426,0
131,15,13100,18400,0110101110,430,0
131,16,13100,18400,0110101011,427,0
131,17,13100,18400,0110101011,427,0
131,18,13100,18400,0110101001,425,0
131,19,13100,18400,0110101011,427,0
132,0,13200,18300,0110101101,429,0
132,1,13200,18300,0110101110,430,0
132,2,13200,18300,0110101101,429,0
132,3,13200,18300,0110101101,429,0
132,4,13200,18300,0110101101,429,0
132,5,13200,18300,0110101100,428,0
132,6,13200,18300,0110101100,428,0
132,7,13200,18300,0110101110,430,0
132,8,13200,18300,0110101100,428,0
132,9,13200,18300,0110101100,428,0
132,10,13200,18300,0110101100,428,0
132,11,13200,18300,0110101100,428,0
132,12,13200,18300,0110101110,430,0
132,13,13200,18300,0110101100,428,0
132,14,13200,18300,0110101100,428,0
132,15,13200,18300,0110101101,429,0
132,16,13200,18300,0110101101,429,0
132,17,13200,18300,0110101101,429,0
132,18,13200,18300,0110101110,430,0
132,19,13200,18300,0110101101,429,0
133,0,13300,18200,0110110010,434,0
133,1,13300,18200,0110110011,435,0
133,2,13300,18200,0110110011,435,0
133,3,13300,18200,0110110011,435,0
133,4,13300,18200,0110110011,435,0
133,5,13300,18200,0110110001,433,0
133,6,13300,18200,0110110010,434,0
133,7,13300,18200,0110110011,435,0
133,8,13300,18200,0110110010,434,0
133,9,13300,18200,0110110001,433,0
133,10,13300,18200,0110110011,435,0
133,11,13300,18200,0110110010,434,0
133,12,13300,18200,0110110010,434,0
133,13,13300,18200,0110110010,434,0
133,14,13300,18200,0110110010,434,0
133,15,13300,18200,0110110001,433,0
133,16,13300,18200,0110110010,434,0
133,17,13300,18200,0110110001,433,0
133,18,13300,18200,0110110001,433,0
133,19,13300,18200,0110110010,434,0
134,0,13400,18100,0110110101,437,0
134,1,13400,18100,0110110101,437,0
134,2,13400,18100,0110110101,437,0
134,3,13400,18100,0110110101,437,0
134,4,13400,18100,0110110101,437,0
134,5,13400,18100,0110110011,435,0
134,6,13400,18100,0110110100,436,0
134,7,13400,18100,0110110100,436,0
134,8,13400,18100,0110110011,435,0
134,9,13400,18100,0110110100,436,0
134,10,13400,18100,0110110011,435,0
134,11,13400,18100,0110110101,437,0
134,12,13400,18100,0110110101,437,0
134,13,13400,18100,0110110100,436,0
134,14,13400,18100,0110110101,437,0
134,15,13400,18100,0110110101,437,0
134,16,13400,18100,0110110111,439,0
134,17,13400,18100,0110110101,437,0
134,18,13400,18100,0110110100,436,0
134,19,13400,18100,0110110110,438,0
135,0,13500,18000,0110111010,442,0
135,1,13500,18000,0110111001,441,0
135,2,13500,18000,0110111011,443,0
135,3,13500,18000,0110111000,440,0
135,4,13500,18000,0110111001,441,0
135,5,13500,18000,0110111010,442,0
135,6,13500,18000,0110111001,441,0
135,7,13500,18000,0110111001,441,0
135,8,13500,18000,0110111000,440,0
135,9,13500,18000,0110111001,441,0
135,10,13500,18000,0110111001,441,0
135,11,13500,18000,0110111001,441,0
135,12,13500,18000,0110111000,440,0
135,13,13500,18000,0110111001,441,0
135,14,13500,18000,0110111001,441,0
135,15,13500,18000,0110111001,441,0
135,16,13500,18000,0110111000,440,0
135,17,13500,18000,0110110111,439,0
135,18,13500,18000,0110111000,440,0
135,19,13500,18000,0110111000,440,0
136,0,13600,17900,0110111100,444,0
136,1,13600,17900,0110111101,445,0
136,2,13600,17900,0110111101,445,0
136,3,13600,17900,0110111100,444,0
136,4,13600,17900,0110111100,444,0
136,5,13600,17900,0110111110,446,0
136,6,13600,17900,0110111100,444,0
136,7,13600,17900,0110111100,444,0
136,8,13600,17900,0110111101,445,0
136,9,13600,17900,0111000000,448,0
136,10,13600,17900,0110111011,443,0
136,11,13600,17900,0110111100,444,0
136,12,13600,17900,0110111011,443,0
136,13,13600,17900,0110111100,444,0
136,14,13600,17900,0110111110,446,0
136,15,13600,17900,0110111101,445,0
136,16,13600,17900,0110111110,446,0
136,17,13600,17900,0110111101,445,0
136,18,13600,17900,0110111101,445,0
136,19,13600,17900,0110111101,445,0
137,0,13700,17800,0110111111,447,0
137,1,13700,17800,0111000000,448,0
137,2,13700,17800,0111000000,448,0
137,3,13700,17800,0110111111,447,0
137,4,13700,17800,0110111111,447,0
137,5,13700,17800,0111000000,448,0
137,6,13700,17800,0111000000,448,0
137,7,13700,17800,0110111111,447,0
137,8,13700,17800,0110111111,447,0
137,9,13700,17800,0110111111,447,0
137,10,13700,17800,0110111111,447,0
137,11,13700,17800,0110111111,447,0
137,12,13700,17800,0110111111,447,0
137,13,13700,17800,0111000000,448,0
137,14,13700,17800,0111000000,448,0
137,15,13700,17800,0111000000,448,0
137,16,13700,17800,0110111111,447,0
137,17,13700,17800,0110111110,446,0
137,18,13700,17800,0111000000,448,0
137,19,13700,17800,0110111101,445,0
138,0,13800,17700,0111000000,448,0
138,1,13800,17700,0111000001,449,0
138,2,13800,17700,0111000001,449,0
138,3,13800,17700,0111000000,448,0
138,4,13800,17700,0111000000,448,0
138,5,13800,17700,0111000000,448,0
138,6,13800,17700,0111000000,448,0
138,7,13800,17700,0111000001,449,0
138,8,13800,17700,0111000000,448,0
138,9,13800,17700,0111000000,448,0
138,10,13800,17700,0111000000,448,0
138,11,13800,17700,0111000000,448,0
138,12,13800,17700,0111000000,448,0
138,13,13800,17700,0111000000,448,0
138,14,13800,17700,0111000000,448,0
138,15,13800,17700,0111000000,448,0
138,16,13800,17700,0111000000,448,0
138,17,13800,17700,0111000001,449,0
138,18,13800,17700,0111000000,448,0
138,19,13800,17700,0111000000,448,0
139,0,13900,17600,0111000100,452,0
139,1,13900,17600,0111000011,451,0
139,2,13900,17600,0111000100,452,0
139,3,13900,17600,0111000011,451,0
139,4,13900,17600,0111000100,452,0
139,5,13900,17600,0111000011,451,0
139,6,13900,17600,0111000100,452,0
139,7,13900,17600,0111000100,452,0
139,8,13900,17600,0111000011,451,0
139,9,13900,17600,0111000011,451,0
139,10,13900,17600,0111000100,452,0
139,11,13900,17600,0111000011,451,0
139,12,13900,17600,0111000011,451,0
139,13,13900,17600,0111000100,452,0
139,14,13900,17600,0111000011,451,0
139,15,13900,17600,0111000100,452,0
139,16,13900,17600,0111000011,451,0
139,17,13900,17600,0111000011,451,0
139,18,13900,17600,0111000011,451,0
139,19,13900,17600,0111000011,451,0
140,0,14000,17500,0111000111,455,0
140,1,14000,17500,0111000111,455,0
140,2,14000,17500,0111001000,456,0
140,3,14000,17500,0111000111,455,0
140,4,14000,17500,0111000111,455,0
140,5,14000,17500,0111000111,455,0
140,6,14000,17500,0111000111,455,0
140,7,14000,17500,0111000111,455,0
140,8,14000,17500,0111000111,455,0
140,9,14000,17500,0111001000,456,0
140,10,14000,17500,0111001000,456,0
140,11,14000,17500,0111001000,456,0
140,12,14000,17500,0111000111,455,0
140,13,14000,17500,0111001011,459,0
140,14,14000,17500,0111001010,458,0
140,15,14000,17500,0111001011,459,0
140,16,14000,17500,0111001000,456,0
140,17,14000,17500,0111000111,455,0
140,18,14000,17500,0111001000,456,0
140,19,14000,17500,0111001000,456,0
141,0,14100,17400,0111001011,459,0
141,1,14100,17400,0111001010,458,0
141,2,14100,17400,0111001011,459,0
141,3,14100,17400,0111001011,459,0
141,4,14100,17400,0111001100,460,0
141,5,14100,17400,0111001011,459,0
141,6,14100,17400,0111001011,459,0
141,7,14100,17400,0111001011,459,0
141,8,14100,17400,0111001011,459,0
141,9,14100,17400,0111001011,459,0
141,10,14100,17400,0111001010,458,0
141,11,14100,17400,0111001011,459,0
141,12,14100,17400,0111001011,459,0
141,13,14100,17400,0111001011,459,0
141,14,14100,17400,0111001011,459,0
141,15,14100,17400,0111001011,459,0
141,16,14100,17400,0111001011,459,0
141,17,14100,17400,0111001001,457,0
141,18,14100,17400,0111001001,457,0
141,19,14100,17400,0111001011,459,0
142,0,14200,17300,0111001110,462,0
142,1,14200,17300,0111001110,462,0
142,2,14200,17300,0111001110,462,0
142,3,14200,17300,0111001101,461,0
142,4,14200,17300,0111001110,462,0
142,5,14200,17300,0111001110,462,0
142,6,14200,17300,0111001101,461,0
142,7,14200,17300,0111001110,462,0
142,8,14200,17300,0111001110,462,0
142,9,14200,17300,0111001110,462,0
142,10,14200,17300,0111001110,462,0
142,11,14200,17300,0111001110,462,0
142,12,14200,17300,0111001110,462,0
142,13,14200,17300,0111001110,462,0
142,14,14200,17300,0111001110,462,0
142,15,14200,17300,0111001111,463,0
142,16,14200,17300,0111001111,463,0
142,17,14200,17300,0111001110,462,0
142,18,14200,17300,0111001110,462,0
142,19,14200,17300,0111010001,465,0
143,0,14300,17200,0111010110,470,0
143,1,14300,17200,0111010011,467,0
143,2,14300,17200,0111010100,468,0
143,3,14300,17200,0111010011,467,0
143,4,14300,17200,0111010011,467,0
143,5,14300,17200,0111010010,466,0
143,6,14300,17200,0111010010,466,0
143,7,14300,17200,0111010010,466,0
143,8,14300,17200,0111010100,468,0
143,9,14300,17200,0111010010,466,0
143,10,14300,17200,0111010010,466,0
143,11,14300,17200,0111010011,467,0
143,12,14300,17200,0111010100,468,0
143,13,14300,17200,0111010100,468,0
143,14,14300,17200,0111010010,466,0
143,15,14300,17200,0111010010,466,0
143,16,14300,17200,0111010010,466,0
143,17,14300,17200,0111010010,466,0
143,18,14300,17200,0111010010,466,0
143,19,14300,17200,0111010011,467,0
144,0,14400,17100,0111011010,474,0
144,1,14400,17100,0111010111,471,0
144,2,14400,17100,0111010110,470,0
144,3,14400,17100,0111010110,470,0
144,4,14400,17100,0111010111,471,0
144,5,14400,17100,0111010110,470,0
144,6,14400,17100,0111011000,472,0
144,7,14400,17100,0111010110,470,0
144,8,14400,17100,0111010110,470,0
144,9,14400,17100,0111010110,470,0
144,10,14400,17100,0111010110,470,0
144,11,14400,17100,0111010110,470,0
144,12,14400,17100,0111010110,470,0
144,13,14400,17100,0111010111,471,0
144,14,14400,17100,0111010110,470,0
144,15,14400,17100,0111010111,471,0
144,16,14400,17100,0111010110,470,0
144,17,14400,17100,0111010110,470,0
144,18,14400,17100,0111010110,470,0
144,19,14400,17100,0111010110,470,0
145,0,14500,17000,0111011001,473,0
145,1,14500,17000,0111011001,473,0
145,2,14500,17000,0111011000,472,0
145,3,14500,17000,0111011001,473,0
145,4,14500,17000,0111011000,472,0
145,5,14500,17000,0111011001,473,0
145,6,14500,17000,0111011001,473,0
145,7,14500,17000,0111011000,472,0
145,8,14500,17000,0111011000,472,0
145,9,14500,17000,0111011000,472,0
145,10,14500,17000,0111010111,471,0
145,11,14500,17000,0111011001,473,0
145,12,14500,17000,0111011001,473,0
145,13,14500,17000,0111011001,473,0
145,14,14500,17000,0111011000,472,0
145,15,14500,17000,0111011000,472,0
145,16,14500,17000,0111011001,473,0
145,17,14500,17000,0111011001,473,0
145,18,14500,17000,0111011001,473,0
145,19,14500,17000,0111011001,473,0
146,0,14600,16900,0111011110,478,0
146,1,14600,16900,0111011111,479,0
146,2,14600,16900,0111011110,478,0
146,3,14600,16900,0111011110,478,0
146,4,14600,16900,0111011101,477,0
146,5,14600,16900,0111011101,477,0
146,6,14600,16900,0111011101,477,0
146,7,14600,16900,0111011101,477,0
146,8,14600,16900,0111011101,477,0
146,9,14600,16900,0111011101,477,0
146,10,14600,16900,0111011100,476,0
146,11,14600,16900,0111011100,476,0
146,12,14600,16900,0111011101,477,0
146,13,14600,16900,0111011011,475,0
146,14,14600,16900,0111011011,475,0
146,15,14600,16900,0111011011,475,0
146,16,14600,16900,0111011100,476,0
146,17,14600,16900,0111011101,477,0
146,18,14600,16900,0111011100,476,0
146,19,14600,16900,0111011100,476,0
147,0,14700,16800,0111011110,478,0
147,1,14700,16800,0111011110,478,0
147,2,14700,16800,0111100000,480,0
147,3,14700,16800,0111100000,480,0
147,4,14700,16800,0111011111,479,0
147,5,14700,16800,0111011111,479,0
147,6,14700,16800,0111011111,479,0
147,7,14700,16800,0111100000,480,0
147,8,14700,16800,0111100000,480,0
147,9,14700,16800,0111011111,479,0
147,10,14700,16800,0111011111,479,0
147,11,14700,16800,0111100000,480,0
147,12,14700,16800,0111100000,480,0
147,13,14700,16800,0111011111,479,0
147,14,14700,16800,0111100000,480,0
147,15,14700,16800,0111100000,480,0
147,16,14700,16800,0111100000,480,0
147,17,14700,16800,0111100000,480,0
147,18,14700,16800,0111100000,480,0
147,19,14700,16800,0111100000,480,0
148,0,14800,16700,0111100001,481,0
148,1,14800,16700,0111100010,482,0
148,2,14800,16700,0111100010,482,0
148,3,14800,16700,0111100000,480,0
148,4,14800,16700,0111100000,480,0
148,5,14800,16700,0111100000,480,0
148,6,14800,16700,0111100001,481,0
148,7,14800,16700,0111100000,480,0
148,8,14800,16700,0111100001,481,0
148,9,14800,16700,0111100000,480,0
148,10,14800,16700,0111100001,481,0
148,11,14800,16700,0111100000,480,0
148,12,14800,16700,0111100000,480,0
148,13,14800,16700,0111100000,480,0
148,14,14800,16700,0111100000,480,0
148,15,14800,16700,0111100000,480,0
148,16,14800,16700,0111100000,480,0
148,17,14800,16700,0111100000,480,0
148,18,14800,16700,0111100000,480,0
148,19,14800,16700,0111100000,480,0
149,0,14900,16600,0111100011,483,0
149,1,14900,16600,0111100010,482,0
149,2,14900,16600,0111100011,483,0
149,3,14900,16600,0111100010,482,0
149,4,14900,16600,0111100001,481,0
149,5,14900,16600,0111100010,482,0
149,6,14900,16600,0111100011,483,0
149,7,14900,16600,0111100011,483,0
149,8,14900,16600,0111100011,483,0
149,9,14900,16600,0111100100,484,0
149,10,14900,16600,0111100100,484,0
149,11,14900,16600,0111100011,483,0
149,12,14900,16600,0111100100,484,0
149,13,14900,16600,0111100100,484,0
149,14,14900,16600,0111100100,484,0
149,15,14900,16600,0111100100,484,0
149,16,14900,16600,0111100110,486,0
149,17,14900,16600,0111100100,484,0
149,18,14900,16600,0111100110,486,0
149,19,14900,16600,0111100110,486,0
150,0,15000,16500,0111101000,488,0
150,1,15000,16500,0111100111,487,0
150,2,15000,16500,0111100111,487,0
150,3,15000,16500,0111101000,488,0
150,4,15000,16500,0111101000,488,0
150,5,15000,16500,0111101000,488,0
150,6,15000,16500,0111101000,488,0
150,7,15000,16500,0111100111,487,0
150,8,15000,16500,0111100111,487,0
150,9,15000,16500,0111100111,487,0
150,10,15000,16500,0111100111,487,0
150,11,15000,16500,0111100111,487,0
150,12,15000,16500,0111100111,487,0
150,13,15000,16500,0111100111,487,0
150,14,15000,16500,0111100111,487,0
150,15,15000,16500,0111100111,487,0
150,16,15000,16500,0111100111,487,0
150,17,15000,16500,0111100111,487,0
150,18,15000,16500,0111100110,486,0
150,19,15000,16500,0111100111,487,0
151,0,15100,16400,0111101001,489,0
151,1,15100,16400,0111101010,490,0
151,2,15100,16400,0111101010,490,0
151,3,15100,16400,0111101010,490,0
151,4,15100,16400,0111101011,491,0
151,5,15100,16400,0111101010,490,0
151,6,15100,16400,0111101010,490,0
151,7,15100,16400,0111101011,491,0
151,8,15100,16400,0111101010,490,0
151,9,15100,16400,0111101010,490,0
151,10,15100,16400,0111101010,490,0
151,11,15100,16400,0111101010,490,0
151,12,15100,16400,0111101010,490,0
151,13,15100,16400,0111101011,491,0
151,14,15100,16400,0111101001,489,0
151,15,15100,16400,0111101001,489,0
151,16,15100,16400,0111101010,490,0
151,17,15100,16400,0111101001,489,0
151,18,15100,16400,0111101001,489,0
151,19,15100,16400,0111101001,489,0
152,0,15200,16300,0111101110,494,0
152,1,15200,16300,0111101110,494,0
152,2,15200,16300,0111101110,494,0
152,3,15200,16300,0111101110,494,0
152,4,15200,16300,0111101110,494,0
152,5,15200,16300,0111101101,493,0
152,6,15200,16300,0111101110,494,0
152,7,15200,16300,0111101110,494,0
152,8,15200,16300,0111101101,493,0
152,9,15200,16300,0111101100,492,0
152,10,15200,16300,0111101101,493,0
152,11,15200,16300,0111101101,493,0
152,12,15200,16300,0111101100,492,0
152,13,15200,16300,0111101110,494,0
152,14,15200,16300,0111101110,494,0
152,15,15200,16300,0111101101,493,0
152,16,15200,16300,0111101110,494,0
152,17,15200,16300,0111101110,494,0
152,18,15200,16300,0111101110,494,0
152,19,15200,16300,0111101110,494,0
153,0,15300,16200,0111110011,499,0
153,1,15300,16200,0111110011,499,0
153,2,15300,16200,0111110100,500,0
153,3,15300,16200,0111110010,498,0
153,4,15300,16200,0111110101,501,0
153,5,15300,16200,0111110011,499,0
153,6,15300,16200,0111110011,499,0
153,7,15300,16200,0111110011,499,0
153,8,15300,16200,0111110011,499,0
153,9,15300,16200,0111110010,498,0
153,10,15300,16200,0111110010,498,0
153,11,15300,16200,0111110011,499,0
153,12,15300,16200,0111110100,500,0
153,13,15300,16200,0111110011,499,0
153,14,15300,16200,0111110011,499,0
153,15,15300,16200,0111110100,500,0
153,16,15300,16200,0111110010,498,0
153,17,15300,16200,0111110011,499,0
153,18,15300,16200,0111110010,498,0
153,19,15300,16200,0111110010,498,0
154,0,15400,16100,0111110110,502,0
154,1,15400,16100,0111110110,502,0
154,2,15400,16100,0111110110,502,0
154,3,15400,16100,0111110101,501,0
154,4,15400,16100,0111110101,501,0
154,5,15400,16100,0111110110,502,0
154,6,15400,16100,0111110101,501,0
154,7,15400,16100,0111110101,501,0
154,8,15400,16100,0111110100,500,0
154,9,15400,16100,0111110101,501,0
154,10,15400,16100,0111110110,502,0
154,11,15400,16100,0111110100,500,0
154,12,15400,16100,0111110100,500,0
154,13,15400,16100,0111110100,500,0
154,14,15400,16100,0111110101,501,0
154,15,15400,16100,0111110101,501,0
154,16,15400,16100,0111110110,502,0
154,17,15400,16100,0111110110,502,0
154,18,15400,16100,0111110110,502,0
154,19,15400,16100,0111110110,502,0
155,0,15500,16000,0111111100,508,0
155,1,15500,16000,0111111100,508,0
155,2,15500,16000,0111111011,507,0
155,3,15500,16000,0111111100,508,0
155,4,15500,16000,0111111100,508,0
155,5,15500,16000,0111111010,506,0
155,6,15500,16000,0111111010,506,0
155,7,15500,16000,0111111010,506,0
155,8,15500,16000,0111111001,505,0
155,9,15500,16000,0111111010,506,0
155,10,15500,16000,0111111001,505,0
155,11,15500,16000,0111111001,505,0
155,12,15500,16000,0111111100,508,0
155,13,15500,16000,0111111010,506,0
155,14,15500,16000,0111111010,506,0
155,15,15500,16000,0111111010,506,0
155,16,15500,16000,0111111001,505,0
155,17,15500,16000,0111111001,505,0
155,18,15500,16000,0111111001,505,0
155,19,15500,16000,0111111011,507,0
156,0,15600,15900,1000000000,512,0
156,1,15600,15900,1000000000,512,0
156,2,15600,15900,0111111100,508,0
156,3,15600,15900,0111111100,508,0
156,4,15600,15900,0111111100,508,0
156,5,15600,15900,0111111100,508,0
156,6,15600,15900,0111111100,508,0
156,7,15600,15900,0111111100,508,0
156,8,15600,15900,0111111111,511,0
156,9,15600,15900,0111111110,510,0
156,10,15600,15900,0111111101,509,0
156,11,15600,15900,0111111101,509,0
156,12,15600,15900,0111111101,509,0
156,13,15600,15900,0111111110,510,0
156,14,15600,15900,0111111110,510,0
156,15,15600,15900,0111111101,509,0
156,16,15600,15900,0111111100,508,0
156,17,15600,15900,0111111100,508,0
156,18,15600,15900,0111111100,508,0
156,19,15600,15900,0111111101,509,0
157,0,15700,15800,0111111110,510,0
157,1,15700,15800,0111111110,510,0
157,2,15700,15800,1000000000,512,0
157,3,15700,15800,1000000000,512,0
157,4,15700,15800,0111111111,511,0
157,5,15700,15800,0111111110,510,0
157,6,15700,15800,1000000000,512,0
157,7,15700,15800,1000000000,512,0
157,8,15700,15800,1000000000,512,0
157,9,15700,15800,0111111111,511,0
157,10,15700,15800,1000000000,512,0
157,11,15700,15800,0111111111,511,0
157,12,15700,15800,1000000000,512,0
157,13,15700,15800,0111111111,511,0
157,14,15700,15800,1000000001,513,0
157,15,15700,15800,1000000000,512,0
157,16,15700,15800,0111111111,511,0
157,17,15700,15800,0111111111,511,0
157,18,15700,15800,0111111111,511,0
157,19,15700,15800,1000000000,512,0
158,0,15800,15700,1000000010,514,0
158,1,15800,15700,1000000010,514,0
158,2,15800,15700,1000000010,514,0
158,3,15800,15700,1000000011,515,0
158,4,15800,15700,1000000111,519,0
158,5,15800,15700,1000000010,514,0
158,6,15800,15700,1000000100,516,0
158,7,15800,15700,1000000010,514,0
158,8,15800,15700,1000000001,513,0
158,9,15800,15700,1000000010,514,0
158,10,15800,15700,1000000010,514,0
158,11,15800,15700,1000000010,514,0
158,12,15800,15700,1000000010,514,0
158,13,15800,15700,1000000010,514,0
158,14,15800,15700,1000000001,513,0
158,15,15800,15700,1000000010,514,0
158,16,15800,15700,1000000010,514,0
158,17,15800,15700,1000000010,514,0
158,18,15800,15700,1000000001,513,0
158,19,15800,15700,1000000010,514,0
159,0,15900,15600,1000000110,518,0
159,1,15900,15600,1000000110,518,0
159,2,15900,15600,1000000101,517,0
159,3,15900,15600,1000000101,517,0
159,4,15900,15600,1000000101,517,0
159,5,15900,15600,1000000100,516,0
159,6,15900,15600,1000000101,517,0
159,7,15900,15600,1000000101,517,0
159,8,15900,15600,1000000100,516,0
159,9,15900,15600,1000000100,516,0
159,10,15900,15600,1000000100,516,0
159,11,15900,15600,1000000100,516,0
159,12,15900,15600,1000000100,516,0
159,13,15900,15600,1000000100,516,0
159,14,15900,15600,1000000100,516,0
159,15,15900,15600,1000000101,517,0
159,16,15900,15600,1000000101,517,0
159,17,15900,15600,1000000100,516,0
159,18,15900,15600,1000000101,517,0
159,19,15900,15600,1000000110,518,0
160,0,16000,15500,1000001001,521,0
160,1,16000,15500,1000001001,521,0
160,2,16000,15500,1000001000,520,0
160,3,16000,15500,1000001000,520,0
160,4,16000,15500,1000001000,520,0
160,5,16000,15500,1000001001,521,0
160,6,16000,15500,1000001000,520,0
160,7,16000,15500,1000001001,521,0
160,8,16000,15500,1000001000,520,0
160,9,16000,15500,1000001000,520,0
160,10,16000,15500,1000001000,520,0
160,11,16000,15500,1000001000,520,0
160,12,16000,15500,1000000111,519,0
160,13,16000,15500,1000001000,520,0
160,14,16000,15500,1000001001,521,0
160,15,16000,15500,1000000111,519,0
160,16,16000,15500,1000000111,519,0
160,17,16000,15500,1000001000,520,0
160,18,16000,15500,1000001000,520,0
160,19,16000,15500,1000001000,520,0
161,0,16100,15400,1000001100,524,0
161,1,16100,15400,1000001100,524,0
161,2,16100,15400,1000001100,524,0
161,3,16100,15400,1000001100,524,0
161,4,16100,15400,1000001100,524,0
161,5,16100,15400,1000001011,523,0
161,6,16100,15400,1000001100,524,0
161,7,16100,15400,1000001100,524,0
161,8,16100,15400,1000001100,524,0
161,9,16100,15400,1000001011,523,0
161,10,16100,15400,1000001011,523,0
161,11,16100,15400,1000001100,524,0
161,12,16100,15400,1000001100,524,0
161,13,16100,15400,1000001100,524,0
161,14,16100,15400,1000001100,524,0
161,15,16100,15400,1000001101,525,0
161,16,16100,15400,1000001101,525,0
161,17,16100,15400,1000001101,525,0
161,18,16100,15400,1000001100,524,0
161,19,16100,15400,1000001100,524,0
162,0,16200,15300,1000010011,531,0
162,1,16200,15300,1000010011,531,0
162,2,16200,15300,1000010011,531,0
162,3,16200,15300,1000010011,531,0
162,4,16200,15300,1000010001,529,0
162,5,16200,15300,1000010010,530,0
162,6,16200,15300,1000010010,530,0
162,7,16200,15300,1000001111,527,0
162,8,16200,15300,1000001111,527,0
162,9,16200,15300,1000010001,529,0
162,10,16200,15300,1000010001,529,0
162,11,16200,15300,1000001111,527,0
162,12,16200,15300,1000001111,527,0
162,13,16200,15300,1000001111,527,0
162,14,16200,15300,1000001111,527,0
162,15,16200,15300,1000001111,527,0
162,16,16200,15300,1000001111,527,0
162,17,16200,15300,1000001110,526,0
162,18,16200,15300,1000001110,526,0
162,19,16200,15300,1000001110,526,0
163,0,16300,15200,1000010010,530,0
163,1,16300,15200,1000010011,531,0
163,2,16300,15200,1000010011,531,0
163,3,16300,15200,1000010011,531,0
163,4,16300,15200,1000010011,531,0
163,5,16300,15200,1000010011,531,0
163,6,16300,15200,1000010100,532,0
163,7,16300,15200,1000010101,533,0
163,8,16300,15200,1000010100,532,0
163,9,16300,15200,1000010100,532,0
163,10,16300,15200,1000010100,532,0
163,11,16300,15200,1000010011,531,0
163,12,16300,15200,1000010011,531,0
163,13,16300,15200,1000010110,534,0
163,14,16300,15200,1000010100,532,0
163,15,16300,15200,1000010100,532,0
163,16,16300,15200,1000010110,534,0
163,17,16300,15200,1000010110,534,0
163,18,16300,15200,1000010111,535,0
163,19,16300,15200,1000010101,533,0
164,0,16400,15100,1000011000,536,0
164,1,16400,15100,1000010111,535,0
164,2,16400,15100,1000010111,535,0
164,3,16400,15100,1000011000,536,0
164,4,16400,15100,1000010111,535,0
164,5,16400,15100,1000010111,535,0
164,6,16400,15100,1000010111,535,0
164,7,16400,15100,1000010111,535,0
164,8,16400,15100,1000010111,535,0
164,9,16400,15100,1000010111,535,0
164,10,16400,15100,1000010110,534,0
164,11,16400,15100,1000010110,534,0
164,12,16400,15100,1000010111,535,0
164,13,16400,15100,1000010111,535,0
164,14,16400,15100,1000010111,535,0
164,15,16400,15100,1000010111,535,0
164,16,16400,15100,1000010111,535,0
164,17,16400,15100,1000010111,535,0
164,18,16400,15100,1000010111,535,0
164,19,16400,15100,1000011000,536,0
165,0,16500,15000,1000011010,538,0
165,1,16500,15000,1000011011,539,0
165,2,16500,15000,1000011110,542,0
165,3,16500,15000,1000011110,542,0
165,4,16500,15000,1000011110,542,0
165,5,16500,15000,1000011110,542,0
165,6,16500,15000,1000011011,539,0
165,7,16500,15000,1000011100,540,0
165,8,16500,15000,1000011010,538,0
165,9,16500,15000,1000011011,539,0
165,10,16500,15000,1000011011,539,0
165,11,16500,15000,1000011010,538,0
165,12,16500,15000,1000011011,539,0
165,13,16500,15000,1000011011,539,0
165,14,16500,15000,1000011010,538,0
165,15,16500,15000,1000011010,538,0
165,16,16500,15000,1000011011,539,0
165,17,16500,15000,1000011010,538,0
165,18,16500,15000,1000011011,539,0
165,19,16500,15000,1000011011,539,0
166,0,16600,14900,1000011101,541,0
166,1,16600,14900,1000011110,542,0
166,2,16600,14900,1000011110,542,0
166,3,16600,14900,1000011110,542,0
166,4,16600,14900,1000011110,542,0
166,5,16600,14900,1000011110,542,0
166,6,16600,14900,1000011110,542,0
166,7,16600,14900,1000011110,542,0
166,8,16600,14900,1000011110,542,0
166,9,16600,14900,1000011110,542,0
166,10,16600,14900,1000011101,541,0
166,11,16600,14900,1000100000,544,0
166,12,16600,14900,1000011111,543,0
166,13,16600,14900,1000011101,541,0
166,14,16600,14900,1000011110,542,0
166,15,16600,14900,1000100000,544,0
166,16,16600,14900,1000011110,542,0
166,17,16600,14900,1000011110,542,0
166,18,16600,14900,1000100000,544,0
166,19,16600,14900,1000011111,543,0
167,0,16700,14800,1000100000,544,0
167,1,16700,14800,1000100000,544,0
167,2,16700,14800,1000100000,544,0
167,3,16700,14800,1000100000,544,0
167,4,16700,14800,1000100000,544,0
167,5,16700,14800,1000100000,544,0
167,6,16700,14800,1000100000,544,0
167,7,16700,14800,1000100000,544,0
167,8,16700,14800,1000100000,544,0
167,9,16700,14800,1000100000,544,0
167,10,16700,14800,1000100000,544,0
167,11,16700,14800,1000100000,544,0
167,12,16700,14800,1000100000,544,0
167,13,16700,14800,1000100000,544,0
167,14,16700,14800,1000100000,544,0
167,15,16700,14800,1000100000,544,0
167,16,16700,14800,1000100000,544,0
167,17,16700,14800,1000100000,544,0
167,18,16700,14800,1000100000,544,0
167,19,16700,14800,1000100000,544,0
168,0,16800,14700,1000100010,546,0
168,1,16800,14700,1000100001,545,0
168,2,16800,14700,1000100001,545,0
168,3,16800,14700,1000100001,545,0
168,4,16800,14700,1000100001,545,0
168,5,16800,14700,1000100001,545,0
168,6,16800,14700,1000100111,551,0
168,7,16800,14700,1000100001,545,0
168,8,16800,14700,1000100001,545,0
168,9,16800,14700,1000100001,545,0
168,10,16800,14700,1000100000,544,0
168,11,16800,14700,1000100001,545,0
168,12,16800,14700,1000100001,545,0
168,13,16800,14700,1000100001,545,0
168,14,16800,14700,1000100001,545,0
168,15,16800,14700,1000100001,545,0
168,16,16800,14700,1000100010,546,0
168,17,16800,14700,1000100010,546,0
168,18,16800,14700,1000100010,546,0
168,19,16800,14700,1000100001,545,0
169,0,16900,14600,1000100100,548,0
169,1,16900,14600,1000100100,548,0
169,2,16900,14600,1000100100,548,0
169,3,16900,14600,1000100100,548,0
169,4,16900,14600,1000100100,548,0
169,5,16900,14600,1000100100,548,0
169,6,16900,14600,1000100100,548,0
169,7,16900,14600,1000100101,549,0
169,8,16900,14600,1000100100,548,0
169,9,16900,14600,1000100100,548,0
169,10,16900,14600,1000100101,549,0
169,11,16900,14600,1000100101,549,0
169,12,16900,14600,1000100101,549,0
169,13,16900,14600,1000100101,549,0
169,14,16900,14600,1000100101,549,0
169,15,16900,14600,1000100110,550,0
169,16,16900,14600,1000100101,549,0
169,17,16900,14600,1000100111,551,0
169,18,16900,14600,1000100111,551,0
169,19,16900,14600,1000100111,551,0
170,0,17000,14500,1000101000,552,0
170,1,17000,14500,1000101000,552,0
170,2,17000,14500,1000101001,553,0
170,3,17000,14500,1000101001,553,0
170,4,17000,14500,1000101000,552,0
170,5,17000,14500,1000101001,553,0
170,6,17000,14500,1000101000,552,0
170,7,17000,14500,1000101001,553,0
170,8,17000,14500,1000101010,554,0
170,9,17000,14500,1000101000,552,0
170,10,17000,14500,1000101000,552,0
170,11,17000,14500,1000101010,554,0
170,12,17000,14500,1000101011,555,0
170,13,17000,14500,1000101000,552,0
170,14,17000,14500,1000101000,552,0
170,15,17000,14500,1000101000,552,0
170,16,17000,14500,1000101000,552,0
170,17,17000,14500,1000101000,552,0
170,18,17000,14500,1000101000,552,0
170,19,17000,14500,1000101000,552,0
171,0,17100,14400,1000101010,554,0
171,1,17100,14400,1000101011,555,0
171,2,17100,14400,1000101011,555,0
171,3,17100,14400,1000101100,556,0
171,4,17100,14400,1000101100,556,0
171,5,17100,14400,1000101011,555,0
171,6,17100,14400,1000101100,556,0
171,7,17100,14400,1000101100,556,0
171,8,17100,14400,1000101100,556,0
171,9,17100,14400,1000101100,556,0
171,10,17100,14400,1000101011,555,0
171,11,17100,14400,1000101100,556,0
171,12,17100,14400,1000101110,558,0
171,13,17100,14400,1000101101,557,0
171,14,17100,14400,1000101100,556,0
171,15,17100,14400,1000101011,555,0
171,16,17100,14400,1000101110,558,0
171,17,17100,14400,1000101110,558,0
171,18,17100,14400,1000101110,558,0
171,19,17100,14400,1000101100,556,0
172,0,17200,14300,1000110001,561,0
172,1,17200,14300,1000110001,561,0
172,2,17200,14300,1000101111,559,0
172,3,17200,14300,1000101111,559,0
172,4,17200,14300,1000110010,562,0
172,5,17200,14300,1000110011,563,0
172,6,17200,14300,1000101111,559,0
172,7,17200,14300,1000101111,559,0
172,8,17200,14300,1000101111,559,0
172,9,17200,14300,1000110001,561,0
172,10,17200,14300,1000110001,561,0
172,11,17200,14300,1000110001,561,0
172,12,17200,14300,1000110001,561,0
172,13,17200,14300,1000110001,561,0
172,14,17200,14300,1000101111,559,0
172,15,17200,14300,1000110000,560,0
172,16,17200,14300,1000110001,561,0
172,17,17200,14300,1000110000,560,0
172,18,17200,14300,1000110001,561,0
172,19,17200,14300,1000110001,561,0
173,0,17300,14200,1000110100,564,0
173,1,17300,14200,1000110011,563,0
173,2,17300,14200,1000110011,563,0
173,3,17300,14200,1000110011,563,0
173,4,17300,14200,1000110011,563,0
173,5,17300,14200,1000110100,564,0
173,6,17300,14200,1000110011,563,0
173,7,17300,14200,1000110011,563,0
173,8,17300,14200,1000110011,563,0
173,9,17300,14200,1000110011,563,0
173,10,17300,14200,1000110011,563,0
173,11,17300,14200,1000110011,563,0
173,12,17300,14200,1000110100,564,0
173,13,17300,14200,1000110011,563,0
173,14,17300,14200,1000110011,563,0
173,15,17300,14200,1000110011,563,0
173,16,17300,14200,1000110010,562,0
173,17,17300,14200,1000110010,562,0
173,18,17300,14200,1000110011,563,0
173,19,17300,14200,1000110011,563,0
174,0,17400,14100,1000110111,567,0
174,1,17400,14100,1000111001,569,0
174,2,17400,14100,1000111001,569,0
174,3,17400,14100,1000111001,569,0
174,4,17400,14100,1000110111,567,0
174,5,17400,14100,1000110111,567,0
174,6,17400,14100,1000110111,567,0
174,7,17400,14100,1000110111,567,0
174,8,17400,14100,1000110111,567,0
174,9,17400,14100,1000111010,570,0
174,10,17400,14100,1000110111,567,0
174,11,17400,14100,1000110111,567,0
174,12,17400,14100,1000111000,568,0
174,13,17400,14100,1000110111,567,0
174,14,17400,14100,1000111000,568,0
174,15,17400,14100,1000111000,568,0
174,16,17400,14100,1000110111,567,0
174,17,17400,14100,1000110111,567,0
174,18,17400,14100,1000110111,567,0
174,19,17400,14100,1000111000,568,0
175,0,17500,14000,1000111101,573,0
175,1,17500,14000,1000111011,571,0
175,2,17500,14000,1000111011,571,0
175,3,17500,14000,1000111100,572,0
175,4,17500,14000,1000111010,570,0
175,5,17500,14000,1000111011,571,0
175,6,17500,14000,1000111100,572,0
175,7,17500,14000,1000111100,572,0
175,8,17500,14000,1000111010,570,0
175,9,17500,14000,1000111011,571,0
175,10,17500,14000,1000111100,572,0
175,11,17500,14000,1000111011,571,0
175,12,17500,14000,1000111011,571,0
175,13,17500,14000,1000111010,570,0
175,14,17500,14000,1000111001,569,0
175,15,17500,14000,1000111011,571,0
175,16,17500,14000,1000111010,570,0
175,17,17500,14000,1000111001,569,0
175,18,17500,14000,1000111001,569,0
175,19,17500,14000,1000111010,570,0
176,0,17600,13900,1000111110,574,0
176,1,17600,13900,1000111100,572,0
176,2,17600,13900,1000111101,573,0
176,3,17600,13900,1000111101,573,0
176,4,17600,13900,1000111110,574,0
176,5,17600,13900,1000111100,572,0
176,6,17600,13900,1000111101,573,0
176,7,17600,13900,1000111101,573,0
176,8,17600,13900,1000111101,573,0
176,9,17600,13900,1000111110,574,0
176,10,17600,13900,1000111110,574,0
176,11,17600,13900,1000111110,574,0
176,12,17600,13900,1000111110,574,0
176,13,17600,13900,1000111110,574,0
176,14,17600,13900,1000111110,574,0
176,15,17600,13900,1000111110,574,0
176,16,17600,13900,1000111110,574,0
176,17,17600,13900,1000111110,574,0
176,18,17600,13900,1001000000,576,0
176,19,17600,13900,1000111111,575,0
177,0,17700,13800,1001000000,576,0
177,1,17700,13800,1001000000,576,0
177,2,17700,13800,1001000000,576,0
177,3,17700,13800,1001000000,576,0
177,4,17700,13800,1001000000,576,0
177,5,17700,13800,1001000000,576,0
177,6,17700,13800,1001000000,576,0
177,7,17700,13800,1001000000,576,0
177,8,17700,13800,1001000000,576,0
177,9,17700,13800,1001000000,576,0
177,10,17700,13800,1001000000,576,0
177,11,17700,13800,1001000000,576,0
177,12,17700,13800,1001000000,576,0
177,13,17700,13800,1001000000,576,0
177,14,17700,13800,1001000000,576,0
177,15,17700,13800,1001000000,576,0
177,16,17700,13800,1001000000,576,0
177,17,17700,13800,1001000000,576,0
177,18,17700,13800,1000111111,575,0
177,19,17700,13800,1001000000,576,0
178,0,17800,13700,1001000010,578,0
178,1,17800,13700,1001000010,578,0
178,2,17800,13700,1001000010,578,0
178,3,17800,13700,1001000010,578,0
178,4,17800,13700,1001000010,578,0
178,5,17800,13700,1001000010,578,0
178,6,17800,13700,1001000011,579,0
178,7,17800,13700,1001000011,579,0
178,8,17800,13700,1001000010,578,0
178,9,17800,13700,1001000011,579,0
178,10,17800,13700,1001000011,579,0
178,11,17800,13700,1001000010,578,0
178,12,17800,13700,1001000010,578,0
178,13,17800,13700,1001000100,580,0
178,14,17800,13700,1001000011,579,0
178,15,17800,13700,1001000100,580,0
178,16,17800,13700,1001000100,580,0
178,17,17800,13700,1001000011,579,0
178,18,17800,13700,1001000011,579,0
178,19,17800,13700,1001000011,579,0
179,0,17900,13600,1001000101,581,0
179,1,17900,13600,1001000101,581,0
179,2,17900,13600,1001000100,580,0
179,3,17900,13600,1001000101,581,0
179,4,17900,13600,1001000101,581,0
179,5,17900,13600,1001000101,581,0
179,6,17900,13600,1001000101,581,0
179,7,17900,13600,1001000101,581,0
179,8,17900,13600,1001000110,582,0
179,9,17900,13600,1001000110,582,0
179,10,17900,13600,1001000101,581,0
179,11,17900,13600,1001000100,580,0
179,12,17900,13600,1001000100,580,0
179,13,17900,13600,1001000101,581,0
179,14,17900,13600,1001000101,581,0
179,15,17900,13600,1001000101,581,0
179,16,17900,13600,1001000101,581,0
179,17,17900,13600,1001000101,581,0
179,18,17900,13600,1001000101,581,0
179,19,17900,13600,1001000101,581,0
180,0,18000,13500,1001001001,585,0
180,1,18000,13500,1001001000,584,0
180,2,18000,13500,1001001001,585,0
180,3,18000,13500,1001001011,587,0
180,4,18000,13500,1001001000,584,0
180,5,18000,13500,1001001010,586,0
180,6,18000,13500,1001001001,585,0
180,7,18000,13500,1001001001,585,0
180,8,18000,13500,1001001000,584,0
180,9,18000,13500,1001001001,585,0
180,10,18000,13500,1001001010,586,0
180,11,18000,13500,1001001001,585,0
180,12,18000,13500,1001001001,585,0
180,13,18000,13500,1001001001,585,0
180,14,18000,13500,1001001001,585,0
180,15,18000,13500,1001001001,585,0
180,16,18000,13500,1001001001,585,0
180,17,18000,13500,1001001001,585,0
180,18,18000,13500,1001001001,585,0
180,19,18000,13500,1001001001,585,0
181,0,18100,13400,1001001100,588,0
181,1,18100,13400,1001001100,588,0
181,2,18100,13400,1001001100,588,0
181,3,18100,13400,1001001101,589,0
181,4,18100,13400,1001001100,588,0
181,5,18100,13400,1001001100,588,0
181,6,18100,13400,1001001100,588,0
181,7,18100,13400,1001001100,588,0
181,8,18100,13400,1001001100,588,0
181,9,18100,13400,1001001100,588,0
181,10,18100,13400,1001001100,588,0
181,11,18100,13400,1001001011,587,0
181,12,18100,13400,1001001011,587,0
181,13,18100,13400,1001001100,588,0
181,14,18100,13400,1001001100,588,0
181,15,18100,13400,1001001100,588,0
181,16,18100,13400,1001001100,588,0
181,17,18100,13400,1001001100,588,0
181,18,18100,13400,1001001100,588,0
181,19,18100,13400,1001001100,588,0
182,0,18200,13300,1001001111,591,0
182,1,18200,13300,1001010000,592,0
182,2,18200,13300,1001010000,592,0
182,3,18200,13300,1001001111,591,0
182,4,18200,13300,1001001111,591,0
182,5,18200,13300,1001001111,591,0
182,6,18200,13300,1001001111,591,0
182,7,18200,13300,1001010000,592,0
182,8,18200,13300,1001001111,591,0
182,9,18200,13300,1001001111,591,0
182,10,18200,13300,1001010000,592,0
182,11,18200,13300,1001010001,593,0
182,12,18200,13300,1001010001,593,0
182,13,18200,13300,1001001111,591,0
182,14,18200,13300,1001010001,593,0
182,15,18200,13300,1001001111,591,0
182,16,18200,13300,1001010000,592,0
182,17,18200,13300,1001010000,592,0
182,18,18200,13300,1001001111,591,0
182,19,18200,13300,1001010010,594,0
183,0,18300,13200,1001010101,597,0
183,1,18300,13200,1001010100,596,0
183,2,18300,13200,1001010100,596,0
183,3,18300,13200,1001010101,597,0
183,4,18300,13200,1001010100,596,0
183,5,18300,13200,1001010100,596,0
183,6,18300,13200,1001010100,596,0
183,7,18300,13200,1001010100,596,0
183,8,18300,13200,1001010011,595,0
183,9,18300,13200,1001010100,596,0
183,10,18300,13200,1001010011,595,0
183,11,18300,13200,1001010100,596,0
183,12,18300,13200,1001010011,595,0
183,13,18300,13200,1001010100,596,0
183,14,18300,13200,1001010011,595,0
183,15,18300,13200,1001010011,595,0
183,16,18300,13200,1001010100,596,0
183,17,18300,13200,1001010100,596,0
183,18,18300,13200,1001010011,595,0
183,19,18300,13200,1001010011,595,0
184,0,18400,13100,1001011010,602,0
184,1,18400,13100,1001011000,600,0
184,2,18400,13100,1001010111,599,0
184,3,18400,13100,1001010111,599,0
184,4,18400,13100,1001011000,600,0
184,5,18400,13100,1001011001,601,0
184,6,18400,13100,1001011000,600,0
184,7,18400,13100,1001010111,599,0
184,8,18400,13100,1001011000,600,0
184,9,18400,13100,1001011000,600,0
184,10,18400,13100,1001011000,600,0
184,11,18400,13100,1001011000,600,0
184,12,18400,13100,1001011000,600,0
184,13,18400,13100,1001010111,599,0
184,14,18400,13100,1001010111,599,0
184,15,18400,13100,1001010111,599,0
184,16,18400,13100,1001010111,599,0
184,17,18400,13100,1001011000,600,0
184,18,18400,13100,1001010111,599,0
184,19,18400,13100,1001010111,599,0
185,0,18500,13000,1001011011,603,0
185,1,18500,13000,1001011010,602,0
185,2,18500,13000,1001011010,602,0
185,3,18500,13000,1001011011,603,0
185,4,18500,13000,1001011010,602,0
185,5,18500,13000,1001011011,603,0
185,6,18500,13000,1001011010,602,0
185,7,18500,13000,1001011010,602,0
185,8,18500,13000,1001011010,602,0
185,9,18500,13000,1001011010,602,0
185,10,18500,13000,1001011011,603,0
185,11,18500,13000,1001011010,602,0
185,12,18500,13000,1001011011,603,0
185,13,18500,13000,1001011100,604,0
185,14,18500,13000,1001011010,602,0
185,15,18500,13000,1001011011,603,0
185,16,18500,13000,1001011100,604,0
185,17,18500,13000,1001011011,603,0
185,18,18500,13000,1001011011,603,0
185,19,18500,13000,1001011011,603,0
186,0,18600,12900,1001011110,606,0
186,1,18600,12900,1001011110,606,0
186,2,18600,12900,1001011111,607,0
186,3,18600,12900,1001011111,607,0
186,4,18600,12900,1001011111,607,0
186,5,18600,12900,1001100000,608,0
186,6,18600,12900,1001100000,608,0
186,7,18600,12900,1001100000,608,0
186,8,18600,12900,1001100000,608,0
186,9,18600,12900,1001100000,608,0
186,10,18600,12900,1001011101,605,0
186,11,18600,12900,1001011110,606,0
186,12,18600,12900,1001011101,605,0
186,13,18600,12900,1001011110,606,0
186,14,18600,12900,1001100000,608,0
186,15,18600,12900,1001100000,608,0
186,16,18600,12900,1001011110,606,0
186,17,18600,12900,1001011111,607,0
186,18,18600,12900,1001011110,606,0
186,19,18600,12900,1001011111,607,0
187,0,18700,12800,1001100000,608,0
187,1,18700,12800,1001100000,608,0
187,2,18700,12800,1001100000,608,0
187,3,18700,12800,1001100000,608,0
187,4,18700,12800,1001100000,608,0
187,5,18700,12800,1001100000,608,0
187,6,18700,12800,1001100000,608,0
187,7,18700,12800,1001100000,608,0
187,8,18700,12800,1001100000,608,0
187,9,18700,12800,1001100000,608,0
187,10,18700,12800,1001100000,608,0
187,11,18700,12800,1001100000,608,0
187,12,18700,12800,1001100000,608,0
187,13,18700,12800,1001100000,608,0
187,14,18700,12800,1001100000,608,0
187,15,18700,12800,1001100000,608,0
187,16,18700,12800,1001100000,608,0
187,17,18700,12800,1001100000,608,0
187,18,18700,12800,1001100000,608,0
187,19,18700,12800,1001100000,608,0
188,0,18800,12700,1001100001,609,0
188,1,18800,12700,1001100010,610,0
188,2,18800,12700,1001100001,609,0
188,3,18800,12700,1001100000,608,0
188,4,18800,12700,1001100001,609,0
188,5,18800,12700,1001100001,609,0
188,6,18800,12700,1001100010,610,0
188,7,18800,12700,1001100010,610,0
188,8,18800,12700,1001100010,610,0
188,9,18800,12700,1001100010,610,0
188,10,18800,12700,1001100010,610,0
188,11,18800,12700,1001100011,611,0
188,12,18800,12700,1001100001,609,0
188,13,18800,12700,1001100010,610,0
188,14,18800,12700,1001100011,611,0
188,15,18800,12700,1001100011,611,0
188,16,18800,12700,1001100010,610,0
188,17,18800,12700,1001100010,610,0
188,18,18800,12700,1001100011,611,0
188,19,18800,12700,1001100010,610,0
189,0,18900,12600,1001100101,613,0
189,1,18900,12600,1001100101,613,0
189,2,18900,12600,1001100101,613,0
189,3,18900,12600,1001100111,615,0
189,4,18900,12600,1001100101,613,0
189,5,18900,12600,1001100101,613,0
189,6,18900,12600,1001100101,613,0
189,7,18900,12600,1001100101,613,0
189,8,18900,12600,1001100110,614,0
189,9,18900,12600,1001100110,614,0
189,10,18900,12600,1001100110,614,0
189,11,18900,12600,1001100101,613,0
189,12,18900,12600,1001100101,613,0
189,13,18900,12600,1001100110,614,0
189,14,18900,12600,1001100110,614,0
189,15,18900,12600,1001100101,613,0
189,16,18900,12600,1001100101,613,0
189,17,18900,12600,1001100101,613,0
189,18,18900,12600,1001100100,612,0
189,19,18900,12600,1001100101,613,0
190,0,19000,12500,1001101000,616,0
190,1,19000,12500,1001101000,616,0
190,2,19000,12500,1001101000,616,0
190,3,19000,12500,1001101001,617,0
190,4,19000,12500,1001101000,616,0
190,5,19000,12500,1001101001,617,0
190,6,19000,12500,1001101000,616,0
190,7,19000,12500,1001101000,616,0
190,8,19000,12500,1001101000,616,0
190,9,19000,12500,1001101000,616,0
190,10,19000,12500,1001101000,616,0
190,11,19000,12500,1001101000,616,0
190,12,19000,12500,1001101000,616,0
190,13,19000,12500,1001101000,616,0
190,14,19000,12500,1001101000,616,0
190,15,19000,12500,1001101001,617,0
190,16,19000,12500,1001101001,617,0
190,17,19000,12500,1001101000,616,0
190,18,19000,12500,1001101001,617,0
190,19,19000,12500,1001101001,617,0
191,0,19100,12400,1001101101,621,0
191,1,19100,12400,1001101100,620,0
191,2,19100,12400,1001101100,620,0
191,3,19100,12400,1001101101,621,0
191,4,19100,12400,1001101101,621,0
191,5,19100,12400,1001101101,621,0
191,6,19100,12400,1001101101,621,0
191,7,19100,12400,1001101101,621,0
191,8,19100,12400,1001101100,620,0
191,9,19100,12400,1001101100,620,0
191,10,19100,12400,1001101100,620,0
191,11,19100,12400,1001101110,622,0
191,12,19100,12400,1001101101,621,0
191,13,19100,12400,1001101100,620,0
191,14,19100,12400,1001101100,620,0
191,15,19100,12400,1001101100,620,0
191,16,19100,12400,1001101100,620,0
191,17,19100,12400,1001101101,621,0
191,18,19100,12400,1001101100,620,0
191,19,19100,12400,1001101100,620,0
192,0,19200,12300,1001101111,623,0
192,1,19200,12300,1001110000,624,0
192,2,19200,12300,1001110001,625,0
192,3,19200,12300,1001110000,624,0
192,4,19200,12300,1001101111,623,0
192,5,19200,12300,1001110001,625,0
192,6,19200,12300,1001110000,624,0
192,7,19200,12300,1001110000,624,0
192,8,19200,12300,1001101111,623,0
192,9,19200,12300,1001101111,623,0
192,10,19200,12300,1001110000,624,0
192,11,19200,12300,1001110001,625,0
192,12,19200,12300,1001101111,623,0
192,13,19200,12300,1001101111,623,0
192,14,19200,12300,1001101111,623,0
192,15,19200,12300,1001101111,623,0
192,16,19200,12300,1001101111,623,0
192,17,19200,12300,1001101111,623,0
192,18,19200,12300,1001101111,623,0
192,19,19200,12300,1001101111,623,0
193,0,19300,12200,1001110100,628,0
193,1,19300,12200,1001110011,627,0
193,2,19300,12200,1001110011,627,0
193,3,19300,12200,1001110100,628,0
193,4,19300,12200,1001110100,628,0
193,5,19300,12200,1001110100,628,0
193,6,19300,12200,1001110100,628,0
193,7,19300,12200,1001110100,628,0
193,8,19300,12200,1001110100,628,0
193,9,19300,12200,1001110011,627,0
193,10,19300,12200,1001110110,630,0
193,11,19300,12200,1001110100,628,0
193,12,19300,12200,1001110100,628,0
193,13,19300,12200,1001110100,628,0
193,14,19300,12200,1001110100,628,0
193,15,19300,12200,1001110100,628,0
193,16,19300,12200,1001110101,629,0
193,17,19300,12200,1001110100,628,0
193,18,19300,12200,1001110100,628,0
193,19,19300,12200,1001110100,628,0
194,0,19400,12100,1001110111,631,0
194,1,19400,12100,1001110111,631,0
194,2,19400,12100,1001110111,631,0
194,3,19400,12100,1001110111,631,0
194,4,19400,12100,1001110111,631,0
194,5,19400,12100,1001110111,631,0
194,6,19400,12100,1001110111,631,0
194,7,19400,12100,1001110111,631,0
194,8,19400,12100,1001110111,631,0
194,9,19400,12100,1001110111,631,0
194,10,19400,12100,1001110110,630,0
194,11,19400,12100,1001110111,631,0
194,12,19400,12100,1001110111,631,0
194,13,19400,12100,1001110110,630,0
194,14,19400,12100,1001110111,631,0
194,15,19400,12100,1001111000,632,0
194,16,19400,12100,1001110111,631,0
194,17,19400,12100,1001110111,631,0
194,18,19400,12100,1001111000,632,0
194,19,19400,12100,1001110111,631,0
195,0,19500,12000,1001111010,634,0
195,1,19500,12000,1001111010,634,0
195,2,19500,12000,1001111010,634,0
195,3,19500,12000,1001111011,635,0
195,4,19500,12000,1001111011,635,0
195,5,19500,12000,1001111010,634,0
195,6,19500,12000,1001111011,635,0
195,7,19500,12000,1001111011,635,0
195,8,19500,12000,1001111011,635,0
195,9,19500,12000,1001111011,635,0
195,10,19500,12000,1001111011,635,0
195,11,19500,12000,1001111011,635,0
195,12,19500,12000,1001111011,635,0
195,13,19500,12000,1001111011,635,0
195,14,19500,12000,1001111100,636,0
195,15,19500,12000,1001111100,636,0
195,16,19500,12000,1001111011,635,0
195,17,19500,12000,1001111011,635,0
195,18,19500,12000,1001111101,637,0
195,19,19500,12000,1001111110,638,0
196,0,19600,11900,1001111111,639,0
196,1,19600,11900,1001111110,638,0
196,2,19600,11900,1001111110,638,0
196,3,19600,11900,1010000000,640,0
196,4,19600,11900,1001111101,637,0
196,5,19600,11900,1001111110,638,0
196,6,19600,11900,1001111111,639,0
196,7,19600,11900,1001111110,638,0
196,8,19600,11900,1001111111,639,0
196,9,19600,11900,1001111110,638,0
196,10,19600,11900,1001111111,639,0
196,11,19600,11900,1001111111,639,0
196,12,19600,11900,1001111110,638,0
196,13,19600,11900,1001111111,639,0
196,14,19600,11900,1001111110,638,0
196,15,19600,11900,1001111111,639,0
196,16,19600,11900,1001111110,638,0
196,17,19600,11900,1001111110,638,0
196,18,19600,11900,1001111110,638,0
196,19,19600,11900,1001111110,638,0
197,0,19700,11800,1010000000,640,0
197,1,19700,11800,1010000000,640,0
197,2,19700,11800,1010000000,640,0
197,3,19700,11800,1010000000,640,0
197,4,19700,11800,1010000000,640,0
197,5,19700,11800,1010000000,640,0
197,6,19700,11800,1010000000,640,0
197,7,19700,11800,1010000000,640,0
197,8,19700,11800,1010000000,640,0
197,9,19700,11800,1010000000,640,0
197,10,19700,11800,1010000000,640,0
197,11,19700,11800,1010000000,640,0
197,12,19700,11800,1010000000,640,0
197,13,19700,11800,1010000000,640,0
197,14,19700,11800,1010000000,640,0
197,15,19700,11800,1010000000,640,0
197,16,19700,11800,1010000000,640,0
197,17,19700,11800,1010000000,640,0
197,18,19700,11800,1010000000,640,0
197,19,19700,11800,1010000000,640,0
198,0,19800,11700,1010000010,642,0
198,1,19800,11700,1010000010,642,0
198,2,19800,11700,1010000001,641,0
198,3,19800,11700,1010000010,642,0
198,4,19800,11700,1010000011,643,0
198,5,19800,11700,1010000010,642,0
198,6,19800,11700,1010000011,643,0
198,7,19800,11700,1010000011,643,0
198,8,19800,11700,1010000010,642,0
198,9,19800,11700,1010000010,642,0
198,10,19800,11700,1010000011,643,0
198,11,19800,11700,1010000010,642,0
198,12,19800,11700,1010000010,642,0
198,13,19800,11700,1010000010,642,0
198,14,19800,11700,1010000010,642,0
198,15,19800,11700,1010000010,642,0
198,16,19800,11700,1010000011,643,0
198,17,19800,11700,1010000011,643,0
198,18,19800,11700,1010000010,642,0
198,19,19800,11700,1010000011,643,0
199,0,19900,11600,1010000111,647,0
199,1,19900,11600,1010000110,646,0
199,2,19900,11600,1010000110,646,0
199,3,19900,11600,1010000110,646,0
199,4,19900,11600,1010000110,646,0
199,5,19900,11600,1010000110,646,0
199,6,19900,11600,1010000111,647,0
199,7,19900,11600,1010000110,646,0
199,8,19900,11600,1010000110,646,0
199,9,19900,11600,1010000110,646,0
199,10,19900,11600,1010000110,646,0
199,11,19900,11600,1010000110,646,0
199,12,19900,11600,1010000111,647,0
199,13,19900,11600,1010000110,646,0
199,14,19900,11600,1010000110,646,0
199,15,19900,11600,1010000110,646,0
199,16,19900,11600,1010000110,646,0
199,17,19900,11600,1010000110,646,0
199,18,19900,11600,1010000110,646,0
199,19,19900,11600,1010000101,645,0
200,0,20000,11500,1010001010,650,0
200,1,20000,11500,1010001010,650,0
200,2,20000,11500,1010001001,649,0
200,3,20000,11500,1010001010,650,0
200,4,20000,11500,1010001001,649,0
200,5,20000,11500,1010001001,649,0
200,6,20000,11500,1010001001,649,0
200,7,20000,11500,1010001001,649,0
200,8,20000,11500,1010001010,650,0
200,9,20000,11500,1010001010,650,0
200,10,20000,11500,1010001001,649,0
200,11,20000,11500,1010001010,650,0
200,12,20000,11500,1010001001,649,0
200,13,20000,11500,1010001010,650,0
200,14,20000,11500,1010001001,649,0
200,15,20000,11500,1010001010,650,0
200,16,20000,11500,1010001001,649,0
200,17,20000,11500,1010001001,649,0
200,18,20000,11500,1010001001,649,0
200,19,20000,11500,1010001001,649,0
201,0,20100,11400,1010001100,652,0
201,1,20100,11400,1010001101,653,0
201,2,20100,11400,1010001100,652,0
201,3,20100,11400,1010001101,653,0
201,4,20100,11400,1010001100,652,0
201,5,20100,11400,1010001100,652,0
201,6,20100,11400,1010001101,653,0
201,7,20100,11400,1010001101,653,0
201,8,20100,11400,1010001110,654,0
201,9,20100,11400,1010001101,653,0
201,10,20100,11400,1010001101,653,0
201,11,20100,11400,1010001100,652,0
201,12,20100,11400,1010001110,654,0
201,13,20100,11400,1010001101,653,0
201,14,20100,11400,1010001101,653,0
201,15,20100,11400,1010001100,652,0
201,16,20100,11400,1010001101,653,0
201,17,20100,11400,1010001101,653,0
201,18,20100,11400,1010001101,653,0
201,19,20100,11400,1010001100,652,0
202,0,20200,11300,1010001111,655,0
202,1,20200,11300,1010010001,657,0
202,2,20200,11300,1010010001,657,0
202,3,20200,11300,1010010001,657,0
202,4,20200,11300,1010001111,655,0
202,5,20200,11300,1010001111,655,0
202,6,20200,11300,1010010001,657,0
202,7,20200,11300,1010001111,655,0
202,8,20200,11300,1010001111,655,0
202,9,20200,11300,1010001111,655,0
202,10,20200,11300,1010010001,657,0
202,11,20200,11300,1010010001,657,0
202,12,20200,11300,1010001111,655,0
202,13,20200,11300,1010010001,657,0
202,14,20200,11300,1010010010,658,0
202,15,20200,11300,1010010001,657,0
202,16,20200,11300,1010010011,659,0
202,17,20200,11300,1010010001,657,0
202,18,20200,11300,1010010000,656,0
202,19,20200,11300,1010010001,657,0
203,0,20300,11200,1010010100,660,0
203,1,20300,11200,1010010101,661,0
203,2,20300,11200,1010010100,660,0
203,3,20300,11200,1010010100,660,0
203,4,20300,11200,1010010100,660,0
203,5,20300,11200,1010010100,660,0
203,6,20300,11200,1010010100,660,0
203,7,20300,11200,1010010101,661,0
203,8,20300,11200,1010010100,660,0
203,9,20300,11200,1010010101,661,0
203,10,20300,11200,1010010100,660,0
203,11,20300,11200,1010010100,660,0
203,12,20300,11200,1010010100,660,0
203,13,20300,11200,1010010100,660,0
203,14,20300,11200,1010010100,660,0
203,15,20300,11200,1010010100,660,0
203,16,20300,11200,1010010101,661,0
203,17,20300,11200,1010010100,660,0
203,18,20300,11200,1010010100,660,0
203,19,20300,11200,1010010100,660,0
204,0,20400,11100,1010010111,663,0
204,1,20400,11100,1010010111,663,0
204,2,20400,11100,1010010111,663,0
204,3,20400,11100,1010010111,663,0
204,4,20400,11100,1010011000,664,0
204,5,20400,11100,1010010111,663,0
204,6,20400,11100,1010010111,663,0
204,7,20400,11100,1010010111,663,0
204,8,20400,11100,1010010111,663,0
204,9,20400,11100,1010011000,664,0
204,10,20400,11100,1010011000,664,0
204,11,20400,11100,1010011000,664,0
204,12,20400,11100,1010011000,664,0
204,13,20400,11100,1010011000,664,0
204,14,20400,11100,1010011000,664,0
204,15,20400,11100,1010011000,664,0
204,16,20400,11100,1010011000,664,0
204,17,20400,11100,1010011000,664,0
204,18,20400,11100,1010010111,663,0
204,19,20400,11100,1010011010,666,0
205,0,20500,11000,1010011100,668,0
205,1,20500,11000,1010011100,668,0
205,2,20500,11000,1010011011,667,0
205,3,20500,11000,1010011100,668,0
205,4,20500,11000,1010011011,667,0
205,5,20500,11000,1010011100,668,0
205,6,20500,11000,1010011011,667,0
205,7,20500,11000,1010011011,667,0
205,8,20500,11000,1010011011,667,0
205,9,20500,11000,1010011011,667,0
205,10,20500,11000,1010011100,668,0
205,11,20500,11000,1010011011,667,0
205,12,20500,11000,1010011010,666,0
205,13,20500,11000,1010011011,667,0
205,14,20500,11000,1010011011,667,0
205,15,20500,11000,1010011010,666,0
205,16,20500,11000,1010011011,667,0
205,17,20500,11000,1010011011,667,0
205,18,20500,11000,1010011011,667,0
205,19,20500,11000,1010011011,667,0
206,0,20600,10900,1010011111,671,0
206,1,20600,10900,1010011110,670,0
206,2,20600,10900,1010011110,670,0
206,3,20600,10900,1010011110,670,0
206,4,20600,10900,1010100000,672,0
206,5,20600,10900,1010011110,670,0
206,6,20600,10900,1010011111,671,0
206,7,20600,10900,1010011111,671,0
206,8,20600,10900,1010100000,672,0
206,9,20600,10900,1010011111,671,0
206,10,20600,10900,1010011110,670,0
206,11,20600,10900,1010011110,670,0
206,12,20600,10900,1010011110,670,0
206,13,20600,10900,1010011111,671,0
206,14,20600,10900,1010011111,671,0
206,15,20600,10900,1010011111,671,0
206,16,20600,10900,1010100000,672,0
206,17,20600,10900,1010011111,671,0
206,18,20600,10900,1010011110,670,0
206,19,20600,10900,1010011111,671,0
207,0,20700,10800,1010100000,672,0
207,1,20700,10800,1010100000,672,0
207,2,20700,10800,1010100000,672,0
207,3,20700,10800,1010100000,672,0
207,4,20700,10800,1010100000,672,0
207,5,20700,10800,1010100000,672,0
207,6,20700,10800,1010100000,672,0
207,7,20700,10800,1010100000,672,0
207,8,20700,10800,1010100000,672,0
207,9,20700,10800,1010100000,672,0
207,10,20700,10800,1010100000,672,0
207,11,20700,10800,1010100000,672,0
207,12,20700,10800,1010100000,672,0
207,13,20700,10800,1010100000,672,0
207,14,20700,10800,1010100000,672,0
207,15,20700,10800,1010100000,672,0
207,16,20700,10800,1010100000,672,0
207,17,20700,10800,1010100000,672,0
207,18,20700,10800,1010100000,672,0
207,19,20700,10800,1010100000,672,0
208,0,20800,10700,1010100010,674,0
208,1,20800,10700,1010100010,674,0
208,2,20800,10700,1010100011,675,0
208,3,20800,10700,1010100010,674,0
208,4,20800,10700,1010100010,674,0
208,5,20800,10700,1010100010,674,0
208,6,20800,10700,1010100010,674,0
208,7,20800,10700,1010100010,674,0
208,8,20800,10700,1010100010,674,0
208,9,20800,10700,1010100010,674,0
208,10,20800,10700,1010100010,674,0
208,11,20800,10700,1010100010,674,0
208,12,20800,10700,1010100010,674,0
208,13,20800,10700,1010100010,674,0
208,14,20800,10700,1010100010,674,0
208,15,20800,10700,1010100010,674,0
208,16,20800,10700,1010100010,674,0
208,17,20800,10700,1010100010,674,0
208,18,20800,10700,1010100001,673,0
208,19,20800,10700,1010100001,673,0
209,0,20900,10600,1010100101,677,0
209,1,20900,10600,1010100110,678,0
209,2,20900,10600,1010100110,678,0
209,3,20900,10600,1010100110,678,0
209,4,20900,10600,1010100110,678,0
209,5,20900,10600,1010100110,678,0
209,6,20900,10600,1010100101,677,0
209,7,20900,10600,1010100110,678,0
209,8,20900,10600,1010100110,678,0
209,9,20900,10600,1010100110,678,0
209,10,20900,10600,1010100110,678,0
209,11,20900,10600,1010100110,678,0
209,12,20900,10600,1010100101,677,0
209,13,20900,10600,1010100111,679,0
209,14,20900,10600,1010100101,677,0
209,15,20900,10600,1010100101,677,0
209,16,20900,10600,1010100110,678,0
209,17,20900,10600,1010100101,677,0
209,18,20900,10600,1010100110,678,0
209,19,20900,10600,1010100110,678,0
210,0,21000,10500,1010101000,680,0
210,1,21000,10500,1010101001,681,0
210,2,21000,10500,1010101001,681,0
210,3,21000,10500,1010101001,681,0
210,4,21000,10500,1010101001,681,0
210,5,21000,10500,1010101001,681,0
210,6,21000,10500,1010101001,681,0
210,7,21000,10500,1010101001,681,0
210,8,21000,10500,1010101001,681,0
210,9,21000,10500,1010101001,681,0
210,10,21000,10500,1010101001,681,0
210,11,21000,10500,1010101001,681,0
210,12,21000,10500,1010101000,680,0
210,13,21000,10500,1010101001,681,0
210,14,21000,10500,1010101001,681,0
210,15,21000,10500,1010101001,681,0
210,16,21000,10500,1010101001,681,0
210,17,21000,10500,1010101001,681,0
210,18,21000,10500,1010101001,681,0
210,19,21000,10500,1010101001,681,0
211,0,21100,10400,1010101100,684,0
211,1,21100,10400,1010101100,684,0
211,2,21100,10400,1010101100,684,0
211,3,21100,10400,1010101100,684,0
211,4,21100,10400,1010101100,684,0
211,5,21100,10400,1010101100,684,0
211,6,21100,10400,1010101100,684,0
211,7,21100,10400,1010101100,684,0
211,8,21100,10400,1010101100,684,0
211,9,21100,10400,1010101100,684,0
211,10,21100,10400,1010101100,684,0
211,11,21100,10400,1010101101,685,0
211,12,21100,10400,1010101101,685,0
211,13,21100,10400,1010101101,685,0
211,14,21100,10400,1010101100,684,0
211,15,21100,10400,1010101100,684,0
211,16,21100,10400,1010101101,685,0
211,17,21100,10400,1010101110,686,0
211,18,21100,10400,1010101101,685,0
211,19,21100,10400,1010101100,684,0
212,0,21200,10300,1010110000,688,0
212,1,21200,10300,1010110001,689,0
212,2,21200,10300,1010110001,689,0
212,3,21200,10300,1010110001,689,0
212,4,21200,10300,1010110001,689,0
212,5,21200,10300,1010110001,689,0
212,6,21200,10300,1010110001,689,0
212,7,21200,10300,1010110001,689,0
212,8,21200,10300,1010110001,689,0
212,9,21200,10300,1010110000,688,0
212,10,21200,10300,1010110000,688,0
212,11,21200,10300,1010110000,688,0
212,12,21200,10300,1010101111,687,0
212,13,21200,10300,1010110001,689,0
212,14,21200,10300,1010110000,688,0
212,15,21200,10300,1010110001,689,0
212,16,21200,10300,1010101111,687,0
212,17,21200,10300,1010110000,688,0
212,18,21200,10300,1010101111,687,0
212,19,21200,10300,1010110000,688,0
213,0,21300,10200,1010110011,691,0
213,1,21300,10200,1010110100,692,0
213,2,21300,10200,1010110100,692,0
213,3,21300,10200,1010110100,692,0
213,4,21300,10200,1010110100,692,0
213,5,21300,10200,1010110100,692,0
213,6,21300,10200,1010110100,692,0
213,7,21300,10200,1010110100,692,0
213,8,21300,10200,1010110100,692,0
213,9,21300,10200,1010110100,692,0
213,10,21300,10200,1010110101,693,0
213,11,21300,10200,1010110100,692,0
213,12,21300,10200,1010110100,692,0
213,13,21300,10200,1010110100,692,0
213,14,21300,10200,1010110101,693,0
213,15,21300,10200,1010110100,692,0
213,16,21300,10200,1010110100,692,0
213,17,21300,10200,1010110100,692,0
213,18,21300,10200,1010110100,692,0
213,19,21300,10200,1010110101,693,0
214,0,21400,10100,1010111000,696,0
214,1,21400,10100,1010110111,695,0
214,2,21400,10100,1010111000,696,0
214,3,21400,10100,1010111000,696,0
214,4,21400,10100,1010111000,696,0
214,5,21400,10100,1010110111,695,0
214,6,21400,10100,1010111000,696,0
214,7,21400,10100,1010111000,696,0
214,8,21400,10100,1010111000,696,0
214,9,21400,10100,1010110111,695,0
214,10,21400,10100,1010111000,696,0
214,11,21400,10100,1010111000,696,0
214,12,21400,10100,1010111000,696,0
214,13,21400,10100,1010111000,696,0
214,14,21400,10100,1010111000,696,0
214,15,21400,10100,1010111000,696,0
214,16,21400,10100,1010110111,695,0
214,17,21400,10100,1010110111,695,0
214,18,21400,10100,1010110111,695,0
214,19,21400,10100,1010111000,696,0
215,0,21500,10000,1010111011,699,0
215,1,21500,10000,1010111011,699,0
215,2,21500,10000,1010111011,699,0
215,3,21500,10000,1010111011,699,0
215,4,21500,10000,1010111011,699,0
215,5,21500,10000,1010111011,699,0
215,6,21500,10000,1010111011,699,0
215,7,21500,10000,1010111011,699,0
215,8,21500,10000,1010111011,699,0
215,9,21500,10000,1010111011,699,0
215,10,21500,10000,1010111100,700,0
215,11,21500,10000,1010111011,699,0
215,12,21500,10000,1010111011,699,0
215,13,21500,10000,1010111011,699,0
215,14,21500,10000,1010111011,699,0
215,15,21500,10000,1010111100,700,0
215,16,21500,10000,1010111011,699,0
215,17,21500,10000,1010111011,699,0
215,18,21500,10000,1010111011,699,0
215,19,21500,10000,1010111011,699,0
216,0,21600,9900,1010111111,703,0
216,1,21600,9900,1010111110,702,0
216,2,21600,9900,1010111111,703,0
216,3,21600,9900,1010111110,702,0
216,4,21600,9900,1010111110,702,0
216,5,21600,9900,1010111111,703,0
216,6,21600,9900,1010111101,701,0
216,7,21600,9900,1010111110,702,0
216,8,21600,9900,1010111110,702,0
216,9,21600,9900,1010111111,703,0
216,10,21600,9900,1010111111,703,0
216,11,21600,9900,1010111111,703,0
216,12,21600,9900,1010111110,702,0
216,13,21600,9900,1010111110,702,0
216,14,21600,9900,1010111111,703,0
216,15,21600,9900,1010111111,703,0
216,16,21600,9900,1010111111,703,0
216,17,21600,9900,1010111111,703,0
216,18,21600,9900,1010111111,703,0
216,19,21600,9900,1010111111,703,0
217,0,21700,9800,1011000000,704,0
217,1,21700,9800,1011000000,704,0
217,2,21700,9800,1011000000,704,0
217,3,21700,9800,1011000000,704,0
217,4,21700,9800,1011000000,704,0
217,5,21700,9800,1011000000,704,0
217,6,21700,9800,1011000000,704,0
217,7,21700,9800,1011000000,704,0
217,8,21700,9800,1011000000,704,0
217,9,21700,9800,1011000000,704,0
217,10,21700,9800,1011000000,704,0
217,11,21700,9800,1011000000,704,0
217,12,21700,9800,1011000000,704,0
217,13,21700,9800,1011000000,704,0
217,14,21700,9800,1011000000,704,0
217,15,21700,9800,1011000000,704,0
217,16,21700,9800,1011000000,704,0
217,17,21700,9800,1011000000,704,0
217,18,21700,9800,1011000000,704,0
217,19,21700,9800,1011000000,704,0
218,0,21800,9700,1011000011,707,0
218,1,21800,9700,1011000011,707,0
218,2,21800,9700,1011000011,707,0
218,3,21800,9700,1011000011,707,0
218,4,21800,9700,1011000011,707,0
218,5,21800,9700,1011000011,707,0
218,6,21800,9700,1011000011,707,0
218,7,21800,9700,1011000011,707,0
218,8,21800,9700,1011000011,707,0
218,9,21800,9700,1011000011,707,0
218,10,21800,9700,1011000011,707,0
218,11,21800,9700,1011000011,707,0
218,12,21800,9700,1011000011,707,0
218,13,21800,9700,1011000011,707,0
218,14,21800,9700,1011000011,707,0
218,15,21800,9700,1011000011,707,0
218,16,21800,9700,1011000011,707,0
218,17,21800,9700,1011000011,707,0
218,18,21800,9700,1011000011,707,0
218,19,21800,9700,1011000011,707,0
219,0,21900,9600,1011000110,710,0
219,1,21900,9600,1011000110,710,0
219,2,21900,9600,1011000110,710,0
219,3,21900,9600,1011000110,710,0
219,4,21900,9600,1011000111,711,0
219,5,21900,9600,1011000110,710,0
219,6,21900,9600,1011000111,711,0
219,7,21900,9600,1011000110,710,0
219,8,21900,9600,1011000111,711,0
219,9,21900,9600,1011000110,710,0
219,10,21900,9600,1011000110,710,0
219,11,21900,9600,1011000110,710,0
219,12,21900,9600,1011000110,710,0
219,13,21900,9600,1011000111,711,0
219,14,21900,9600,1011000111,711,0
219,15,21900,9600,1011000110,710,0
219,16,21900,9600,1011000110,710,0
219,17,21900,9600,1011000111,711,0
219,18,21900,9600,1011000110,710,0
219,19,21900,9600,1011000110,710,0
220,0,22000,9500,1011001010,714,0
220,1,22000,9500,1011001001,713,0
220,2,22000,9500,1011001001,713,0
220,3,22000,9500,1011001010,714,0
220,4,22000,9500,1011001001,713,0
220,5,22000,9500,1011001001,713,0
220,6,22000,9500,1011001010,714,0
220,7,22000,9500,1011001001,713,0
220,8,22000,9500,1011001010,714,0
220,9,22000,9500,1011001001,713,0
220,10,22000,9500,1011001010,714,0
220,11,22000,9500,1011001010,714,0
220,12,22000,9500,1011001010,714,0
220,13,22000,9500,1011001010,714,0
220,14,22000,9500,1011001010,714,0
220,15,22000,9500,1011001001,713,0
220,16,22000,9500,1011001010,714,0
220,17,22000,9500,1011001001,713,0
220,18,22000,9500,1011001001,713,0
220,19,22000,9500,1011001010,714,0
221,0,22100,9400,1011001101,717,0
221,1,22100,9400,1011001101,717,0
221,2,22100,9400,1011001101,717,0
221,3,22100,9400,1011001101,717,0
221,4,22100,9400,1011001100,716,0
221,5,22100,9400,1011001101,717,0
221,6,22100,9400,1011001100,716,0
221,7,22100,9400,1011001100,716,0
221,8,22100,9400,1011001101,717,0
221,9,22100,9400,1011001101,717,0
221,10,22100,9400,1011001101,717,0
221,11,22100,9400,1011001101,717,0
221,12,22100,9400,1011001101,717,0
221,13,22100,9400,1011001101,717,0
221,14,22100,9400,1011001101,717,0
221,15,22100,9400,1011001110,718,0
221,16,22100,9400,1011001101,717,0
221,17,22100,9400,1011001101,717,0
221,18,22100,9400,1011001101,717,0
221,19,22100,9400,1011001101,717,0
222,0,22200,9300,1011010001,721,0
222,1,22200,9300,1011010001,721,0
222,2,22200,9300,1011010001,721,0
222,3,22200,9300,1011010001,721,0
222,4,22200,9300,1011010001,721,0
222,5,22200,9300,1011010001,721,0
222,6,22200,9300,1011010001,721,0
222,7,22200,9300,1011010001,721,0
222,8,22200,9300,1011010001,721,0
222,9,22200,9300,1011010001,721,0
222,10,22200,9300,1011010001,721,0
222,11,22200,9300,1011010001,721,0
222,12,22200,9300,1011010001,721,0
222,13,22200,9300,1011010001,721,0
222,14,22200,9300,1011010001,721,0
222,15,22200,9300,1011010001,721,0
222,16,22200,9300,1011010001,721,0
222,17,22200,9300,1011010001,721,0
222,18,22200,9300,1011010001,721,0
222,19,22200,9300,1011010001,721,0
223,0,22300,9200,1011010101,725,0
223,1,22300,9200,1011010101,725,0
223,2,22300,9200,1011010101,725,0
223,3,22300,9200,1011010101,725,0
223,4,22300,9200,1011010100,724,0
223,5,22300,9200,1011010110,726,0
223,6,22300,9200,1011010101,725,0
223,7,22300,9200,1011010101,725,0
223,8,22300,9200,1011010101,725,0
223,9,22300,9200,1011010101,725,0
223,10,22300,9200,1011010100,724,0
223,11,22300,9200,1011010101,725,0
223,12,22300,9200,1011010101,725,0
223,13,22300,9200,1011010100,724,0
223,14,22300,9200,1011010101,725,0
223,15,22300,9200,1011010101,725,0
223,16,22300,9200,1011010101,725,0
223,17,22300,9200,1011010101,725,0
223,18,22300,9200,1011010100,724,0
223,19,22300,9200,1011010101,725,0
224,0,22400,9100,1011011000,728,0
224,1,22400,9100,1011011000,728,0
224,2,22400,9100,1011011000,728,0
224,3,22400,9100,1011011000,728,0
224,4,22400,9100,1011011000,728,0
224,5,22400,9100,1011011000,728,0
224,6,22400,9100,1011011000,728,0
224,7,22400,9100,1011011000,728,0
224,8,22400,9100,1011011000,728,0
224,9,22400,9100,1011011000,728,0
224,10,22400,9100,1011011000,728,0
224,11,22400,9100,1011011000,728,0
224,12,22400,9100,1011011000,728,0
224,13,22400,9100,1011011000,728,0
224,14,22400,9100,1011011000,728,0
224,15,22400,9100,1011011000,728,0
224,16,22400,9100,1011011000,728,0
224,17,22400,9100,1011011000,728,0
224,18,22400,9100,1011011000,728,0
224,19,22400,9100,1011011000,728,0
225,0,22500,9000,1011011100,732,0
225,1,22500,9000,1011011100,732,0
225,2,22500,9000,1011011100,732,0
225,3,22500,9000,1011011100,732,0
225,4,22500,9000,1011011100,732,0
225,5,22500,9000,1011011101,733,0
225,6,22500,9000,1011011101,733,0
225,7,22500,9000,1011011101,733,0
225,8,22500,9000,1011011100,732,0
225,9,22500,9000,1011011100,732,0
225,10,22500,9000,1011011100,732,0
225,11,22500,9000,1011011100,732,0
225,12,22500,9000,1011011100,732,0
225,13,22500,9000,1011011100,732,0
225,14,22500,9000,1011011100,732,0
225,15,22500,9000,1011011100,732,0
225,16,22500,9000,1011011100,732,0
225,17,22500,9000,1011011100,732,0
225,18,22500,9000,1011011100,732,0
225,19,22500,9000,1011011100,732,0
226,0,22600,8900,1011011111,735,0
226,1,22600,8900,1011011111,735,0
226,2,22600,8900,1011011110,734,0
226,3,22600,8900,1011011111,735,0
226,4,22600,8900,1011011110,734,0
226,5,22600,8900,1011011111,735,0
226,6,22600,8900,1011011111,735,0
226,7,22600,8900,1011011111,735,0
226,8,22600,8900,1011011111,735,0
226,9,22600,8900,1011011111,735,0
226,10,22600,8900,1011011111,735,0
226,11,22600,8900,1011011111,735,0
226,12,22600,8900,1011011110,734,0
226,13,22600,8900,1011011111,735,0
226,14,22600,8900,1011011111,735,0
226,15,22600,8900,1011011111,735,0
226,16,22600,8900,1011011111,735,0
226,17,22600,8900,1011011111,735,0
226,18,22600,8900,1011011111,735,0
226,19,22600,8900,1011011111,735,0
227,0,22700,8800,1011100000,736,0
227,1,22700,8800,1011100000,736,0
227,2,22700,8800,1011100000,736,0
227,3,22700,8800,1011100000,736,0
227,4,22700,8800,1011100000,736,0
227,5,22700,8800,1011100000,736,0
227,6,22700,8800,1011100000,736,0
227,7,22700,8800,1011100000,736,0
227,8,22700,8800,1011100000,736,0
227,9,22700,8800,1011100000,736,0
227,10,22700,8800,1011100000,736,0
227,11,22700,8800,1011100000,736,0
227,12,22700,8800,1011100000,736,0
227,13,22700,8800,1011100000,736,0
227,14,22700,8800,1011100000,736,0
227,15,22700,8800,1011100000,736,0
227,16,22700,8800,1011100000,736,0
227,17,22700,8800,1011100000,736,0
227,18,22700,8800,1011100000,736,0
227,19,22700,8800,1011100000,736,0
228,0,22800,8700,1011100011,739,0
228,1,22800,8700,1011100011,739,0
228,2,22800,8700,1011100011,739,0
228,3,22800,8700,1011100011,739,0
228,4,22800,8700,1011100011,739,0
228,5,22800,8700,1011100011,739,0
228,6,22800,8700,1011100011,739,0
228,7,22800,8700,1011100011,739,0
228,8,22800,8700,1011100011,739,0
228,9,22800,8700,1011100011,739,0
228,10,22800,8700,1011100011,739,0
228,11,22800,8700,1011100011,739,0
228,12,22800,8700,1011100011,739,0
228,13,22800,8700,1011100010,738,0
228,14,22800,8700,1011100011,739,0
228,15,22800,8700,1011100011,739,0
228,16,22800,8700,1011100010,738,0
228,17,22800,8700,1011100011,739,0
228,18,22800,8700,1011100011,739,0
228,19,22800,8700,1011100011,739,0
229,0,22900,8600,1011100110,742,0
229,1,22900,8600,1011100110,742,0
229,2,22900,8600,1011100110,742,0
229,3,22900,8600,1011100110,742,0
229,4,22900,8600,1011100110,742,0
229,5,22900,8600,1011100110,742,0
229,6,22900,8600,1011100110,742,0
229,7,22900,8600,1011100110,742,0
229,8,22900,8600,1011100110,742,0
229,9,22900,8600,1011100110,742,0
229,10,22900,8600,1011100110,742,0
229,11,22900,8600,1011100110,742,0
229,12,22900,8600,1011100110,742,0
229,13,22900,8600,1011100110,742,0
229,14,22900,8600,1011100110,742,0
229,15,22900,8600,1011100110,742,0
229,16,22900,8600,1011100110,742,0
229,17,22900,8600,1011100110,742,0
229,18,22900,8600,1011100110,742,0
229,19,22900,8600,1011100110,742,0
230,0,23000,8500,1011101001,745,0
230,1,23000,8500,1011101001,745,0
230,2,23000,8500,1011101001,745,0
230,3,23000,8500,1011101001,745,0
230,4,23000,8500,1011101001,745,0
230,5,23000,8500,1011101001,745,0
230,6,23000,8500,1011101001,745,0
230,7,23000,8500,1011101001,745,0
230,8,23000,8500,1011101001,745,0
230,9,23000,8500,1011101001,745,0
230,10,23000,8500,1011101001,745,0
230,11,23000,8500,1011101001,745,0
230,12,23000,8500,1011101001,745,0
230,13,23000,8500,1011101001,745,0
230,14,23000,8500,1011101010,746,0
230,15,23000,8500,1011101010,746,0
230,16,23000,8500,1011101001,745,0
230,17,23000,8500,1011101001,745,0
230,18,23000,8500,1011101001,745,0
230,19,23000,8500,1011101001,745,0
231,0,23100,8400,1011101101,749,0
231,1,23100,8400,1011101101,749,0
231,2,23100,8400,1011101101,749,0
231,3,23100,8400,1011101101,749,0
231,4,23100,8400,1011101101,749,0
231,5,23100,8400,1011101101,749,0
231,6,23100,8400,1011101101,749,0
231,7,23100,8400,1011101100,748,0
231,8,23100,8400,1011101101,749,0
231,9,23100,8400,1011101100,748,0
231,10,23100,8400,1011101101,749,0
231,11,23100,8400,1011101101,749,0
231,12,23100,8400,1011101101,749,0
231,13,23100,8400,1011101100,748,0
231,14,23100,8400,1011101100,748,0
231,15,23100,8400,1011101101,749,0
231,16,23100,8400,1011101100,748,0
231,17,23100,8400,1011101101,749,0
231,18,23100,8400,1011101100,748,0
231,19,23100,8400,1011101101,749,0
232,0,23200,8300,1011110001,753,0
232,1,23200,8300,1011110001,753,0
232,2,23200,8300,1011110001,753,0
232,3,23200,8300,1011110010,754,0
232,4,23200,8300,1011110001,753,0
232,5,23200,8300,1011110001,753,0
232,6,23200,8300,1011110001,753,0
232,7,23200,8300,1011110001,753,0
232,8,23200,8300,1011110001,753,0
232,9,23200,8300,1011110001,753,0
232,10,23200,8300,1011110001,753,0
232,11,23200,8300,1011110001,753,0
232,12,23200,8300,1011110001,753,0
232,13,23200,8300,1011110001,753,0
232,14,23200,8300,1011110000,752,0
232,15,23200,8300,1011110001,753,0
232,16,23200,8300,1011110001,753,0
232,17,23200,8300,1011110001,753,0
232,18,23200,8300,1011110001,753,0
232,19,23200,8300,1011110001,753,0
233,0,23300,8200,1011110101,757,0
233,1,23300,8200,1011110100,756,0
233,2,23300,8200,1011110100,756,0
233,3,23300,8200,1011110100,756,0
233,4,23300,8200,1011110101,757,0
233,5,23300,8200,1011110101,757,0
233,6,23300,8200,1011110101,757,0
233,7,23300,8200,1011110100,756,0
233,8,23300,8200,1011110101,757,0
233,9,23300,8200,1011110101,757,0
233,10,23300,8200,1011110101,757,0
233,11,23300,8200,1011110100,756,0
233,12,23300,8200,1011110100,756,0
233,13,23300,8200,1011110100,756,0
233,14,23300,8200,1011110100,756,0
233,15,23300,8200,1011110100,756,0
233,16,23300,8200,1011110100,756,0
233,17,23300,8200,1011110100,756,0
233,18,23300,8200,1011110100,756,0
233,19,23300,8200,1011110100,756,0
234,0,23400,8100,1011111000,760,0
234,1,23400,8100,1011111000,760,0
234,2,23400,8100,1011111000,760,0
234,3,23400,8100,1011111000,760,0
234,4,23400,8100,1011111000,760,0
234,5,23400,8100,1011111000,760,0
234,6,23400,8100,1011111000,760,0
234,7,23400,8100,1011111000,760,0
234,8,23400,8100,1011111000,760,0
234,9,23400,8100,1011111000,760,0
234,10,23400,8100,1011111001,761,0
234,11,23400,8100,1011111001,761,0
234,12,23400,8100,1011111001,761,0
234,13,23400,8100,1011111000,760,0
234,14,23400,8100,1011111000,760,0
234,15,23400,8100,1011111000,760,0
234,16,23400,8100,1011111000,760,0
234,17,23400,8100,1011111000,760,0
234,18,23400,8100,1011111000,760,0
234,19,23400,8100,1011111000,760,0
235,0,23500,8000,1011111100,764,0
235,1,23500,8000,1011111100,764,0
235,2,23500,8000,1011111100,764,0
235,3,23500,8000,1011111011,763,0
235,4,23500,8000,1011111011,763,0
235,5,23500,8000,1011111011,763,0
235,6,23500,8000,1011111011,763,0
235,7,23500,8000,1011111100,764,0
235,8,23500,8000,1011111100,764,0
235,9,23500,8000,1011111100,764,0
235,10,23500,8000,1011111100,764,0
235,11,23500,8000,1011111100,764,0
235,12,23500,8000,1011111011,763,0
235,13,23500,8000,1011111100,764,0
235,14,23500,8000,1111111111,1023,0
235,15,23500,8000,1011111011,763,0
235,16,23500,8000,1011111011,763,0
235,17,23500,8000,1011111011,763,0
235,18,23500,8000,1011111100,764,0
235,19,23500,8000,1011111100,764,0
236,0,23600,7900,1011111111,767,0
236,1,23600,7900,1011111110,766,0
236,2,23600,7900,1011111110,766,0
236,3,23600,7900,1011111111,767,0
236,4,23600,7900,1011111111,767,0
236,5,23600,7900,1011111111,767,0
236,6,23600,7900,1011111111,767,0
236,7,23600,7900,1100000000,768,0
236,8,23600,7900,1011111111,767,0
236,9,23600,7900,1011111111,767,0
236,10,23600,7900,1011111111,767,0
236,11,23600,7900,1011111111,767,0
236,12,23600,7900,1100000000,768,0
236,13,23600,7900,1100000000,768,0
236,14,23600,7900,1100000000,768,0
236,15,23600,7900,1100000000,768,0
236,16,23600,7900,1100000000,768,0
236,17,23600,7900,1100000000,768,0
236,18,23600,7900,1011111111,767,0
236,19,23600,7900,1100000000,768,0
237,0,23700,7800,1100000001,769,0
237,1,23700,7800,1100000001,769,0
237,2,23700,7800,1100000001,769,0
237,3,23700,7800,1100000001,769,0
237,4,23700,7800,1100000001,769,0
237,5,23700,7800,1100000001,769,0
237,6,23700,7800,1100000001,769,0
237,7,23700,7800,1100000001,769,0
237,8,23700,7800,1100000001,769,0
237,9,23700,7800,1100000001,769,0
237,10,23700,7800,1100000001,769,0
237,11,23700,7800,1100000001,769,0
237,12,23700,7800,1100000001,769,0
237,13,23700,7800,1100000001,769,0
237,14,23700,7800,1100000001,769,0
237,15,23700,7800,1100000001,769,0
237,16,23700,7800,1100000001,769,0
237,17,23700,7800,1100000001,769,0
237,18,23700,7800,1100000001,769,0
237,19,23700,7800,1100000001,769,0
238,0,23800,7700,1100000100,772,0
238,1,23800,7700,1100000100,772,0
238,2,23800,7700,1100000101,773,0
238,3,23800,7700,1100000100,772,0
238,4,23800,7700,1100000100,772,0
238,5,23800,7700,1100000100,772,0
238,6,23800,7700,1100000100,772,0
238,7,23800,7700,1100000100,772,0
238,8,23800,7700,1100000100,772,0
238,9,23800,7700,1100000100,772,0
238,10,23800,7700,1100000100,772,0
238,11,23800,7700,1100000100,772,0
238,12,23800,7700,1100000100,772,0
238,13,23800,7700,1100000100,772,0
238,14,23800,7700,1100000100,772,0
238,15,23800,7700,1100000100,772,0
238,16,23800,7700,1100000100,772,0
238,17,23800,7700,1100000101,773,0
238,18,23800,7700,1100000100,772,0
238,19,23800,7700,1100000100,772,0
239,0,23900,7600,1100001000,776,0
239,1,23900,7600,1100000111,775,0
239,2,23900,7600,1100001000,776,0
239,3,23900,7600,1100001000,776,0
239,4,23900,7600,1100001000,776,0
239,5,23900,7600,1100001000,776,0
239,6,23900,7600,1100001000,776,0
239,7,23900,7600,1100001000,776,0
239,8,23900,7600,1100001000,776,0
239,9,23900,7600,1100001000,776,0
239,10,23900,7600,1100000111,775,0
239,11,23900,7600,1100001000,776,0
239,12,23900,7600,1100001000,776,0
239,13,23900,7600,1100001000,776,0
239,14,23900,7600,1100001000,776,0
239,15,23900,7600,1100001000,776,0
239,16,23900,7600,1100001000,776,0
239,17,23900,7600,1100001000,776,0
239,18,23900,7600,1100001000,776,0
239,19,23900,7600,1100001000,776,0
240,0,24000,7500,1100001011,779,0
240,1,24000,7500,1100001011,779,0
240,2,24000,7500,1100001011,779,0
240,3,24000,7500,1100001011,779,0
240,4,24000,7500,1100001011,779,0
240,5,24000,7500,1100001011,779,0
240,6,24000,7500,1100001011,779,0
240,7,24000,7500,1100001011,779,0
240,8,24000,7500,1100001011,779,0
240,9,24000,7500,1100001100,780,0
240,10,24000,7500,1100001100,780,0
240,11,24000,7500,1100001011,779,0
240,12,24000,7500,1100001100,780,0
240,13,24000,7500,1100001011,779,0
240,14,24000,7500,1100001011,779,0
240,15,24000,7500,1100001011,779,0
240,16,24000,7500,1100001011,779,0
240,17,24000,7500,1100001011,779,0
240,18,24000,7500,1100001011,779,0
240,19,24000,7500,1100001011,779,0
241,0,24100,7400,1100001111,783,0
241,1,24100,7400,1100001111,783,0
241,2,24100,7400,1100001111,783,0
241,3,24100,7400,1100001111,783,0
241,4,24100,7400,1100001111,783,0
241,5,24100,7400,1100001111,783,0
241,6,24100,7400,1100001111,783,0
241,7,24100,7400,1100001111,783,0
241,8,24100,7400,1100001111,783,0
241,9,24100,7400,1100001111,783,0
241,10,24100,7400,1100001111,783,0
241,11,24100,7400,1100001111,783,0
241,12,24100,7400,1100001110,782,0
241,13,24100,7400,1100001111,783,0
241,14,24100,7400,1100001111,783,0
241,15,24100,7400,1100001111,783,0
241,16,24100,7400,1100001111,783,0
241,17,24100,7400,1100001111,783,0
241,18,24100,7400,1100001111,783,0
241,19,24100,7400,1100001110,782,0
242,0,24200,7300,1100010011,787,0
242,1,24200,7300,1100010011,787,0
242,2,24200,7300,1100010011,787,0
242,3,24200,7300,1100010011,787,0
242,4,24200,7300,1100010011,787,0
242,5,24200,7300,1100010011,787,0
242,6,24200,7300,1100010011,787,0
242,7,24200,7300,1100010011,787,0
242,8,24200,7300,1100010011,787,0
242,9,24200,7300,1100010011,787,0
242,10,24200,7300,1100010011,787,0
242,11,24200,7300,1100010011,787,0
242,12,24200,7300,1100010011,787,0
242,13,24200,7300,1100010011,787,0
242,14,24200,7300,1100010011,787,0
242,15,24200,7300,1100010011,787,0
242,16,24200,7300,1100010011,787,0
242,17,24200,7300,1100010011,787,0
242,18,24200,7300,1100010011,787,0
242,19,24200,7300,1100010011,787,0
243,0,24300,7200,1100010111,791,0
243,1,24300,7200,1100010110,790,0
243,2,24300,7200,1100010111,791,0
243,3,24300,7200,1100010111,791,0
243,4,24300,7200,1100010111,791,0
243,5,24300,7200,1100010111,791,0
243,6,24300,7200,1100010111,791,0
243,7,24300,7200,1100010111,791,0
243,8,24300,7200,1100010111,791,0
243,9,24300,7200,1100010111,791,0
243,10,24300,7200,1100010110,790,0
243,11,24300,7200,1100010111,791,0
243,12,24300,7200,1100010111,791,0
243,13,24300,7200,1100010111,791,0
243,14,24300,7200,1100010111,791,0
243,15,24300,7200,1100010111,791,0
243,16,24300,7200,1100010111,791,0
243,17,24300,7200,1100010111,791,0
243,18,24300,7200,1100010111,791,0
243,19,24300,7200,1100010111,791,0
244,0,24400,7100,1100011011,795,0
244,1,24400,7100,1100011010,794,0
244,2,24400,7100,1100011010,794,0
244,3,24400,7100,1100011010,794,0
244,4,24400,7100,1100011010,794,0
244,5,24400,7100,1100011010,794,0
244,6,24400,7100,1100011001,793,0
244,7,24400,7100,1100011010,794,0
244,8,24400,7100,1100011010,794,0
244,9,24400,7100,1100011010,794,0
244,10,24400,7100,1100011010,794,0
244,11,24400,7100,1100011010,794,0
244,12,24400,7100,1100011010,794,0
244,13,24400,7100,1100011010,794,0
244,14,24400,7100,1100011010,794,0
244,15,24400,7100,1100011010,794,0
244,16,24400,7100,1100011010,794,0
244,17,24400,7100,1100011010,794,0
244,18,24400,7100,1100011010,794,0
244,19,24400,7100,1100011010,794,0
245,0,24500,7000,1100011110,798,0
245,1,24500,7000,1100011101,797,0
245,2,24500,7000,1100011101,797,0
245,3,24500,7000,1100011101,797,0
245,4,24500,7000,1100011110,798,0
245,5,24500,7000,1100011101,797,0
245,6,24500,7000,1100011101,797,0
245,7,24500,7000,1100011101,797,0
245,8,24500,7000,1100011101,797,0
245,9,24500,7000,1100011101,797,0
245,10,24500,7000,1100011101,797,0
245,11,24500,7000,1100011110,798,0
245,12,24500,7000,1100011110,798,0
245,13,24500,7000,1100011101,797,0
245,14,24500,7000,1100011101,797,0
245,15,24500,7000,1100011101,797,0
245,16,24500,7000,1100011101,797,0
245,17,24500,7000,1100011101,797,0
245,18,24500,7000,1100011101,797,0
245,19,24500,7000,1100011110,798,0
246,0,24600,6900,1100011111,799,0
246,1,24600,6900,1100100000,800,0
246,2,24600,6900,1100100000,800,0
246,3,24600,6900,1100100000,800,0
246,4,24600,6900,1100100000,800,0
246,5,24600,6900,1100100000,800,0
246,6,24600,6900,1100100000,800,0
246,7,24600,6900,1100100000,800,0
246,8,24600,6900,1100100000,800,0
246,9,24600,6900,1100100000,800,0
246,10,24600,6900,1100100000,800,0
246,11,24600,6900,1100100000,800,0
246,12,24600,6900,1100100000,800,0
246,13,24600,6900,1100011111,799,0
246,14,24600,6900,1100100000,800,0
246,15,24600,6900,1100100000,800,0
246,16,24600,6900,1100100000,800,0
246,17,24600,6900,1100011111,799,0
246,18,24600,6900,1100100000,800,0
246,19,24600,6900,1100100000,800,0
247,0,24700,6800,1100100000,800,0
247,1,24700,6800,1100100001,801,0
247,2,24700,6800,1100100001,801,0
247,3,24700,6800,1100100001,801,0
247,4,24700,6800,1100100001,801,0
247,5,24700,6800,1100100001,801,0
247,6,24700,6800,1100100001,801,0
247,7,24700,6800,1100100001,801,0
247,8,24700,6800,1100100001,801,0
247,9,24700,6800,1100100001,801,0
247,10,24700,6800,1100100001,801,0
247,11,24700,6800,1100100001,801,0
247,12,24700,6800,1100100001,801,0
247,13,24700,6800,1100100000,800,0
247,14,24700,6800,1100100001,801,0
247,15,24700,6800,1100100001,801,0
247,16,24700,6800,1100100001,801,0
247,17,24700,6800,1100100001,801,0
247,18,24700,6800,1100100001,801,0
247,19,24700,6800,1100100001,801,0
248,0,24800,6700,1100100100,804,0
248,1,24800,6700,1100100100,804,0
248,2,24800,6700,1100100100,804,0
248,3,24800,6700,1100100100,804,0
248,4,24800,6700,1100100100,804,0
248,5,24800,6700,1100100100,804,0
248,6,24800,6700,1100100100,804,0
248,7,24800,6700,1100100100,804,0
248,8,24800,6700,1100100100,804,0
248,9,24800,6700,1100100100,804,0
248,10,24800,6700,1100100100,804,0
248,11,24800,6700,1100100100,804,0
248,12,24800,6700,1100100100,804,0
248,13,24800,6700,1100100100,804,0
248,14,24800,6700,1100100100,804,0
248,15,24800,6700,1100100100,804,0
248,16,24800,6700,1100100100,804,0
248,17,24800,6700,1100100100,804,0
248,18,24800,6700,1100100100,804,0
248,19,24800,6700,1100100100,804,0
249,0,24900,6600,1100100111,807,0
249,1,24900,6600,1100100111,807,0
249,2,24900,6600,1100100111,807,0
249,3,24900,6600,1100100111,807,0
249,4,24900,6600,1100101000,808,0
249,5,24900,6600,1100100111,807,0
249,6,24900,6600,1100100111,807,0
249,7,24900,6600,1100101000,808,0
249,8,24900,6600,1100101000,808,0
249,9,24900,6600,1100100111,807,0
249,10,24900,6600,1100100111,807,0
249,11,24900,6600,1100100111,807,0
249,12,24900,6600,1100100111,807,0
249,13,24900,6600,1100100111,807,0
249,14,24900,6600,1100100111,807,0
249,15,24900,6600,1100100111,807,0
249,16,24900,6600,1100100111,807,0
249,17,24900,6600,1100101000,808,0
249,18,24900,6600,1100100111,807,0
249,19,24900,6600,1100101000,808,0
250,0,25000,6500,1100101011,811,0
250,1,25000,6500,1100101011,811,0
250,2,25000,6500,1100101011,811,0
250,3,25000,6500,1100101011,811,0
250,4,25000,6500,1100101011,811,0
250,5,25000,6500,1100101011,811,0
250,6,25000,6500,1100101011,811,0
250,7,25000,6500,1100101011,811,0
250,8,25000,6500,1100101011,811,0
250,9,25000,6500,1100101011,811,0
250,10,25000,6500,1100101011,811,0
250,11,25000,6500,1100101011,811,0
250,12,25000,6500,1100101011,811,0
250,13,25000,6500,1100101011,811,0
250,14,25000,6500,1100101011,811,0
250,15,25000,6500,1100101011,811,0
250,16,25000,6500,1100101011,811,0
250,17,25000,6500,1100101011,811,0
250,18,25000,6500,1100101011,811,0
250,19,25000,6500,1100101011,811,0
251,0,25100,6400,1100101110,814,0
251,1,25100,6400,1100101110,814,0
251,2,25100,6400,1100101110,814,0
251,3,25100,6400,1100101111,815,0
251,4,25100,6400,1100101111,815,0
251,5,25100,6400,1100101111,815,0
251,6,25100,6400,1100101111,815,0
251,7,25100,6400,1100101110,814,0
251,8,25100,6400,1100101111,815,0
251,9,25100,6400,1100101110,814,0
251,10,25100,6400,1100101111,815,0
251,11,25100,6400,1100101111,815,0
251,12,25100,6400,1100101110,814,0
251,13,25100,6400,1100101111,815,0
251,14,25100,6400,1100101111,815,0
251,15,25100,6400,1100101110,814,0
251,16,25100,6400,1100101111,815,0
251,17,25100,6400,1100101111,815,0
251,18,25100,6400,1100101111,815,0
251,19,25100,6400,1100101110,814,0
252,0,25200,6300,1100110011,819,0
252,1,25200,6300,1100110011,819,0
252,2,25200,6300,1100110010,818,0
252,3,25200,6300,1100110011,819,0
252,4,25200,6300,1100110011,819,0
252,5,25200,6300,1100110011,819,0
252,6,25200,6300,1100110011,819,0
252,7,25200,6300,1100110011,819,0
252,8,25200,6300,1100110011,819,0
252,9,25200,6300,1100110011,819,0
252,10,25200,6300,1100110011,819,0
252,11,25200,6300,1100110011,819,0
252,12,25200,6300,1100110011,819,0
252,13,25200,6300,1100110011,819,0
252,14,25200,6300,1100110011,819,0
252,15,25200,6300,1100110011,819,0
252,16,25200,6300,1100110011,819,0
252,17,25200,6300,1100110011,819,0
252,18,25200,6300,1100110011,819,0
252,19,25200,6300,1100110011,819,0
253,0,25300,6200,1100110110,822,0
253,1,25300,6200,1100110110,822,0
253,2,25300,6200,1100110110,822,0
253,3,25300,6200,1100110110,822,0
253,4,25300,6200,1100110110,822,0
253,5,25300,6200,1100110110,822,0
253,6,25300,6200,1100110110,822,0
253,7,25300,6200,1100110110,822,0
253,8,25300,6200,1100110111,823,0
253,9,25300,6200,1100110110,822,0
253,10,25300,6200,1100110110,822,0
253,11,25300,6200,1100110110,822,0
253,12,25300,6200,1100110110,822,0
253,13,25300,6200,1100110110,822,0
253,14,25300,6200,1100110110,822,0
253,15,25300,6200,1100110110,822,0
253,16,25300,6200,1100110110,822,0
253,17,25300,6200,1100110110,822,0
253,18,25300,6200,1100110110,822,0
253,19,25300,6200,1100110110,822,0
254,0,25400,6100,1100111001,825,0
254,1,25400,6100,1100111001,825,0
254,2,25400,6100,1100111001,825,0
254,3,25400,6100,1100111001,825,0
254,4,25400,6100,1100111001,825,0
254,5,25400,6100,1100111001,825,0
254,6,25400,6100,1100111001,825,0
254,7,25400,6100,1100111001,825,0
254,8,25400,6100,1100111010,826,0
254,9,25400,6100,1100111001,825,0
254,10,25400,6100,1100111010,826,0
254,11,25400,6100,1100111010,826,0
254,12,25400,6100,1100111001,825,0
254,13,25400,6100,1100111010,826,0
254,14,25400,6100,1100111001,825,0
254,15,25400,6100,1100111010,826,0
254,16,25400,6100,1100111010,826,0
254,17,25400,6100,1100111001,825,0
254,18,25400,6100,1100111010,826,0
254,19,25400,6100,1100111010,826,0
255,0,25500,6000,1100111101,829,0
255,1,25500,6000,1100111101,829,0
255,2,25500,6000,1100111101,829,0
255,3,25500,6000,1100111101,829,0
255,4,25500,6000,1100111101,829,0
255,5,25500,6000,1100111101,829,0
255,6,25500,6000,1100111101,829,0
255,7,25500,6000,1100111101,829,0
255,8,25500,6000,1100111101,829,0
255,9,25500,6000,1100111101,829,0
255,10,25500,6000,1100111101,829,0
255,11,25500,6000,1100111101,829,0
255,12,25500,6000,1100111101,829,0
255,13,25500,6000,1100111101,829,0
255,14,25500,6000,1100111101,829,0
255,15,25500,6000,1100111101,829,0
255,16,25500,6000,1100111101,829,0
255,17,25500,6000,1100111101,829,0
255,18,25500,6000,1100111101,829,0
255,19,25500,6000,1100111101,829,0
256,0,25600,5900,1100111111,831,0
256,1,25600,5900,1101000000,832,0
256,2,25600,5900,1101000000,832,0
256,3,25600,5900,1101000000,832,0
256,4,25600,5900,1101000000,832,0
256,5,25600,5900,1101000000,832,0
256,6,25600,5900,1100111111,831,0
256,7,25600,5900,1100111111,831,0
256,8,25600,5900,1101000000,832,0
256,9,25600,5900,1101000000,832,0
256,10,25600,5900,1101000000,832,0
256,11,25600,5900,1100111111,831,0
256,12,25600,5900,1100111111,831,0
256,13,25600,5900,1101000000,832,0
256,14,25600,5900,1101000000,832,0
256,15,25600,5900,1101000000,832,0
256,16,25600,5900,1100111111,831,0
256,17,25600,5900,1101000000,832,0
256,18,25600,5900,1100111111,831,0
256,19,25600,5900,1101000000,832,0
257,0,25700,5800,1101000001,833,0
257,1,25700,5800,1101000001,833,0
257,2,25700,5800,1101000001,833,0
257,3,25700,5800,1101000001,833,0
257,4,25700,5800,1101000001,833,0
257,5,25700,5800,1101000001,833,0
257,6,25700,5800,1101000001,833,0
257,7,25700,5800,1101000001,833,0
257,8,25700,5800,1101000001,833,0
257,9,25700,5800,1101000001,833,0
257,10,25700,5800,1101000001,833,0
257,11,25700,5800,1101000001,833,0
257,12,25700,5800,1101000001,833,0
257,13,25700,5800,1101000001,833,0
257,14,25700,5800,1101000001,833,0
257,15,25700,5800,1101000001,833,0
257,16,25700,5800,1101000001,833,0
257,17,25700,5800,1101000001,833,0
257,18,25700,5800,1101000001,833,0
257,19,25700,5800,1101000001,833,0
258,0,25800,5700,1101000100,836,0
258,1,25800,5700,1101000101,837,0
258,2,25800,5700,1101000101,837,0
258,3,25800,5700,1101000101,837,0
258,4,25800,5700,1101000101,837,0
258,5,25800,5700,1101000100,836,0
258,6,25800,5700,1101000101,837,0
258,7,25800,5700,1101000101,837,0
258,8,25800,5700,1101000101,837,0
258,9,25800,5700,1101000101,837,0
258,10,25800,5700,1101000101,837,0
258,11,25800,5700,1101000101,837,0
258,12,25800,5700,1101000101,837,0
258,13,25800,5700,1101000100,836,0
258,14,25800,5700,1101000101,837,0
258,15,25800,5700,1101000100,836,0
258,16,25800,5700,1101000100,836,0
258,17,25800,5700,1101000100,836,0
258,18,25800,5700,1101000100,836,0
258,19,25800,5700,1101000100,836,0
259,0,25900,5600,1101001000,840,0
259,1,25900,5600,1101001000,840,0
259,2,25900,5600,1101000111,839,0
259,3,25900,5600,1101001000,840,0
259,4,25900,5600,1101001000,840,0
259,5,25900,5600,1101001000,840,0
259,6,25900,5600,1101001000,840,0
259,7,25900,5600,1101001000,840,0
259,8,25900,5600,1101001000,840,0
259,9,25900,5600,1101001000,840,0
259,10,25900,5600,1101001000,840,0
259,11,25900,5600,1101001000,840,0
259,12,25900,5600,1101001000,840,0
259,13,25900,5600,1101001000,840,0
259,14,25900,5600,1101001000,840,0
259,15,25900,5600,1101001000,840,0
259,16,25900,5600,1101001000,840,0
259,17,25900,5600,1101001000,840,0
259,18,25900,5600,1101001000,840,0
259,19,25900,5600,1101001000,840,0
260,0,26000,5500,1101001100,844,0
260,1,26000,5500,1101001011,843,0
260,2,26000,5500,1101001011,843,0
260,3,26000,5500,1101001100,844,0
260,4,26000,5500,1101001100,844,0
260,5,26000,5500,1101001100,844,0
260,6,26000,5500,1101001100,844,0
260,7,26000,5500,1101001011,843,0
260,8,26000,5500,1101001100,844,0
260,9,26000,5500,1101001100,844,0
260,10,26000,5500,1101001100,844,0
260,11,26000,5500,1101001100,844,0
260,12,26000,5500,1101001100,844,0
260,13,26000,5500,1101001011,843,0
260,14,26000,5500,1101001011,843,0
260,15,26000,5500,1101001011,843,0
260,16,26000,5500,1101001011,843,0
260,17,26000,5500,1101001011,843,0
260,18,26000,5500,1101001011,843,0
260,19,26000,5500,1101001100,844,0
261,0,26100,5400,1101001111,847,0
261,1,26100,5400,1101001111,847,0
261,2,26100,5400,1101001111,847,0
261,3,26100,5400,1101001111,847,0
261,4,26100,5400,1101001111,847,0
261,5,26100,5400,1101001111,847,0
261,6,26100,5400,1101001111,847,0
261,7,26100,5400,1101001111,847,0
261,8,26100,5400,1101001110,846,0
261,9,26100,5400,1101001111,847,0
261,10,26100,5400,1101001111,847,0
261,11,26100,5400,1101001111,847,0
261,12,26100,5400,1101001110,846,0
261,13,26100,5400,1101001111,847,0
261,14,26100,5400,1101001111,847,0
261,15,26100,5400,1101001111,847,0
261,16,26100,5400,1101001111,847,0
261,17,26100,5400,1101001111,847,0
261,18,26100,5400,1101001111,847,0
261,19,26100,5400,1101001111,847,0
262,0,26200,5300,1101010011,851,0
262,1,26200,5300,1101010011,851,0
262,2,26200,5300,1101010011,851,0
262,3,26200,5300,1101010011,851,0
262,4,26200,5300,1101010011,851,0
262,5,26200,5300,1101010011,851,0
262,6,26200,5300,1101010011,851,0
262,7,26200,5300,1101010011,851,0
262,8,26200,5300,1101010011,851,0
262,9,26200,5300,1101010011,851,0
262,10,26200,5300,1101010011,851,0
262,11,26200,5300,1101010011,851,0
262,12,26200,5300,1101010011,851,0
262,13,26200,5300,1101010011,851,0
262,14,26200,5300,1101010011,851,0
262,15,26200,5300,1101010011,851,0
262,16,26200,5300,1101010011,851,0
262,17,26200,5300,1101010011,851,0
262,18,26200,5300,1101010011,851,0
262,19,26200,5300,1101010011,851,0
263,0,26300,5200,1101010110,854,0
263,1,26300,5200,1101010110,854,0
263,2,26300,5200,1101010111,855,0
263,3,26300,5200,1101010111,855,0
263,4,26300,5200,1101010110,854,0
263,5,26300,5200,1101010111,855,0
263,6,26300,5200,1101010111,855,0
263,7,26300,5200,1101010111,855,0
263,8,26300,5200,1101010111,855,0
263,9,26300,5200,1101010111,855,0
263,10,26300,5200,1101010111,855,0
263,11,26300,5200,1101010111,855,0
263,12,26300,5200,1101010111,855,0
263,13,26300,5200,1101010111,855,0
263,14,26300,5200,1101010111,855,0
263,15,26300,5200,1101010111,855,0
263,16,26300,5200,1101010111,855,0
263,17,26300,5200,1101010111,855,0
263,18,26300,5200,1101010111,855,0
263,19,26300,5200,1101010110,854,0
264,0,26400,5100,1101011010,858,0
264,1,26400,5100,1101011010,858,0
264,2,26400,5100,1101011010,858,0
264,3,26400,5100,1101011010,858,0
264,4,26400,5100,1101011010,858,0
264,5,26400,5100,1101011010,858,0
264,6,26400,5100,1101011010,858,0
264,7,26400,5100,1101011010,858,0
264,8,26400,5100,1101011010,858,0
264,9,26400,5100,1101011010,858,0
264,10,26400,5100,1101011010,858,0
264,11,26400,5100,1101011010,858,0
264,12,26400,5100,1101011010,858,0
264,13,26400,5100,1101011010,858,0
264,14,26400,5100,1101011010,858,0
264,15,26400,5100,1101011010,858,0
264,16,26400,5100,1101011001,857,0
264,17,26400,5100,1101011010,858,0
264,18,26400,5100,1101011010,858,0
264,19,26400,5100,1101011010,858,0
265,0,26500,5000,1101011110,862,0
265,1,26500,5000,1101011110,862,0
265,2,26500,5000,1101011110,862,0
265,3,26500,5000,1101011110,862,0
265,4,26500,5000,1101011110,862,0
265,5,26500,5000,1101011101,861,0
265,6,26500,5000,1101011110,862,0
265,7,26500,5000,1101011101,861,0
265,8,26500,5000,1101011101,861,0
265,9,26500,5000,1101011110,862,0
265,10,26500,5000,1101011110,862,0
265,11,26500,5000,1101011101,861,0
265,12,26500,5000,1101011110,862,0
265,13,26500,5000,1101011101,861,0
265,14,26500,5000,1101011110,862,0
265,15,26500,5000,1101011110,862,0
265,16,26500,5000,1101011110,862,0
265,17,26500,5000,1101011101,861,0
265,18,26500,5000,1101011110,862,0
265,19,26500,5000,1101011110,862,0
266,0,26600,4900,1101100000,864,0
266,1,26600,4900,1101100000,864,0
266,2,26600,4900,1101100000,864,0
266,3,26600,4900,1101100000,864,0
266,4,26600,4900,1101100000,864,0
266,5,26600,4900,1101100000,864,0
266,6,26600,4900,1101100000,864,0
266,7,26600,4900,1101100000,864,0
266,8,26600,4900,1101100000,864,0
266,9,26600,4900,1101100000,864,0
266,10,26600,4900,1101100000,864,0
266,11,26600,4900,1101100000,864,0
266,12,26600,4900,1101100000,864,0
266,13,26600,4900,1101100000,864,0
266,14,26600,4900,1101100000,864,0
266,15,26600,4900,1101100000,864,0
266,16,26600,4900,1101100000,864,0
266,17,26600,4900,1101100000,864,0
266,18,26600,4900,1101100000,864,0
266,19,26600,4900,1101100000,864,0
267,0,26700,4800,1101100001,865,0
267,1,26700,4800,1101100001,865,0
267,2,26700,4800,1101100001,865,0
267,3,26700,4800,1101100001,865,0
267,4,26700,4800,1101100001,865,0
267,5,26700,4800,1101100001,865,0
267,6,26700,4800,1101100001,865,0
267,7,26700,4800,1101100001,865,0
267,8,26700,4800,1101100001,865,0
267,9,26700,4800,1101100001,865,0
267,10,26700,4800,1101100001,865,0
267,11,26700,4800,1101100001,865,0
267,12,26700,4800,1101100001,865,0
267,13,26700,4800,1101100001,865,0
267,14,26700,4800,1101100010,866,0
267,15,26700,4800,1101100001,865,0
267,16,26700,4800,1101100001,865,0
267,17,26700,4800,1101100001,865,0
267,18,26700,4800,1101100001,865,0
267,19,26700,4800,1101100001,865,0
268,0,26800,4700,1101100100,868,0
268,1,26800,4700,1101100100,868,0
268,2,26800,4700,1101100100,868,0
268,3,26800,4700,1101100100,868,0
268,4,26800,4700,1101100100,868,0
268,5,26800,4700,1101100100,868,0
268,6,26800,4700,1101100100,868,0
268,7,26800,4700,1101100100,868,0
268,8,26800,4700,1101100100,868,0
268,9,26800,4700,1101100100,868,0
268,10,26800,4700,1101100100,868,0
268,11,26800,4700,1101100011,867,0
268,12,26800,4700,1101100100,868,0
268,13,26800,4700,1101100100,868,0
268,14,26800,4700,1101100100,868,0
268,15,26800,4700,1101100100,868,0
268,16,26800,4700,1101100100,868,0
268,17,26800,4700,1101100100,868,0
268,18,26800,4700,1101100100,868,0
268,19,26800,4700,1101100100,868,0
269,0,26900,4600,1101101000,872,0
269,1,26900,4600,1101101000,872,0
269,2,26900,4600,1101101000,872,0
269,3,26900,4600,1101101000,872,0
269,4,26900,4600,1101101000,872,0
269,5,26900,4600,1101101000,872,0
269,6,26900,4600,1101101000,872,0
269,7,26900,4600,1101101000,872,0
269,8,26900,4600,1101101000,872,0
269,9,26900,4600,1101101000,872,0
269,10,26900,4600,1101101000,872,0
269,11,26900,4600,1101101000,872,0
269,12,26900,4600,1101101000,872,0
269,13,26900,4600,1101101000,872,0
269,14,26900,4600,1101101000,872,0
269,15,26900,4600,1101100111,871,0
269,16,26900,4600,1101101000,872,0
269,17,26900,4600,1101101000,872,0
269,18,26900,4600,1101100111,871,0
269,19,26900,4600,1101100110,870,0
270,0,27000,4500,1101101011,875,0
270,1,27000,4500,1101101011,875,0
270,2,27000,4500,1101101011,875,0
270,3,27000,4500,1101101011,875,0
270,4,27000,4500,1101101010,874,0
270,5,27000,4500,1101101011,875,0
270,6,27000,4500,1101101011,875,0
270,7,27000,4500,1101101011,875,0
270,8,27000,4500,1101101100,876,0
270,9,27000,4500,1101101011,875,0
270,10,27000,4500,1101101011,875,0
270,11,27000,4500,1101101011,875,0
270,12,27000,4500,1101101011,875,0
270,13,27000,4500,1101101010,874,0
270,14,27000,4500,1101101011,875,0
270,15,27000,4500,1101101011,875,0
270,16,27000,4500,1101101011,875,0
270,17,27000,4500,1101101011,875,0
270,18,27000,4500,1101101011,875,0
270,19,27000,4500,1101101011,875,0
271,0,27100,4400,1101101111,879,0
271,1,27100,4400,1101101111,879,0
271,2,27100,4400,1101101111,879,0
271,3,27100,4400,1101101111,879,0
271,4,27100,4400,1101101111,879,0
271,5,27100,4400,1101101111,879,0
271,6,27100,4400,1101101111,879,0
271,7,27100,4400,1101101111,879,0
271,8,27100,4400,1101101111,879,0
271,9,27100,4400,1101101111,879,0
271,10,27100,4400,1101101111,879,0
271,11,27100,4400,1101101111,879,0
271,12,27100,4400,1101101111,879,0
271,13,27100,4400,1101101111,879,0
271,14,27100,4400,1101101111,879,0
271,15,27100,4400,1101101111,879,0
271,16,27100,4400,1101101111,879,0
271,17,27100,4400,1101101111,879,0
271,18,27100,4400,1101101110,878,0
271,19,27100,4400,1101101110,878,0
272,0,27200,4300,1101110011,883,0
272,1,27200,4300,1101110011,883,0
272,2,27200,4300,1101110011,883,0
272,3,27200,4300,1101110011,883,0
272,4,27200,4300,1101110011,883,0
272,5,27200,4300,1101110011,883,0
272,6,27200,4300,1101110011,883,0
272,7,27200,4300,1101110011,883,0
272,8,27200,4300,1101110011,883,0
272,9,27200,4300,1101110011,883,0
272,10,27200,4300,1101110011,883,0
272,11,27200,4300,1101110011,883,0
272,12,27200,4300,1101110011,883,0
272,13,27200,4300,1101110011,883,0
272,14,27200,4300,1101110011,883,0
272,15,27200,4300,1101110011,883,0
272,16,27200,4300,1101110011,883,0
272,17,27200,4300,1101110011,883,0
272,18,27200,4300,1101110011,883,0
272,19,27200,4300,1101110011,883,0
273,0,27300,4200,1101110111,887,0
273,1,27300,4200,1101110111,887,0
273,2,27300,4200,1101110110,886,0
273,3,27300,4200,1101110110,886,0
273,4,27300,4200,1101110110,886,0
273,5,27300,4200,1101110110,886,0
273,6,27300,4200,1101110110,886,0
273,7,27300,4200,1101110110,886,0
273,8,27300,4200,1101110111,887,0
273,9,27300,4200,1101110111,887,0
273,10,27300,4200,1101110111,887,0
273,11,27300,4200,1101110110,886,0
273,12,27300,4200,1101110111,887,0
273,13,27300,4200,1101110111,887,0
273,14,27300,4200,1101110111,887,0
273,15,27300,4200,1101110110,886,0
273,16,27300,4200,1101110110,886,0
273,17,27300,4200,1101110111,887,0
273,18,27300,4200,1101110110,886,0
273,19,27300,4200,1101110111,887,0
274,0,27400,4100,1101111010,890,0
274,1,27400,4100,1101111010,890,0
274,2,27400,4100,1101111001,889,0
274,3,27400,4100,1101111010,890,0
274,4,27400,4100,1101111001,889,0
274,5,27400,4100,1101111010,890,0
274,6,27400,4100,1101111010,890,0
274,7,27400,4100,1101111010,890,0
274,8,27400,4100,1101111010,890,0
274,9,27400,4100,1101111010,890,0
274,10,27400,4100,1101111001,889,0
274,11,27400,4100,1101111010,890,0
274,12,27400,4100,1101111010,890,0
274,13,27400,4100,1101111010,890,0
274,14,27400,4100,1101111010,890,0
274,15,27400,4100,1101111010,890,0
274,16,27400,4100,1101111010,890,0
274,17,27400,4100,1101111010,890,0
274,18,27400,4100,1101111010,890,0
274,19,27400,4100,1101111010,890,0
275,0,27500,4000,1101111101,893,0
275,1,27500,4000,1101111101,893,0
275,2,27500,4000,1101111101,893,0
275,3,27500,4000,1101111101,893,0
275,4,27500,4000,1101111110,894,0
275,5,27500,4000,1101111101,893,0
275,6,27500,4000,1101111101,893,0
275,7,27500,4000,1101111110,894,0
275,8,27500,4000,1101111110,894,0
275,9,27500,4000,1101111101,893,0
275,10,27500,4000,1101111110,894,0
275,11,27500,4000,1101111110,894,0
275,12,27500,4000,1101111101,893,0
275,13,27500,4000,1101111101,893,0
275,14,27500,4000,1101111110,894,0
275,15,27500,4000,1101111110,894,0
275,16,27500,4000,1101111110,894,0
275,17,27500,4000,1101111101,893,0
275,18,27500,4000,1101111110,894,0
275,19,27500,4000,1101111110,894,0
276,0,27600,3900,1101111111,895,0
276,1,27600,3900,1110000000,896,0
276,2,27600,3900,1110000000,896,0
276,3,27600,3900,1101111111,895,0
276,4,27600,3900,1101111111,895,0
276,5,27600,3900,1101111110,894,0
276,6,27600,3900,1110000000,896,0
276,7,27600,3900,1110000000,896,0
276,8,27600,3900,1110000000,896,0
276,9,27600,3900,1110000000,896,0
276,10,27600,3900,1110000000,896,0
276,11,27600,3900,1110000000,896,0
276,12,27600,3900,1110000000,896,0
276,13,27600,3900,1110000000,896,0
276,14,27600,3900,1110000000,896,0
276,15,27600,3900,1110000000,896,0
276,16,27600,3900,1110000000,896,0
276,17,27600,3900,1110000000,896,0
276,18,27600,3900,1110000000,896,0
276,19,27600,3900,1110000000,896,0
277,0,27700,3800,1110000010,898,0
277,1,27700,3800,1110000010,898,0
277,2,27700,3800,1110000010,898,0
277,3,27700,3800,1110000010,898,0
277,4,27700,3800,1110000010,898,0
277,5,27700,3800,1110000010,898,0
277,6,27700,3800,1110000010,898,0
277,7,27700,3800,1110000010,898,0
277,8,27700,3800,1110000010,898,0
277,9,27700,3800,1110000010,898,0
277,10,27700,3800,1110000010,898,0
277,11,27700,3800,1110000010,898,0
277,12,27700,3800,1110000010,898,0
277,13,27700,3800,1110000011,899,0
277,14,27700,3800,1110000010,898,0
277,15,27700,3800,1110000010,898,0
277,16,27700,3800,1110000010,898,0
277,17,27700,3800,1110000010,898,0
277,18,27700,3800,1110000010,898,0
277,19,27700,3800,1110000010,898,0
278,0,27800,3700,1110000101,901,0
278,1,27800,3700,1110000101,901,0
278,2,27800,3700,1110000101,901,0
278,3,27800,3700,1110000100,900,0
278,4,27800,3700,1110000100,900,0
278,5,27800,3700,1110000100,900,0
278,6,27800,3700,1110000101,901,0
278,7,27800,3700,1110000101,901,0
278,8,27800,3700,1110000110,902,0
278,9,27800,3700,1110000101,901,0
278,10,27800,3700,1110000101,901,0
278,11,27800,3700,1110000110,902,0
278,12,27800,3700,1110000101,901,0
278,13,27800,3700,1110000101,901,0
278,14,27800,3700,1110000110,902,0
278,15,27800,3700,1110000101,901,0
278,16,27800,3700,1110000101,901,0
278,17,27800,3700,1110000101,901,0
278,18,27800,3700,1110000101,901,0
278,19,27800,3700,1110000101,901,0
279,0,27900,3600,1110001001,905,0
279,1,27900,3600,1110001000,904,0
279,2,27900,3600,1110001000,904,0
279,3,27900,3600,1110001001,905,0
279,4,27900,3600,1110001001,905,0
279,5,27900,3600,1110001001,905,0
279,6,27900,3600,1110001001,905,0
279,7,27900,3600,1110001001,905,0
279,8,27900,3600,1110001001,905,0
279,9,27900,3600,1110001001,905,0
279,10,27900,3600,1110001001,905,0
279,11,27900,3600,1110001001,905,0
279,12,27900,3600,1110001001,905,0
279,13,27900,3600,1110001001,905,0
279,14,27900,3600,1110001001,905,0
279,15,27900,3600,1110001001,905,0
279,16,27900,3600,1110001001,905,0
279,17,27900,3600,1110001001,905,0
279,18,27900,3600,1110001001,905,0
279,19,27900,3600,1110001000,904,0
280,0,28000,3500,1110001100,908,0
280,1,28000,3500,1110001100,908,0
280,2,28000,3500,1110001100,908,0
280,3,28000,3500,1110001011,907,0
280,4,28000,3500,1110001100,908,0
280,5,28000,3500,1110001100,908,0
280,6,28000,3500,1110001100,908,0
280,7,28000,3500,1110001100,908,0
280,8,28000,3500,1110001100,908,0
280,9,28000,3500,1110001100,908,0
280,10,28000,3500,1110001100,908,0
280,11,28000,3500,1110001100,908,0
280,12,28000,3500,1110001100,908,0
280,13,28000,3500,1110001100,908,0
280,14,28000,3500,1110001100,908,0
280,15,28000,3500,1110001100,908,0
280,16,28000,3500,1110001100,908,0
280,17,28000,3500,1110001100,908,0
280,18,28000,3500,1110001101,909,0
280,19,28000,3500,1110001100,908,0
281,0,28100,3400,1110001111,911,0
281,1,28100,3400,1110001111,911,0
281,2,28100,3400,1110001111,911,0
281,3,28100,3400,1110010000,912,0
281,4,28100,3400,1110010001,913,0
281,5,28100,3400,1110001111,911,0
281,6,28100,3400,1110001111,911,0
281,7,28100,3400,1110010000,912,0
281,8,28100,3400,1110001111,911,0
281,9,28100,3400,1110010001,913,0
281,10,28100,3400,1110001111,911,0
281,11,28100,3400,1110001111,911,0
281,12,28100,3400,1110010000,912,0
281,13,28100,3400,1110010000,912,0
281,14,28100,3400,1110001111,911,0
281,15,28100,3400,1110001111,911,0
281,16,28100,3400,1110010001,913,0
281,17,28100,3400,1110010001,913,0
281,18,28100,3400,1110001111,911,0
281,19,28100,3400,1110010000,912,0
282,0,28200,3300,1110010100,916,0
282,1,28200,3300,1110010100,916,0
282,2,28200,3300,1110010100,916,0
282,3,28200,3300,1110010100,916,0
282,4,28200,3300,1110010100,916,0
282,5,28200,3300,1110010100,916,0
282,6,28200,3300,1110010100,916,0
282,7,28200,3300,1110010100,916,0
282,8,28200,3300,1110010100,916,0
282,9,28200,3300,1110010100,916,0
282,10,28200,3300,1110010100,916,0
282,11,28200,3300,1110010100,916,0
282,12,28200,3300,1110010100,916,0
282,13,28200,3300,1110010011,915,0
282,14,28200,3300,1110010011,915,0
282,15,28200,3300,1110010011,915,0
282,16,28200,3300,1110010011,915,0
282,17,28200,3300,1110010100,916,0
282,18,28200,3300,1110010100,916,0
282,19,28200,3300,1110010011,915,0
283,0,28300,3200,1110010111,919,0
283,1,28300,3200,1110010111,919,0
283,2,28300,3200,1110010111,919,0
283,3,28300,3200,1110011000,920,0
283,4,28300,3200,1110010111,919,0
283,5,28300,3200,1110010111,919,0
283,6,28300,3200,1110010111,919,0
283,7,28300,3200,1110010111,919,0
283,8,28300,3200,1110010111,919,0
283,9,28300,3200,1110010111,919,0
283,10,28300,3200,1110010111,919,0
283,11,28300,3200,1110010111,919,0
283,12,28300,3200,1110010111,919,0
283,13,28300,3200,1110010111,919,0
283,14,28300,3200,1110010111,919,0
283,15,28300,3200,1110010111,919,0
283,16,28300,3200,1110011000,920,0
283,17,28300,3200,1110011000,920,0
283,18,28300,3200,1110011000,920,0
283,19,28300,3200,1110010111,919,0
284,0,28400,3100,1110011011,923,0
284,1,28400,3100,1110011011,923,0
284,2,28400,3100,1110011011,923,0
284,3,28400,3100,1110011011,923,0
284,4,28400,3100,1110011011,923,0
284,5,28400,3100,1110011011,923,0
284,6,28400,3100,1110011011,923,0
284,7,28400,3100,1110011010,922,0
284,8,28400,3100,1110011011,923,0
284,9,28400,3100,1110011011,923,0
284,10,28400,3100,1110011011,923,0
284,11,28400,3100,1110011011,923,0
284,12,28400,3100,1110011011,923,0
284,13,28400,3100,1110011011,923,0
284,14,28400,3100,1110011011,923,0
284,15,28400,3100,1110011011,923,0
284,16,28400,3100,1110011011,923,0
284,17,28400,3100,1110011011,923,0
284,18,28400,3100,1110011011,923,0
284,19,28400,3100,1110011011,923,0
285,0,28500,3000,1110011110,926,0
285,1,28500,3000,1110011111,927,0
285,2,28500,3000,1110011110,926,0
285,3,28500,3000,1110011111,927,0
285,4,28500,3000,1110011110,926,0
285,5,28500,3000,1110011110,926,0
285,6,28500,3000,1110011111,927,0
285,7,28500,3000,1110011110,926,0
285,8,28500,3000,1110011111,927,0
285,9,28500,3000,1110011110,926,0
285,10,28500,3000,1110011110,926,0
285,11,28500,3000,1110011111,927,0
285,12,28500,3000,1110011111,927,0
285,13,28500,3000,1110011111,927,0
285,14,28500,3000,1110011111,927,0
285,15,28500,3000,1110011111,927,0
285,16,28500,3000,1110011111,927,0
285,17,28500,3000,1110011111,927,0
285,18,28500,3000,1110011110,926,0
285,19,28500,3000,1110011110,926,0
286,0,28600,2900,1110100000,928,0
286,1,28600,2900,1110100000,928,0
286,2,28600,2900,1110100000,928,0
286,3,28600,2900,1110100000,928,0
286,4,28600,2900,1110100000,928,0
286,5,28600,2900,1110100000,928,0
286,6,28600,2900,1110100000,928,0
286,7,28600,2900,1110100000,928,0
286,8,28600,2900,1110100000,928,0
286,9,28600,2900,1110100000,928,0
286,10,28600,2900,1110100000,928,0
286,11,28600,2900,1110100000,928,0
286,12,28600,2900,1110100000,928,0
286,13,28600,2900,1110011111,927,0
286,14,28600,2900,1110011111,927,0
286,15,28600,2900,1110100000,928,0
286,16,28600,2900,1110100000,928,0
286,17,28600,2900,1110100000,928,0
286,18,28600,2900,1110100000,928,0
286,19,28600,2900,1110100000,928,0
287,0,28700,2800,1110100010,930,0
287,1,28700,2800,1110100001,929,0
287,2,28700,2800,1110100001,929,0
287,3,28700,2800,1110100010,930,0
287,4,28700,2800,1110100001,929,0
287,5,28700,2800,1110100010,930,0
287,6,28700,2800,1110100010,930,0
287,7,28700,2800,1110100010,930,0
287,8,28700,2800,1110100001,929,0
287,9,28700,2800,1110100010,930,0
287,10,28700,2800,1110100010,930,0
287,11,28700,2800,1110100010,930,0
287,12,28700,2800,1110100010,930,0
287,13,28700,2800,1110100010,930,0
287,14,28700,2800,1110100001,929,0
287,15,28700,2800,1110100010,930,0
287,16,28700,2800,1110100010,930,0
287,17,28700,2800,1110100010,930,0
287,18,28700,2800,1110100010,930,0
287,19,28700,2800,1110100010,930,0
288,0,28800,2700,1110100101,933,0
288,1,28800,2700,1110100101,933,0
288,2,28800,2700,1110100101,933,0
288,3,28800,2700,1110100101,933,0
288,4,28800,2700,1110100101,933,0
288,5,28800,2700,1110100101,933,0
288,6,28800,2700,1110100100,932,0
288,7,28800,2700,1110100101,933,0
288,8,28800,2700,1110100100,932,0
288,9,28800,2700,1110100100,932,0
288,10,28800,2700,1110100101,933,0
288,11,28800,2700,1110100100,932,0
288,12,28800,2700,1110100101,933,0
288,13,28800,2700,1110100101,933,0
288,14,28800,2700,1110100101,933,0
288,15,28800,2700,1110100101,933,0
288,16,28800,2700,1110100101,933,0
288,17,28800,2700,1110100101,933,0
288,18,28800,2700,1110100101,933,0
288,19,28800,2700,1110100101,933,0
289,0,28900,2600,1110101000,936,0
289,1,28900,2600,1110101000,936,0
289,2,28900,2600,1110101000,936,0
289,3,28900,2600,1110101000,936,0
289,4,28900,2600,1110101000,936,0
289,5,28900,2600,1110101001,937,0
289,6,28900,2600,1110101000,936,0
289,7,28900,2600,1110101000,936,0
289,8,28900,2600,1110101000,936,0
289,9,28900,2600,1110101000,936,0
289,10,28900,2600,1110101000,936,0
289,11,28900,2600,1110101001,937,0
289,12,28900,2600,1110101000,936,0
289,13,28900,2600,1110101000,936,0
289,14,28900,2600,1110101001,937,0
289,15,28900,2600,1110101001,937,0
289,16,28900,2600,1110101001,937,0
289,17,28900,2600,1110101001,937,0
289,18,28900,2600,1110101000,936,0
289,19,28900,2600,1110101001,937,0
290,0,29000,2500,1110101100,940,0
290,1,29000,2500,1110101011,939,0
290,2,29000,2500,1110101100,940,0
290,3,29000,2500,1110101100,940,0
290,4,29000,2500,1110101100,940,0
290,5,29000,2500,1110101100,940,0
290,6,29000,2500,1110101100,940,0
290,7,29000,2500,1110101011,939,0
290,8,29000,2500,1110101011,939,0
290,9,29000,2500,1110101100,940,0
290,10,29000,2500,1110101010,938,0
290,11,29000,2500,1110101100,940,0
290,12,29000,2500,1110101100,940,0
290,13,29000,2500,1110101011,939,0
290,14,29000,2500,1110101100,940,0
290,15,29000,2500,1110101011,939,0
290,16,29000,2500,1110101100,940,0
290,17,29000,2500,1110101100,940,0
290,18,29000,2500,1110101100,940,0
290,19,29000,2500,1110101011,939,0
291,0,29100,2400,1110101111,943,0
291,1,29100,2400,1110110000,944,0
291,2,29100,2400,1110101111,943,0
291,3,29100,2400,1110110001,945,0
291,4,29100,2400,1110101111,943,0
291,5,29100,2400,1110110000,944,0
291,6,29100,2400,1110110000,944,0
291,7,29100,2400,1110110000,944,0
291,8,29100,2400,1110101111,943,0
291,9,29100,2400,1110101111,943,0
291,10,29100,2400,1110101111,943,0
291,11,29100,2400,1110101111,943,0
291,12,29100,2400,1110110000,944,0
291,13,29100,2400,1110101111,943,0
291,14,29100,2400,1110101111,943,0
291,15,29100,2400,1110110001,945,0
291,16,29100,2400,1110101111,943,0
291,17,29100,2400,1110101111,943,0
291,18,29100,2400,1110101111,943,0
291,19,29100,2400,1110110000,944,0
292,0,29200,2300,1110110011,947,0
292,1,29200,2300,1110110100,948,0
292,2,29200,2300,1110110011,947,0
292,3,29200,2300,1110110100,948,0
292,4,29200,2300,1110110100,948,0
292,5,29200,2300,1110110100,948,0
292,6,29200,2300,1110110011,947,0
292,7,29200,2300,1110110011,947,0
292,8,29200,2300,1110110011,947,0
292,9,29200,2300,1110110011,947,0
292,10,29200,2300,1110110010,946,0
292,11,29200,2300,1110110011,947,0
292,12,29200,2300,1110110100,948,0
292,13,29200,2300,1110110011,947,0
292,14,29200,2300,1110110011,947,0
292,15,29200,2300,1110110011,947,0
292,16,29200,2300,1110110011,947,0
292,17,29200,2300,1110110011,947,0
292,18,29200,2300,1110110100,948,0
292,19,29200,2300,1110101111,943,0
293,0,29300,2200,1110110111,951,0
293,1,29300,2200,1110110111,951,0
293,2,29300,2200,1110110111,951,0
293,3,29300,2200,1110111000,952,0
293,4,29300,2200,1110110111,951,0
293,5,29300,2200,1110110111,951,0
293,6,29300,2200,1110110111,951,0
293,7,29300,2200,1110110111,951,0
293,8,29300,2200,1110110111,951,0
293,9,29300,2200,1110110111,951,0
293,10,29300,2200,1110110111,951,0
293,11,29300,2200,1110110111,951,0
293,12,29300,2200,1110110111,951,0
293,13,29300,2200,1110111000,952,0
293,14,29300,2200,1110111000,952,0
293,15,29300,2200,1110110111,951,0
293,16,29300,2200,1110110111,951,0
293,17,29300,2200,1110110111,951,0
293,18,29300,2200,1110110111,951,0
293,19,29300,2200,1110111000,952,0
294,0,29400,2100,1110111011,955,0
294,1,29400,2100,1110111011,955,0
294,2,29400,2100,1110111011,955,0
294,3,29400,2100,1110111011,955,0
294,4,29400,2100,1110111010,954,0
294,5,29400,2100,1110111010,954,0
294,6,29400,2100,1110111011,955,0
294,7,29400,2100,1110111010,954,0
294,8,29400,2100,1110111010,954,0
294,9,29400,2100,1110111010,954,0
294,10,29400,2100,1110111011,955,0
294,11,29400,2100,1110111011,955,0
294,12,29400,2100,1110111010,954,0
294,13,29400,2100,1110111010,954,0
294,14,29400,2100,1110111010,954,0
294,15,29400,2100,1110111010,954,0
294,16,29400,2100,1110111010,954,0
294,17,29400,2100,1110111011,955,0
294,18,29400,2100,1110111011,955,0
294,19,29400,2100,1110111011,955,0
295,0,29500,2000,1110111110,958,0
295,1,29500,2000,1110111110,958,0
295,2,29500,2000,1110111110,958,0
295,3,29500,2000,1110111110,958,0
295,4,29500,2000,1110111110,958,0
295,5,29500,2000,1110111110,958,0
295,6,29500,2000,1110111110,958,0
295,7,29500,2000,1110111110,958,0
295,8,29500,2000,1110111110,958,0
295,9,29500,2000,1110111111,959,0
295,10,29500,2000,1110111110,958,0
295,11,29500,2000,1110111111,959,0
295,12,29500,2000,1110111110,958,0
295,13,29500,2000,1110111110,958,0
295,14,29500,2000,1110111110,958,0
295,15,29500,2000,1110111110,958,0
295,16,29500,2000,1110111111,959,0
295,17,29500,2000,1110111111,959,0
295,18,29500,2000,1110111110,958,0
295,19,29500,2000,1110111110,958,0
296,0,29600,1900,1111000000,960,0
296,1,29600,1900,1111000000,960,0
296,2,29600,1900,1111000000,960,0
296,3,29600,1900,1111000000,960,0
296,4,29600,1900,1111000000,960,0
296,5,29600,1900,1111000000,960,0
296,6,29600,1900,1111000000,960,0
296,7,29600,1900,1111000000,960,0
296,8,29600,1900,1111000000,960,0
296,9,29600,1900,1111000000,960,0
296,10,29600,1900,1111000000,960,0
296,11,29600,1900,1111000000,960,0
296,12,29600,1900,1111000000,960,0
296,13,29600,1900,1111000000,960,0
296,14,29600,1900,1111000000,960,0
296,15,29600,1900,1111000000,960,0
296,16,29600,1900,1111000000,960,0
296,17,29600,1900,1111000000,960,0
296,18,29600,1900,1111000000,960,0
296,19,29600,1900,1111000000,960,0
297,0,29700,1800,1111000011,963,0
297,1,29700,1800,1111000010,962,0
297,2,29700,1800,1111000011,963,0
297,3,29700,1800,1111000011,963,0
297,4,29700,1800,1111000011,963,0
297,5,29700,1800,1111000011,963,0
297,6,29700,1800,1111000011,963,0
297,7,29700,1800,1111000011,963,0
297,8,29700,1800,1111000011,963,0
297,9,29700,1800,1111000011,963,0
297,10,29700,1800,1111000010,962,0
297,11,29700,1800,1111000010,962,0
297,12,29700,1800,1111000010,962,0
297,13,29700,1800,1111000010,962,0
297,14,29700,1800,1111000001,961,0
297,15,29700,1800,1111000010,962,0
297,16,29700,1800,1111000011,963,0
297,17,29700,1800,1111000011,963,0
297,18,29700,1800,1111000010,962,0
297,19,29700,1800,1111000010,962,0
298,0,29800,1700,1111000101,965,0
298,1,29800,1700,1111000110,966,0
298,2,29800,1700,1111000110,966,0
298,3,29800,1700,1111000110,966,0
298,4,29800,1700,1111000110,966,0
298,5,29800,1700,1111000110,966,0
298,6,29800,1700,1111000110,966,0
298,7,29800,1700,1111000110,966,0
298,8,29800,1700,1111000110,966,0
298,9,29800,1700,1111000110,966,0
298,10,29800,1700,1111000110,966,0
298,11,29800,1700,1111000110,966,0
298,12,29800,1700,1111000110,966,0
298,13,29800,1700,1111000110,966,0
298,14,29800,1700,1111000110,966,0
298,15,29800,1700,1111000110,966,0
298,16,29800,1700,1111000110,966,0
298,17,29800,1700,1111000110,966,0
298,18,29800,1700,1111000101,965,0
298,19,29800,1700,1111000101,965,0
299,0,29900,1600,1111001001,969,0
299,1,29900,1600,1111001001,969,0
299,2,29900,1600,1111001001,969,0
299,3,29900,1600,1111001000,968,0
299,4,29900,1600,1111001000,968,0
299,5,29900,1600,1111001000,968,0
299,6,29900,1600,1111001001,969,0
299,7,29900,1600,1111001000,968,0
299,8,29900,1600,1111001001,969,0
299,9,29900,1600,1111001001,969,0
299,10,29900,1600,1111001001,969,0
299,11,29900,1600,1111001000,968,0
299,12,29900,1600,1111001000,968,0
299,13,29900,1600,1111001001,969,0
299,14,29900,1600,1111001001,969,0
299,15,29900,1600,1111001001,969,0
299,16,29900,1600,1111001001,969,0
299,17,29900,1600,1111001001,969,0
299,18,29900,1600,1111001001,969,0
299,19,29900,1600,1111001001,969,0
300,0,30000,1500,1111001101,973,0
300,1,30000,1500,1111001101,973,0
300,2,30000,1500,1111001101,973,0
300,3,30000,1500,1111001110,974,0
300,4,30000,1500,1111001101,973,0
300,5,30000,1500,1111001101,973,0
300,6,30000,1500,1111001101,973,0
300,7,30000,1500,1111001101,973,0
300,8,30000,1500,1111001101,973,0
300,9,30000,1500,1111001100,972,0
300,10,30000,1500,1111001101,973,0
300,11,30000,1500,1111001101,973,0
300,12,30000,1500,1111001100,972,0
300,13,30000,1500,1111001100,972,0
300,14,30000,1500,1111001100,972,0
300,15,30000,1500,1111001100,972,0
300,16,30000,1500,1111001100,972,0
300,17,30000,1500,1111001101,973,0
300,18,30000,1500,1111001011,971,0
300,19,30000,1500,1111001011,971,0
301,0,30100,1400,1111010001,977,0
301,1,30100,1400,1111010000,976,0
301,2,30100,1400,1111001111,975,0
301,3,30100,1400,1111001111,975,0
301,4,30100,1400,1111010000,976,0
301,5,30100,1400,1111010001,977,0
301,6,30100,1400,1111010001,977,0
301,7,30100,1400,1111010001,977,0
301,8,30100,1400,1111010000,976,0
301,9,30100,1400,1111010001,977,0
301,10,30100,1400,1111001111,975,0
301,11,30100,1400,1111010001,977,0
301,12,30100,1400,1111010000,976,0
301,13,30100,1400,1111010001,977,0
301,14,30100,1400,1111010001,977,0
301,15,30100,1400,1111010001,977,0
301,16,30100,1400,1111010001,977,0
301,17,30100,1400,1111010001,977,0
301,18,30100,1400,1111010001,977,0
301,19,30100,1400,1111010001,977,0
302,0,30200,1300,1111010100,980,0
302,1,30200,1300,1111010100,980,0
302,2,30200,1300,1111010100,980,0
302,3,30200,1300,1111010100,980,0
302,4,30200,1300,1111010100,980,0
302,5,30200,1300,1111010100,980,0
302,6,30200,1300,1111010100,980,0
302,7,30200,1300,1111010100,980,0
302,8,30200,1300,1111010100,980,0
302,9,30200,1300,1111010100,980,0
302,10,30200,1300,1111010100,980,0
302,11,30200,1300,1111010100,980,0
302,12,30200,1300,1111010100,980,0
302,13,30200,1300,1111010100,980,0
302,14,30200,1300,1111010101,981,0
302,15,30200,1300,1111010100,980,0
302,16,30200,1300,1111010100,980,0
302,17,30200,1300,1111010101,981,0
302,18,30200,1300,1111010101,981,0
302,19,30200,1300,1111010101,981,0
303,0,30300,1200,1111011000,984,0
303,1,30300,1200,1111011000,984,0
303,2,30300,1200,1111011000,984,0
303,3,30300,1200,1111011000,984,0
303,4,30300,1200,1111011000,984,0
303,5,30300,1200,1111011000,984,0
303,6,30300,1200,1111011000,984,0
303,7,30300,1200,1111010111,983,0
303,8,30300,1200,1111011000,984,0
303,9,30300,1200,1111010110,982,0
303,10,30300,1200,1111010110,982,0
303,11,30300,1200,1111011000,984,0
303,12,30300,1200,1111011000,984,0
303,13,30300,1200,1111011000,984,0
303,14,30300,1200,1111010111,983,0
303,15,30300,1200,1111011000,984,0
303,16,30300,1200,1111011000,984,0
303,17,30300,1200,1111011000,984,0
303,18,30300,1200,1111010111,983,0
303,19,30300,1200,1111010111,983,0
304,0,30400,1100,1111011011,987,0
304,1,30400,1100,1111011011,987,0
304,2,30400,1100,1111011011,987,0
304,3,30400,1100,1111011100,988,0
304,4,30400,1100,1111011100,988,0
304,5,30400,1100,1111011011,987,0
304,6,30400,1100,1111011011,987,0
304,7,30400,1100,1111011011,987,0
304,8,30400,1100,1111011011,987,0
304,9,30400,1100,1111011100,988,0
304,10,30400,1100,1111011011,987,0
304,11,30400,1100,1111011011,987,0
304,12,30400,1100,1111011100,988,0
304,13,30400,1100,1111011011,987,0
304,14,30400,1100,1111011100,988,0
304,15,30400,1100,1111011011,987,0
304,16,30400,1100,1111011011,987,0
304,17,30400,1100,1111011011,987,0
304,18,30400,1100,1111011011,987,0
304,19,30400,1100,1111011011,987,0
305,0,30500,1000,1111011111,991,0
305,1,30500,1000,1111011110,990,0
305,2,30500,1000,1111011111,991,0
305,3,30500,1000,1111011111,991,0
305,4,30500,1000,1111011111,991,0
305,5,30500,1000,1111011111,991,0
305,6,30500,1000,1111011110,990,0
305,7,30500,1000,1111011111,991,0
305,8,30500,1000,1111011111,991,0
305,9,30500,1000,1111011111,991,0
305,10,30500,1000,1111011111,991,0
305,11,30500,1000,1111011110,990,0
305,12,30500,1000,1111011111,991,0
305,13,30500,1000,1111011111,991,0
305,14,30500,1000,1111011111,991,0
305,15,30500,1000,1111011111,991,0
305,16,30500,1000,1111011111,991,0
305,17,30500,1000,1111011111,991,0
305,18,30500,1000,1111011111,991,0
305,19,30500,1000,1111011111,991,0
306,0,30600,900,1111100000,992,0
306,1,30600,900,1111100000,992,0
306,2,30600,900,1111100000,992,0
306,3,30600,900,1111100000,992,0
306,4,30600,900,1111100000,992,0
306,5,30600,900,1111100000,992,0
306,6,30600,900,1111100000,992,0
306,7,30600,900,1111011111,991,0
306,8,30600,900,1111011111,991,0
306,9,30600,900,1111100000,992,0
306,10,30600,900,1111100000,992,0
306,11,30600,900,1111100000,992,0
306,12,30600,900,1111100000,992,0
306,13,30600,900,1111100000,992,0
306,14,30600,900,1111100000,992,0
306,15,30600,900,1111100000,992,0
306,16,30600,900,1111100000,992,0
306,17,30600,900,1111100000,992,0
306,18,30600,900,1111100000,992,0
306,19,30600,900,1111100000,992,0
307,0,30700,800,1111100001,993,0
307,1,30700,800,1111100001,993,0
307,2,30700,800,1111100010,994,0
307,3,30700,800,1111100001,993,0
307,4,30700,800,1111100010,994,0
307,5,30700,800,1111100010,994,0
307,6,30700,800,1111100010,994,0
307,7,30700,800,1111100011,995,0
307,8,30700,800,1111100010,994,0
307,9,30700,800,1111100010,994,0
307,10,30700,800,1111100010,994,0
307,11,30700,800,1111100010,994,0
307,12,30700,800,1111100010,994,0
307,13,30700,800,1111100010,994,0
307,14,30700,800,1111100010,994,0
307,15,30700,800,1111100011,995,0
307,16,30700,800,1111100011,995,0
307,17,30700,800,1111100010,994,0
307,18,30700,800,1111100011,995,0
307,19,30700,800,1111100010,994,0
308,0,30800,700,1111100110,998,0
308,1,30800,700,1111100110,998,0
308,2,30800,700,1111100110,998,0
308,3,30800,700,1111100110,998,0
308,4,30800,700,1111100110,998,0
308,5,30800,700,1111100110,998,0
308,6,30800,700,1111100110,998,0
308,7,30800,700,1111100110,998,0
308,8,30800,700,1111100110,998,0
308,9,30800,700,1111100110,998,0
308,10,30800,700,1111100110,998,0
308,11,30800,700,1111100101,997,0
308,12,30800,700,1111100100,996,0
308,13,30800,700,1111100100,996,0
308,14,30800,700,1111100101,997,0
308,15,30800,700,1111100101,997,0
308,16,30800,700,1111100110,998,0
308,17,30800,700,1111100101,997,0
308,18,30800,700,1111100101,997,0
308,19,30800,700,1111100110,998,0
309,0,30900,600,1111101000,1000,0
309,1,30900,600,1111101001,1001,0
309,2,30900,600,1111101000,1000,0
309,3,30900,600,1111101000,1000,0
309,4,30900,600,1111101000,1000,0
309,5,30900,600,1111101000,1000,0
309,6,30900,600,1111101001,1001,0
309,7,30900,600,1111101001,1001,0
309,8,30900,600,1111101001,1001,0
309,9,30900,600,1111101001,1001,0
309,10,30900,600,1111101001,1001,0
309,11,30900,600,1111101000,1000,0
309,12,30900,600,1111101001,1001,0
309,13,30900,600,1111101001,1001,0
309,14,30900,600,1111101010,1002,0
309,15,30900,600,1111101001,1001,0
309,16,30900,600,1111101001,1001,0
309,17,30900,600,1111101001,1001,0
309,18,30900,600,1111101001,1001,0
309,19,30900,600,1111101001,1001,0
310,0,31000,500,1111101011,1003,0
310,1,31000,500,1111101100,1004,0
310,2,31000,500,1111101100,1004,0
310,3,31000,500,1111101100,1004,0
310,4,31000,500,1111101100,1004,0
310,5,31000,500,1111101100,1004,0
310,6,31000,500,1111101100,1004,0
310,7,31000,500,1111101100,1004,0
310,8,31000,500,1111101100,1004,0
310,9,31000,500,1111101100,1004,0
310,10,31000,500,1111101100,1004,0
310,11,31000,500,1111101100,1004,0
310,12,31000,500,1111101100,1004,0
310,13,31000,500,1111101100,1004,0
310,14,31000,500,1111101100,1004,0
310,15,31000,500,1111101100,1004,0
310,16,31000,500,1111101100,1004,0
310,17,31000,500,1111101101,1005,0
310,18,31000,500,1111101101,1005,0
310,19,31000,500,1111101100,1004,0
311,0,31100,400,1111110001,1009,0
311,1,31100,400,1111110000,1008,0
311,2,31100,400,1111110001,1009,0
311,3,31100,400,1111110000,1008,0
311,4,31100,400,1111110001,1009,0
311,5,31100,400,1111110000,1008,0
311,6,31100,400,1111110001,1009,0
311,7,31100,400,1111110001,1009,0
311,8,31100,400,1111101111,1007,0
311,9,31100,400,1111101111,1007,0
311,10,31100,400,1111101111,1007,0
311,11,31100,400,1111101111,1007,0
311,12,31100,400,1111110000,1008,0
311,13,31100,400,1111101110,1006,0
311,14,31100,400,1111110000,1008,0
311,15,31100,400,1111110000,1008,0
311,16,31100,400,1111110001,1009,0
311,17,31100,400,1111101111,1007,0
311,18,31100,400,1111110001,1009,0
311,19,31100,400,1111101111,1007,0
312,0,31200,300,1111110100,1012,0
312,1,31200,300,1111110100,1012,0
312,2,31200,300,1111110100,1012,0
312,3,31200,300,1111110100,1012,0
312,4,31200,300,1111110100,1012,0
312,5,31200,300,1111110100,1012,0
312,6,31200,300,1111110100,1012,0
312,7,31200,300,1111110100,1012,0
312,8,31200,300,1111110100,1012,0
312,9,31200,300,1111110100,1012,0
312,10,31200,300,1111110100,1012,0
312,11,31200,300,1111110100,1012,0
312,12,31200,300,1111110100,1012,0
312,13,31200,300,1111110100,1012,0
312,14,31200,300,1111110100,1012,0
312,15,31200,300,1111110100,1012,0
312,16,31200,300,1111110100,1012,0
312,17,31200,300,1111110100,1012,0
312,18,31200,300,1111110100,1012,0
312,19,31200,300,1111110100,1012,0
313,0,31300,200,1111110111,1015,0
313,1,31300,200,1111111000,1016,0
313,2,31300,200,1111110111,1015,0
313,3,31300,200,1111110110,1014,0
313,4,31300,200,1111110110,1014,0
313,5,31300,200,1111111000,1016,0
313,6,31300,200,1111111000,1016,0
313,7,31300,200,1111111000,1016,0
313,8,31300,200,1111110111,1015,0
313,9,31300,200,1111111000,1016,0
313,10,31300,200,1111111000,1016,0
313,11,31300,200,1111110111,1015,0
313,12,31300,200,1111111000,1016,0
313,13,31300,200,1111111000,1016,0
313,14,31300,200,1111111000,1016,0
313,15,31300,200,1111111000,1016,0
313,16,31300,200,1111110111,1015,0
313,17,31300,200,1111111000,1016,0
313,18,31300,200,1111111000,1016,0
313,19,31300,200,1111111000,1016,0
314,0,31400,100,1111111100,1020,0
314,1,31400,100,1111111011,1019,0
314,2,31400,100,1111111011,1019,0
314,3,31400,100,1111111100,1020,0
314,4,31400,100,1111111011,1019,0
314,5,31400,100,1111111100,1020,0
314,6,31400,100,1111111011,1019,0
314,7,31400,100,1111111011,1019,0
314,8,31400,100,1111111011,1019,0
314,9,31400,100,1111111011,1019,0
314,10,31400,100,1111111100,1020,0
314,11,31400,100,1111111011,1019,0
314,12,31400,100,1111111011,1019,0
314,13,31400,100,1111111011,1019,0
314,14,31400,100,1111111011,1019,0
314,15,31400,100,1111111011,1019,0
314,16,31400,100,1111111011,1019,0
314,17,31400,100,1111111010,1018,0
314,18,31400,100,1111111010,1018,0
314,19,31400,100,1111111011,1019,0
315,0,31500,0,1111111111,1023,0
315,1,31500,0,1111111111,1023,0
315,2,31500,0,1111111111,1023,0
315,3,31500,0,1111111111,1023,0
315,4,31500,0,1111111111,1023,0
315,5,31500,0,1111111111,1023,0
315,6,31500,0,1111111111,1023,0
315,7,31500,0,1111111111,1023,0
315,8,31500,0,1111111111,1023,0
315,9,31500,0,1111111111,1023,0
315,10,31500,0,1111111111,1023,0
315,11,31500,0,1111111111,1023,0
315,12,31500,0,1111111111,1023,0
315,13,31500,0,1111111111,1023,0
315,14,31500,0,1111111111,1023,0
315,15,31500,0,1111111111,1023,0
315,16,31500,0,1111111111,1023,0
315,17,31500,0,1111111111,1023,0
315,18,31500,0,1111111111,1023,0
315,19,31500,0,1111111111,1023,0
