step,sample,cs1_code,cs2_code,adc_raw,adc_value,sot
0,0,200,31300,0000001010,10,0
0,1,200,31300,0000001011,11,0
0,2,200,31300,0000010011,19,0
0,3,200,31300,0000001101,13,0
0,4,200,31300,0000001010,10,0
0,5,200,31300,0000001010,10,0
0,6,200,31300,0000001101,13,0
0,7,200,31300,0000001011,11,0
0,8,200,31300,0000001100,12,0
0,9,200,31300,0000001011,11,0
0,10,200,31300,0000001011,11,0
0,11,200,31300,0000001000,8,0
0,12,200,31300,0000001000,8,0
0,13,200,31300,0000001010,10,0
0,14,200,31300,0000001010,10,0
0,15,200,31300,0000001010,10,0
0,16,200,31300,0000001011,11,0
0,17,200,31300,0000001010,10,0
0,18,200,31300,0000001000,8,0
0,19,200,31300,0000001000,8,0
0,20,200,31300,0000001010,10,0
0,21,200,31300,0000001010,10,0
0,22,200,31300,0000001011,11,0
0,23,200,31300,0000001011,11,0
0,24,200,31300,0000001011,11,0
0,25,200,31300,0000001011,11,0
0,26,200,31300,0000001101,13,0
0,27,200,31300,0000010011,19,0
0,28,200,31300,0000001100,12,0
0,29,200,31300,0000001010,10,0
0,30,200,31300,0000001011,11,0
0,31,200,31300,0000001011,11,0
0,32,200,31300,0000001101,13,0
0,33,200,31300,0000001001,9,0
0,34,200,31300,0000001001,9,0
0,35,200,31300,0000001011,11,0
0,36,200,31300,0000001011,11,0
0,37,200,31300,0000001011,11,0
0,38,200,31300,0000001010,10,0
0,39,200,31300,0000001001,9,0
0,40,200,31300,0000001010,10,0
0,41,200,31300,0000000111,7,0
0,42,200,31300,0000001010,10,0
0,43,200,31300,0000001001,9,0
0,44,200,31300,0000001010,10,0
0,45,200,31300,0000001010,10,0
0,46,200,31300,0000001100,12,0
0,47,200,31300,0000001010,10,0
0,48,200,31300,0000010000,16,0
0,49,200,31300,0000001100,12,0
1,0,300,31200,0000001011,11,0
1,1,300,31200,0000001110,14,0
1,2,300,31200,0000001100,12,0
1,3,300,31200,0000001011,11,0
1,4,300,31200,0000001110,14,0
1,5,300,31200,0000001011,11,0
1,6,300,31200,0000001101,13,0
1,7,300,31200,0000001101,13,0
1,8,300,31200,0000001101,13,0
1,9,300,31200,0000001110,14,0
1,10,300,31200,0000001110,14,0
1,11,300,31200,0000010010,18,0
1,12,300,31200,0000010010,18,0
1,13,300,31200,0000010110,22,0
1,14,300,31200,0000001111,15,0
1,15,300,31200,0000001101,13,0
1,16,300,31200,0000010010,18,0
1,17,300,31200,0000010010,18,0
1,18,300,31200,0000010001,17,0
1,19,300,31200,0000001111,15,0
1,20,300,31200,0000001111,15,0
1,21,300,31200,0000001101,13,0
1,22,300,31200,0000001101,13,0
1,23,300,31200,0000001110,14,0
1,24,300,31200,0000001100,12,0
1,25,300,31200,0000001110,14,0
1,26,300,31200,0000001011,11,0
1,27,300,31200,0000001101,13,0
1,28,300,31200,0000001101,13,0
1,29,300,31200,0000001110,14,0
1,30,300,31200,0000001111,15,0
1,31,300,31200,0000001110,14,0
1,32,300,31200,0000001111,15,0
1,33,300,31200,0000001111,15,0
1,34,300,31200,0000010111,23,0
1,35,300,31200,0000001110,14,0
1,36,300,31200,0000010010,18,0
1,37,300,31200,0000001110,14,0
1,38,300,31200,0000001110,14,0
1,39,300,31200,0000001100,12,0
1,40,300,31200,0000001110,14,0
1,41,300,31200,0000001110,14,0
1,42,300,31200,0000001110,14,0
1,43,300,31200,0000001100,12,0
1,44,300,31200,0000001011,11,0
1,45,300,31200,0000001110,14,0
1,46,300,31200,0000001101,13,0
1,47,300,31200,0000001011,11,0
1,48,300,31200,0000001110,14,0
1,49,300,31200,0000001110,14,0
2,0,400,31100,0000001111,15,0
2,1,400,31100,0000010001,17,0
2,2,400,31100,0000010010,18,0
2,3,400,31100,0000010010,18,0
2,4,400,31100,0000010010,18,0
2,5,400,31100,0000010010,18,0
2,6,400,31100,0000010010,18,0
2,7,400,31100,0000001111,15,0
2,8,400,31100,0000001111,15,0
2,9,400,31100,0000001111,15,0
2,10,400,31100,0000010010,18,0
2,11,400,31100,0000010010,18,0
2,12,400,31100,0000010010,18,0
2,13,400,31100,0000010010,18,0
2,14,400,31100,0000010010,18,0
2,15,400,31100,0000010010,18,0
2,16,400,31100,0000010010,18,0
2,17,400,31100,0000001111,15,0
2,18,400,31100,0000010010,18,0
2,19,400,31100,0000010010,18,0
2,20,400,31100,0000001110,14,0
2,21,400,31100,0000001111,15,0
2,22,400,31100,0000001111,15,0
2,23,400,31100,0000010010,18,0
2,24,400,31100,0000010010,18,0
2,25,400,31100,0000001111,15,0
2,26,400,31100,0000001111,15,0
2,27,400,31100,0000010010,18,0
2,28,400,31100,0000010010,18,0
2,29,400,31100,0000010010,18,0
2,30,400,31100,0000010010,18,0
2,31,400,31100,0000010001,17,0
2,32,400,31100,0000010001,17,0
2,33,400,31100,0000010010,18,0
2,34,400,31100,0000010010,18,0
2,35,400,31100,0000010011,19,0
2,36,400,31100,0000010011,19,0
2,37,400,31100,0000010010,18,0
2,38,400,31100,0000010010,18,0
2,39,400,31100,0000010110,22,0
2,40,400,31100,0000010101,21,0
2,41,400,31100,0000010101,21,0
2,42,400,31100,0000010101,21,0
2,43,400,31100,0000010101,21,0
2,44,400,31100,0000010011,19,0
2,45,400,31100,0000011001,25,0
2,46,400,31100,0000011010,26,0
2,47,400,31100,0000011010,26,0
2,48,400,31100,0000011010,26,0
2,49,400,31100,0000010100,20,0
3,0,500,31000,0000011110,30,0
3,1,500,31000,0000011110,30,0
3,2,500,31000,0000011000,24,0
3,3,500,31000,0000011000,24,0
3,4,500,31000,0000011000,24,0
3,5,500,31000,0000011001,25,0
3,6,500,31000,0000010110,22,0
3,7,500,31000,0000010110,22,0
3,8,500,31000,0000011000,24,0
3,9,500,31000,0000011001,25,0
3,10,500,31000,0000011000,24,0
3,11,500,31000,0000010110,22,0
3,12,500,31000,0000010111,23,0
3,13,500,31000,0000010110,22,0
3,14,500,31000,0000010111,23,0
3,15,500,31000,0000010011,19,0
3,16,500,31000,0000010011,19,0
3,17,500,31000,0000010101,21,0
3,18,500,31000,0000010101,21,0
3,19,500,31000,0000010110,22,0
3,20,500,31000,0000010110,22,0
3,21,500,31000,0000010011,19,0
3,22,500,31000,0000010101,21,0
3,23,500,31000,0000010101,21,0
3,24,500,31000,0000010011,19,0
3,25,500,31000,0000010011,19,0
3,26,500,31000,0000010011,19,0
3,27,500,31000,0000010101,21,0
3,28,500,31000,0000010101,21,0
3,29,500,31000,0000010101,21,0
3,30,500,31000,0000010110,22,0
3,31,500,31000,0000010110,22,0
3,32,500,31000,0000010101,21,0
3,33,500,31000,0000010110,22,0
3,34,500,31000,0000010110,22,0
3,35,500,31000,0000010101,21,0
3,36,500,31000,0000011001,25,0
3,37,500,31000,0000011001,25,0
3,38,500,31000,0000011001,25,0
3,39,500,31000,0000011001,25,0
3,40,500,31000,0000010110,22,0
3,41,500,31000,0000011101,29,0
3,42,500,31000,0000011000,24,0
3,43,500,31000,0000010101,21,0
3,44,500,31000,0000010101,21,0
3,45,500,31000,0000010101,21,0
3,46,500,31000,0000010101,21,0
3,47,500,31000,0000011000,24,0
3,48,500,31000,0000011001,25,0
3,49,500,31000,0000011000,24,0
4,0,600,30900,0000011011,27,0
4,1,600,30900,0000011001,25,0
4,2,600,30900,0000011001,25,0
4,3,600,30900,0000011111,31,0
4,4,600,30900,0000011110,30,0
4,5,600,30900,0000011110,30,0
4,6,600,30900,0000011010,26,0
4,7,600,30900,0000011010,26,0
4,8,600,30900,0000100000,32,0
4,9,600,30900,0000100000,32,0
4,10,600,30900,0000011011,27,0
4,11,600,30900,0000011010,26,0
4,12,600,30900,0000011010,26,0
4,13,600,30900,0000011010,26,0
4,14,600,30900,0000011001,25,0
4,15,600,30900,0000011001,25,0
4,16,600,30900,0000011001,25,0
4,17,600,30900,0000011100,28,0
4,18,600,30900,0000011100,28,0
4,19,600,30900,0000011100,28,0
4,20,600,30900,0000011001,25,0
4,21,600,30900,0000011001,25,0
4,22,600,30900,0000011001,25,0
4,23,600,30900,0000011010,26,0
4,24,600,30900,0000011010,26,0
4,25,600,30900,0000011010,26,0
4,26,600,30900,0000011001,25,0
4,27,600,30900,0000010111,23,0
4,28,600,30900,0000011000,24,0
4,29,600,30900,0000011000,24,0
4,30,600,30900,0000011000,24,0
4,31,600,30900,0000011001,25,0
4,32,600,30900,0000010110,22,0
4,33,600,30900,0000010111,23,0
4,34,600,30900,0000011000,24,0
4,35,600,30900,0000010110,22,0
4,36,600,30900,0000010111,23,0
4,37,600,30900,0000010111,23,0
4,38,600,30900,0000010111,23,0
4,39,600,30900,0000010110,22,0
4,40,600,30900,0000010110,22,0
4,41,600,30900,0000011001,25,0
4,42,600,30900,0000011001,25,0
4,43,600,30900,0000011000,24,0
4,44,600,30900,0000011000,24,0
4,45,600,30900,0000011001,25,0
4,46,600,30900,0000011010,26,0
4,47,600,30900,0000011001,25,0
4,48,600,30900,0000011000,24,0
4,49,600,30900,0000011000,24,0
5,0,700,30800,0000011100,28,0
5,1,700,30800,0000011110,30,0
5,2,700,30800,0000011110,30,0
5,3,700,30800,0000011101,29,0
5,4,700,30800,0000011110,30,0
5,5,700,30800,0000011010,26,0
5,6,700,30800,0000011010,26,0
5,7,700,30800,0000011100,28,0
5,8,700,30800,0000011100,28,0
5,9,700,30800,0000011100,28,0
5,10,700,30800,0000011100,28,0
5,11,700,30800,0000011010,26,0
5,12,700,30800,0000011100,28,0
5,13,700,30800,0000011100,28,0
5,14,700,30800,0000011100,28,0
5,15,700,30800,0000011010,26,0
5,16,700,30800,0000011100,28,0
5,17,700,30800,0000011100,28,0
5,18,700,30800,0000011100,28,0
5,19,700,30800,0000011100,28,0
5,20,700,30800,0000011100,28,0
5,21,700,30800,0000011100,28,0
5,22,700,30800,0000011100,28,0
5,23,700,30800,0000011100,28,0
5,24,700,30800,0000011100,28,0
5,25,700,30800,0000011101,29,0
5,26,700,30800,0000011100,28,0
5,27,700,30800,0000011100,28,0
5,28,700,30800,0000100000,32,0
5,29,700,30800,0000100000,32,0
5,30,700,30800,0000011100,28,0
5,31,700,30800,0000100010,34,0
5,32,700,30800,0000100010,34,0
5,33,700,30800,0000100001,33,0
5,34,700,30800,0000100010,34,0
5,35,700,30800,0000100010,34,0
5,36,700,30800,0000100010,34,0
5,37,700,30800,0000011101,29,0
5,38,700,30800,0000011100,28,0
5,39,700,30800,0000011100,28,0
5,40,700,30800,0000011100,28,0
5,41,700,30800,0000011100,28,0
5,42,700,30800,0000011111,31,0
5,43,700,30800,0000011100,28,0
5,44,700,30800,0000011100,28,0
5,45,700,30800,0000011100,28,0
5,46,700,30800,0000011100,28,0
5,47,700,30800,0000011100,28,0
5,48,700,30800,0000011111,31,0
5,49,700,30800,0000011110,30,0
6,0,800,30700,0000011111,31,0
6,1,800,30700,0000100011,35,0
6,2,800,30700,0000100011,35,0
6,3,800,30700,0000100100,36,0
6,4,800,30700,0000100000,32,0
6,5,800,30700,0000100011,35,0
6,6,800,30700,0000100000,32,0
6,7,800,30700,0000100000,32,0
6,8,800,30700,0000011111,31,0
6,9,800,30700,0000011111,31,0
6,10,800,30700,0000011111,31,0
6,11,800,30700,0000100001,33,0
6,12,800,30700,0000100001,33,0
6,13,800,30700,0000011111,31,0
6,14,800,30700,0000011111,31,0
6,15,800,30700,0000100000,32,0
6,16,800,30700,0000100000,32,0
6,17,800,30700,0000100000,32,0
6,18,800,30700,0000100000,32,0
6,19,800,30700,0000011111,31,0
6,20,800,30700,0000011111,31,0
6,21,800,30700,0000011111,31,0
6,22,800,30700,0000011111,31,0
6,23,800,30700,0000011111,31,0
6,24,800,30700,0000011111,31,0
6,25,800,30700,0000011110,30,0
6,26,800,30700,0000011101,29,0
6,27,800,30700,0000011101,29,0
6,28,800,30700,0000011101,29,0
6,29,800,30700,0000011101,29,0
6,30,800,30700,0000011101,29,0
6,31,800,30700,0000011111,31,0
6,32,800,30700,0000011101,29,0
6,33,800,30700,0000011101,29,0
6,34,800,30700,0000100000,32,0
6,35,800,30700,0000011100,28,0
6,36,800,30700,0000011101,29,0
6,37,800,30700,0000100000,32,0
6,38,800,30700,0000100000,32,0
6,39,800,30700,0000100000,32,0
6,40,800,30700,0000011111,31,0
6,41,800,30700,0000011111,31,0
6,42,800,30700,0000100001,33,0
6,43,800,30700,0000100100,36,0
6,44,800,30700,0000100000,32,0
6,45,800,30700,0000011111,31,0
6,46,800,30700,0000011111,31,0
6,47,800,30700,0000100000,32,0
6,48,800,30700,0000100001,33,0
6,49,800,30700,0000100001,33,0
7,0,900,30600,0000100000,32,0
7,1,900,30600,0000100010,34,0
7,2,900,30600,0000100010,34,0
7,3,900,30600,0000100010,34,0
7,4,900,30600,0000100000,32,0
7,5,900,30600,0000100000,32,0
7,6,900,30600,0000100000,32,0
7,7,900,30600,0000100000,32,0
7,8,900,30600,0000100000,32,0
7,9,900,30600,0000100000,32,0
7,10,900,30600,0000100000,32,0
7,11,900,30600,0000100000,32,0
7,12,900,30600,0000100000,32,0
7,13,900,30600,0000011111,31,0
7,14,900,30600,0000100000,32,0
7,15,900,30600,0000100000,32,0
7,16,900,30600,0000100000,32,0
7,17,900,30600,0000100000,32,0
7,18,900,30600,0000100100,36,0
7,19,900,30600,0000100000,32,0
7,20,900,30600,0000100111,39,0
7,21,900,30600,0000100000,32,0
7,22,900,30600,0000100010,34,0
7,23,900,30600,0000100000,32,0
7,24,900,30600,0000100000,32,0
7,25,900,30600,0000100000,32,0
7,26,900,30600,0000100000,32,0
7,27,900,30600,0000100000,32,0
7,28,900,30600,0000100000,32,0
7,29,900,30600,0000100000,32,0
7,30,900,30600,0000100000,32,0
7,31,900,30600,0000100000,32,0
7,32,900,30600,0000100000,32,0
7,33,900,30600,0000100000,32,0
7,34,900,30600,0000100000,32,0
7,35,900,30600,0000100000,32,0
7,36,900,30600,0000100000,32,0
7,37,900,30600,0000100000,32,0
7,38,900,30600,0000100110,38,0
7,39,900,30600,0000100001,33,0
7,40,900,30600,0000100001,33,0
7,41,900,30600,0000100000,32,0
7,42,900,30600,0000100000,32,0
7,43,900,30600,0000100000,32,0
7,44,900,30600,0000100010,34,0
7,45,900,30600,0000100010,34,0
7,46,900,30600,0000100000,32,0
7,47,900,30600,0000100000,32,0
7,48,900,30600,0000100000,32,0
7,49,900,30600,0000100000,32,0
8,0,1000,30500,0000100001,33,0
8,1,1000,30500,0000100001,33,0
8,2,1000,30500,0000100011,35,0
8,3,1000,30500,0000100001,33,0
8,4,1000,30500,0000100011,35,0
8,5,1000,30500,0000100011,35,0
8,6,1000,30500,0000100100,36,0
8,7,1000,30500,0000100011,35,0
8,8,1000,30500,0000100100,36,0
8,9,1000,30500,0000101010,42,0
8,10,1000,30500,0000100100,36,0
8,11,1000,30500,0000100011,35,0
8,12,1000,30500,0000100011,35,0
8,13,1000,30500,0000100110,38,0
8,14,1000,30500,0000100011,35,0
8,15,1000,30500,0000100011,35,0
8,16,1000,30500,0000100110,38,0
8,17,1000,30500,0000100100,36,0
8,18,1000,30500,0000100010,34,0
8,19,1000,30500,0000100011,35,0
8,20,1000,30500,0000100011,35,0
8,21,1000,30500,0000100010,34,0
8,22,1000,30500,0000100011,35,0
8,23,1000,30500,0000100011,35,0
8,24,1000,30500,0000100011,35,0
8,25,1000,30500,0000100011,35,0
8,26,1000,30500,0000100000,32,0
8,27,1000,30500,0000100011,35,0
8,28,1000,30500,0000100011,35,0
8,29,1000,30500,0000100011,35,0
8,30,1000,30500,0000100011,35,0
8,31,1000,30500,0000100011,35,0
8,32,1000,30500,0000100011,35,0
8,33,1000,30500,0000100100,36,0
8,34,1000,30500,0000100100,36,0
8,35,1000,30500,0000100011,35,0
8,36,1000,30500,0000101000,40,0
8,37,1000,30500,0000101000,40,0
8,38,1000,30500,0000100100,36,0
8,39,1000,30500,0000100100,36,0
8,40,1000,30500,0000101010,42,0
8,41,1000,30500,0000101010,42,0
8,42,1000,30500,0000100101,37,0
8,43,1000,30500,0000100011,35,0
8,44,1000,30500,0000100110,38,0
8,45,1000,30500,0000100100,36,0
8,46,1000,30500,0000100001,33,0
8,47,1000,30500,0000100011,35,0
8,48,1000,30500,0000100001,33,0
8,49,1000,30500,0000100001,33,0
9,0,1100,30400,0000101010,42,0
9,1,1100,30400,0000100111,39,0
9,2,1100,30400,0000101101,45,0
9,3,1100,30400,0000101000,40,0
9,4,1100,30400,0000100110,38,0
9,5,1100,30400,0000101001,41,0
9,6,1100,30400,0000100111,39,0
9,7,1100,30400,0000100111,39,0
9,8,1100,30400,0000100111,39,0
9,9,1100,30400,0000100110,38,0
9,10,1100,30400,0000100110,38,0
9,11,1100,30400,0000100111,39,0
9,12,1100,30400,0000100101,37,0
9,13,1100,30400,0000100111,39,0
9,14,1100,30400,0000100110,38,0
9,15,1100,30400,0000100110,38,0
9,16,1100,30400,0000100110,38,0
9,17,1100,30400,0000100110,38,0
9,18,1100,30400,0000100110,38,0
9,19,1100,30400,0000101000,40,0
9,20,1100,30400,0000100111,39,0
9,21,1100,30400,0000100111,39,0
9,22,1100,30400,0000101100,44,0
9,23,1100,30400,0000101110,46,0
9,24,1100,30400,0000101110,46,0
9,25,1100,30400,0000101001,41,0
9,26,1100,30400,0000100111,39,0
9,27,1100,30400,0000100111,39,0
9,28,1100,30400,0000101000,40,0
9,29,1100,30400,0000100100,36,0
9,30,1100,30400,0000100110,38,0
9,31,1100,30400,0000100111,39,0
9,32,1100,30400,0000100111,39,0
9,33,1100,30400,0000100101,37,0
9,34,1100,30400,0000100110,38,0
9,35,1100,30400,0000100110,38,0
9,36,1100,30400,0000100100,36,0
9,37,1100,30400,0000100110,38,0
9,38,1100,30400,0000100110,38,0
9,39,1100,30400,0000100110,38,0
9,40,1100,30400,0000100110,38,0
9,41,1100,30400,0000100111,39,0
9,42,1100,30400,0000100111,39,0
9,43,1100,30400,0000100111,39,0
9,44,1100,30400,0000100110,38,0
9,45,1100,30400,0000100110,38,0
9,46,1100,30400,0000101010,42,0
9,47,1100,30400,0000101110,46,0
9,48,1100,30400,0000101000,40,0
9,49,1100,30400,0000101001,41,0
10,0,1200,30300,0000101010,42,0
10,1,1200,30300,0000101000,40,0
10,2,1200,30300,0000101000,40,0
10,3,1200,30300,0000101001,41,0
10,4,1200,30300,0000101001,41,0
10,5,1200,30300,0000101010,42,0
10,6,1200,30300,0000101010,42,0
10,7,1200,30300,0000101010,42,0
10,8,1200,30300,0000101010,42,0
10,9,1200,30300,0000101001,41,0
10,10,1200,30300,0000101010,42,0
10,11,1200,30300,0000101101,45,0
10,12,1200,30300,0000101100,44,0
10,13,1200,30300,0000101010,42,0
10,14,1200,30300,0000110001,49,0
10,15,1200,30300,0000101100,44,0
10,16,1200,30300,0000101001,41,0
10,17,1200,30300,0000101010,42,0
10,18,1200,30300,0000101010,42,0
10,19,1200,30300,0000101100,44,0
10,20,1200,30300,0000101010,42,0
10,21,1200,30300,0000101100,44,0
10,22,1200,30300,0000101001,41,0
10,23,1200,30300,0000101001,41,0
10,24,1200,30300,0000101010,42,0
10,25,1200,30300,0000101010,42,0
10,26,1200,30300,0000101010,42,0
10,27,1200,30300,0000101010,42,0
10,28,1200,30300,0000101010,42,0
10,29,1200,30300,0000101001,41,0
10,30,1200,30300,0000101000,40,0
10,31,1200,30300,0000101010,42,0
10,32,1200,30300,0000101001,41,0
10,33,1200,30300,0000101010,42,0
10,34,1200,30300,0000101001,41,0
10,35,1200,30300,0000101001,41,0
10,36,1200,30300,0000101010,42,0
10,37,1200,30300,0000101011,43,0
10,38,1200,30300,0000101010,42,0
10,39,1200,30300,0000101010,42,0
10,40,1200,30300,0000101111,47,0
10,41,1200,30300,0000101011,43,0
10,42,1200,30300,0000110010,50,0
10,43,1200,30300,0000101100,44,0
10,44,1200,30300,0000101101,45,0
10,45,1200,30300,0000101011,43,0
10,46,1200,30300,0000101011,43,0
10,47,1200,30300,0000101010,42,0
10,48,1200,30300,0000101011,43,0
10,49,1200,30300,0000101000,40,0
11,0,1300,30200,0000101101,45,0
11,1,1300,30200,0000101110,46,0
11,2,1300,30200,0000101100,44,0
11,3,1300,30200,0000101011,43,0
11,4,1300,30200,0000101011,43,0
11,5,1300,30200,0000101011,43,0
11,6,1300,30200,0000101101,45,0
11,7,1300,30200,0000101101,45,0
11,8,1300,30200,0000101011,43,0
11,9,1300,30200,0000101101,45,0
11,10,1300,30200,0000101101,45,0
11,11,1300,30200,0000101101,45,0
11,12,1300,30200,0000101101,45,0
11,13,1300,30200,0000101110,46,0
11,14,1300,30200,0000110010,50,0
11,15,1300,30200,0000110010,50,0
11,16,1300,30200,0000101110,46,0
11,17,1300,30200,0000110110,54,0
11,18,1300,30200,0000110101,53,0
11,19,1300,30200,0000110000,48,0
11,20,1300,30200,0000101111,47,0
11,21,1300,30200,0000101111,47,0
11,22,1300,30200,0000101101,45,0
11,23,1300,30200,0000110001,49,0
11,24,1300,30200,0000110001,49,0
11,25,1300,30200,0000110001,49,0
11,26,1300,30200,0000101110,46,0
11,27,1300,30200,0000101110,46,0
11,28,1300,30200,0000101110,46,0
11,29,1300,30200,0000110001,49,0
11,30,1300,30200,0000110001,49,0
11,31,1300,30200,0000110000,48,0
11,32,1300,30200,0000101110,46,0
11,33,1300,30200,0000101100,44,0
11,34,1300,30200,0000101100,44,0
11,35,1300,30200,0000101100,44,0
11,36,1300,30200,0000101101,45,0
11,37,1300,30200,0000101110,46,0
11,38,1300,30200,0000101110,46,0
11,39,1300,30200,0000101101,45,0
11,40,1300,30200,0000101100,44,0
11,41,1300,30200,0000101100,44,0
11,42,1300,30200,0000101101,45,0
11,43,1300,30200,0000101101,45,0
11,44,1300,30200,0000101110,46,0
11,45,1300,30200,0000101011,43,0
11,46,1300,30200,0000101011,43,0
11,47,1300,30200,0000101101,45,0
11,48,1300,30200,0000101101,45,0
11,49,1300,30200,0000101101,45,0
12,0,1400,30100,0000110011,51,0
12,1,1400,30100,0000110011,51,0
12,2,1400,30100,0000110011,51,0
12,3,1400,30100,0000110010,50,0
12,4,1400,30100,0000110010,50,0
12,5,1400,30100,0000110010,50,0
12,6,1400,30100,0000101111,47,0
12,7,1400,30100,0000110001,49,0
12,8,1400,30100,0000110010,50,0
12,9,1400,30100,0000101111,47,0
12,10,1400,30100,0000101111,47,0
12,11,1400,30100,0000110001,49,0
12,12,1400,30100,0000110010,50,0
12,13,1400,30100,0000101111,47,0
12,14,1400,30100,0000110010,50,0
12,15,1400,30100,0000110010,50,0
12,16,1400,30100,0000110010,50,0
12,17,1400,30100,0000110001,49,0
12,18,1400,30100,0000110101,53,0
12,19,1400,30100,0000110101,53,0
12,20,1400,30100,0000110011,51,0
12,21,1400,30100,0000110011,51,0
12,22,1400,30100,0000110010,50,0
12,23,1400,30100,0000110001,49,0
12,24,1400,30100,0000110100,52,0
12,25,1400,30100,0000110010,50,0
12,26,1400,30100,0000110100,52,0
12,27,1400,30100,0000110100,52,0
12,28,1400,30100,0000110010,50,0
12,29,1400,30100,0000110001,49,0
12,30,1400,30100,0000110010,50,0
12,31,1400,30100,0000110010,50,0
12,32,1400,30100,0000101111,47,0
12,33,1400,30100,0000101111,47,0
12,34,1400,30100,0000101111,47,0
12,35,1400,30100,0000110010,50,0
12,36,1400,30100,0000110010,50,0
12,37,1400,30100,0000101110,46,0
12,38,1400,30100,0000110001,49,0
12,39,1400,30100,0000110001,49,0
12,40,1400,30100,0000110001,49,0
12,41,1400,30100,0000110010,50,0
12,42,1400,30100,0000110001,49,0
12,43,1400,30100,0000110010,50,0
12,44,1400,30100,0000110001,49,0
12,45,1400,30100,0000110001,49,0
12,46,1400,30100,0000110011,51,0
12,47,1400,30100,0000110111,55,0
12,48,1400,30100,0000110111,55,0
12,49,1400,30100,0000110011,51,0
13,0,1500,30000,0000110101,53,0
13,1,1500,30000,0000110011,51,0
13,2,1500,30000,0000110101,53,0
13,3,1500,30000,0000110011,51,0
13,4,1500,30000,0000110101,53,0
13,5,1500,30000,0000110101,53,0
13,6,1500,30000,0000110110,54,0
13,7,1500,30000,0000110101,53,0
13,8,1500,30000,0000110101,53,0
13,9,1500,30000,0000110101,53,0
13,10,1500,30000,0000111001,57,0
13,11,1500,30000,0000110110,54,0
13,12,1500,30000,0000110101,53,0
13,13,1500,30000,0000110110,54,0
13,14,1500,30000,0000111101,61,0
13,15,1500,30000,0000111101,61,0
13,16,1500,30000,0000111100,60,0
13,17,1500,30000,0000110111,55,0
13,18,1500,30000,0000110111,55,0
13,19,1500,30000,0000110111,55,0
13,20,1500,30000,0000110101,53,0
13,21,1500,30000,0000110101,53,0
13,22,1500,30000,0000110110,54,0
13,23,1500,30000,0000111000,56,0
13,24,1500,30000,0000111000,56,0
13,25,1500,30000,0000111000,56,0
13,26,1500,30000,0000111000,56,0
13,27,1500,30000,0000111000,56,0
13,28,1500,30000,0000111000,56,0
13,29,1500,30000,0000110101,53,0
13,30,1500,30000,0000111000,56,0
13,31,1500,30000,0000110110,54,0
13,32,1500,30000,0000110110,54,0
13,33,1500,30000,0000110100,52,0
13,34,1500,30000,0000110110,54,0
13,35,1500,30000,0000110110,54,0
13,36,1500,30000,0000110101,53,0
13,37,1500,30000,0000110101,53,0
13,38,1500,30000,0000110101,53,0
13,39,1500,30000,0000110101,53,0
13,40,1500,30000,0000110101,53,0
13,41,1500,30000,0000110100,52,0
13,42,1500,30000,0000110100,52,0
13,43,1500,30000,0000110100,52,0
13,44,1500,30000,0000110100,52,0
13,45,1500,30000,0000110101,53,0
13,46,1500,30000,0000110101,53,0
13,47,1500,30000,0000110101,53,0
13,48,1500,30000,0000110010,50,0
13,49,1500,30000,0000110101,53,0
14,0,1600,29900,0000111001,57,0
14,1,1600,29900,0000111001,57,0
14,2,1600,29900,0000111001,57,0
14,3,1600,29900,0000111001,57,0
14,4,1600,29900,0000111001,57,0
14,5,1600,29900,0000110110,54,0
14,6,1600,29900,0000111000,56,0
14,7,1600,29900,0000111001,57,0
14,8,1600,29900,0000111001,57,0
14,9,1600,29900,0000110110,54,0
14,10,1600,29900,0000110110,54,0
14,11,1600,29900,0000111000,56,0
14,12,1600,29900,0000111000,56,0
14,13,1600,29900,0000110111,55,0
14,14,1600,29900,0000110110,54,0
14,15,1600,29900,0000111000,56,0
14,16,1600,29900,0000111000,56,0
14,17,1600,29900,0000111000,56,0
14,18,1600,29900,0000111001,57,0
14,19,1600,29900,0000111011,59,0
14,20,1600,29900,0000111000,56,0
14,21,1600,29900,0000111000,56,0
14,22,1600,29900,0000111100,60,0
14,23,1600,29900,0000111100,60,0
14,24,1600,29900,0000111100,60,0
14,25,1600,29900,0000111100,60,0
14,26,1600,29900,0000111001,57,0
14,27,1600,29900,0000111001,57,0
14,28,1600,29900,0000111111,63,0
14,29,1600,29900,0001000000,64,0
14,30,1600,29900,0000111001,57,0
14,31,1600,29900,0000111000,56,0
14,32,1600,29900,0000111000,56,0
14,33,1600,29900,0000111011,59,0
14,34,1600,29900,0000111100,60,0
14,35,1600,29900,0000111001,57,0
14,36,1600,29900,0000111001,57,0
14,37,1600,29900,0000111001,57,0
14,38,1600,29900,0000111001,57,0
14,39,1600,29900,0000110111,55,0
14,40,1600,29900,0000111001,57,0
14,41,1600,29900,0000111001,57,0
14,42,1600,29900,0000111000,56,0
14,43,1600,29900,0000111001,57,0
14,44,1600,29900,0000111001,57,0
14,45,1600,29900,0000111001,57,0
14,46,1600,29900,0000111001,57,0
14,47,1600,29900,0000111001,57,0
14,48,1600,29900,0000110111,55,0
14,49,1600,29900,0000111000,56,0
15,0,1700,29800,0000111100,60,0
15,1,1700,29800,0000111111,63,0
15,2,1700,29800,0000111111,63,0
15,3,1700,29800,0000111111,63,0
15,4,1700,29800,0000111111,63,0
15,5,1700,29800,0001000000,64,0
15,6,1700,29800,0000111101,61,0
15,7,1700,29800,0000111110,62,0
15,8,1700,29800,0000111101,61,0
15,9,1700,29800,0000111010,58,0
15,10,1700,29800,0000111001,57,0
15,11,1700,29800,0000111100,60,0
15,12,1700,29800,0000111100,60,0
15,13,1700,29800,0000111100,60,0
15,14,1700,29800,0000111010,58,0
15,15,1700,29800,0000111100,60,0
15,16,1700,29800,0000111011,59,0
15,17,1700,29800,0000111100,60,0
15,18,1700,29800,0000111100,60,0
15,19,1700,29800,0000111100,60,0
15,20,1700,29800,0000111100,60,0
15,21,1700,29800,0000111101,61,0
15,22,1700,29800,0000111101,61,0
15,23,1700,29800,0000111100,60,0
15,24,1700,29800,0000111100,60,0
15,25,1700,29800,0000111100,60,0
15,26,1700,29800,0000111100,60,0
15,27,1700,29800,0000111100,60,0
15,28,1700,29800,0000111100,60,0
15,29,1700,29800,0000111100,60,0
15,30,1700,29800,0001000000,64,0
15,31,1700,29800,0001000000,64,0
15,32,1700,29800,0001000000,64,0
15,33,1700,29800,0000111100,60,0
15,34,1700,29800,0001000010,66,0
15,35,1700,29800,0001000010,66,0
15,36,1700,29800,0000111100,60,0
15,37,1700,29800,0000111101,61,0
15,38,1700,29800,0000111101,61,0
15,39,1700,29800,0000111100,60,0
15,40,1700,29800,0000111100,60,0
15,41,1700,29800,0000111111,63,0
15,42,1700,29800,0000111111,63,0
15,43,1700,29800,0000111111,63,0
15,44,1700,29800,0000111111,63,0
15,45,1700,29800,0000111101,61,0
15,46,1700,29800,0000111101,61,0
15,47,1700,29800,0000111100,60,0
15,48,1700,29800,0000111111,63,0
15,49,1700,29800,0000111111,63,0
16,0,1800,29700,0000111111,63,0
16,1,1800,29700,0000111111,63,0
16,2,1800,29700,0000111111,63,0
16,3,1800,29700,0000111111,63,0
16,4,1800,29700,0000111111,63,0
16,5,1800,29700,0000111111,63,0
16,6,1800,29700,0000111110,62,0
16,7,1800,29700,0000111110,62,0
16,8,1800,29700,0000111110,62,0
16,9,1800,29700,0001000000,64,0
16,10,1800,29700,0000111110,62,0
16,11,1800,29700,0000111111,63,0
16,12,1800,29700,0000111110,62,0
16,13,1800,29700,0000111110,62,0
16,14,1800,29700,0001000010,66,0
16,15,1800,29700,0001000010,66,0
16,16,1800,29700,0000111110,62,0
16,17,1800,29700,0000111111,63,0
16,18,1800,29700,0001000110,70,0
16,19,1800,29700,0001000110,70,0
16,20,1800,29700,0001000000,64,0
16,21,1800,29700,0001000000,64,0
16,22,1800,29700,0000111110,62,0
16,23,1800,29700,0001000001,65,0
16,24,1800,29700,0001000001,65,0
16,25,1800,29700,0000111111,63,0
16,26,1800,29700,0001000001,65,0
16,27,1800,29700,0000111111,63,0
16,28,1800,29700,0000111110,62,0
16,29,1800,29700,0000111110,62,0
16,30,1800,29700,0000111111,63,0
16,31,1800,29700,0001000000,64,0
16,32,1800,29700,0001000000,64,0
16,33,1800,29700,0000111111,63,0
16,34,1800,29700,0000111110,62,0
16,35,1800,29700,0000111110,62,0
16,36,1800,29700,0000111110,62,0
16,37,1800,29700,0000111110,62,0
16,38,1800,29700,0000111110,62,0
16,39,1800,29700,0001000000,64,0
16,40,1800,29700,0001000000,64,0
16,41,1800,29700,0000111100,60,0
16,42,1800,29700,0000111100,60,0
16,43,1800,29700,0000111111,63,0
16,44,1800,29700,0000111111,63,0
16,45,1800,29700,0000111111,63,0
16,46,1800,29700,0000111111,63,0
16,47,1800,29700,0000111111,63,0
16,48,1800,29700,0000111111,63,0
16,49,1800,29700,0000111110,62,0
17,0,1900,29600,0001000011,67,0
17,1,1900,29600,0001000001,65,0
17,2,1900,29600,0001000000,64,0
17,3,1900,29600,0001000001,65,0
17,4,1900,29600,0001000010,66,0
17,5,1900,29600,0001000001,65,0
17,6,1900,29600,0001000000,64,0
17,7,1900,29600,0001000000,64,0
17,8,1900,29600,0001000000,64,0
17,9,1900,29600,0001000000,64,0
17,10,1900,29600,0001000000,64,0
17,11,1900,29600,0001000000,64,0
17,12,1900,29600,0001000000,64,0
17,13,1900,29600,0001000000,64,0
17,14,1900,29600,0001000000,64,0
17,15,1900,29600,0001000000,64,0
17,16,1900,29600,0001000000,64,0
17,17,1900,29600,0001000000,64,0
17,18,1900,29600,0001000000,64,0
17,19,1900,29600,0001000000,64,0
17,20,1900,29600,0001000000,64,0
17,21,1900,29600,0001000000,64,0
17,22,1900,29600,0001000000,64,0
17,23,1900,29600,0001000000,64,0
17,24,1900,29600,0001000000,64,0
17,25,1900,29600,0001000000,64,0
17,26,1900,29600,0001000000,64,0
17,27,1900,29600,0001000000,64,0
17,28,1900,29600,0001000000,64,0
17,29,1900,29600,0001000000,64,0
17,30,1900,29600,0001000000,64,0
17,31,1900,29600,0001000000,64,0
17,32,1900,29600,0001000011,67,0
17,33,1900,29600,0001000011,67,0
17,34,1900,29600,0001000011,67,0
17,35,1900,29600,0001000011,67,0
17,36,1900,29600,0001000011,67,0
17,37,1900,29600,0001000001,65,0
17,38,1900,29600,0001000000,64,0
17,39,1900,29600,0001000001,65,0
17,40,1900,29600,0001000000,64,0
17,41,1900,29600,0001000000,64,0
17,42,1900,29600,0001000000,64,0
17,43,1900,29600,0001000110,70,0
17,44,1900,29600,0001000111,71,0
17,45,1900,29600,0001000111,71,0
17,46,1900,29600,0001000110,70,0
17,47,1900,29600,0001000010,66,0
17,48,1900,29600,0001000010,66,0
17,49,1900,29600,0001000010,66,0
18,0,2000,29500,0001000100,68,0
18,1,2000,29500,0001000011,67,0
18,2,2000,29500,0001000110,70,0
18,3,2000,29500,0001000110,70,0
18,4,2000,29500,0001000100,68,0
18,5,2000,29500,0001000100,68,0
18,6,2000,29500,0001000101,69,0
18,7,2000,29500,0001000101,69,0
18,8,2000,29500,0001000100,68,0
18,9,2000,29500,0001000101,69,0
18,10,2000,29500,0001000101,69,0
18,11,2000,29500,0001000100,68,0
18,12,2000,29500,0001000100,68,0
18,13,2000,29500,0001000001,65,0
18,14,2000,29500,0001000001,65,0
18,15,2000,29500,0001000001,65,0
18,16,2000,29500,0001000010,66,0
18,17,2000,29500,0001000010,66,0
18,18,2000,29500,0001000010,66,0
18,19,2000,29500,0001000010,66,0
18,20,2000,29500,0001000011,67,0
18,21,2000,29500,0001000011,67,0
18,22,2000,29500,0001000011,67,0
18,23,2000,29500,0001000100,68,0
18,24,2000,29500,0001000100,68,0
18,25,2000,29500,0001000100,68,0
18,26,2000,29500,0001000010,66,0
18,27,2000,29500,0001000011,67,0
18,28,2000,29500,0001000001,65,0
18,29,2000,29500,0001000010,66,0
18,30,2000,29500,0001000011,67,0
18,31,2000,29500,0001000011,67,0
18,32,2000,29500,0001000011,67,0
18,33,2000,29500,0001000011,67,0
18,34,2000,29500,0001000011,67,0
18,35,2000,29500,0001000011,67,0
18,36,2000,29500,0001000100,68,0
18,37,2000,29500,0001000100,68,0
18,38,2000,29500,0001000100,68,0
18,39,2000,29500,0001000100,68,0
18,40,2000,29500,0001000011,67,0
18,41,2000,29500,0001000110,70,0
18,42,2000,29500,0001000110,70,0
18,43,2000,29500,0001000111,71,0
18,44,2000,29500,0001000100,68,0
18,45,2000,29500,0001000100,68,0
18,46,2000,29500,0001001010,74,0
18,47,2000,29500,0001001010,74,0
18,48,2000,29500,0001001010,74,0
18,49,2000,29500,0001001010,74,0
19,0,2100,29400,0001001000,72,0
19,1,2100,29400,0001001000,72,0
19,2,2100,29400,0001001000,72,0
19,3,2100,29400,0001000111,71,0
19,4,2100,29400,0001000111,71,0
19,5,2100,29400,0001001000,72,0
19,6,2100,29400,0001001000,72,0
19,7,2100,29400,0001000101,69,0
19,8,2100,29400,0001000101,69,0
19,9,2100,29400,0001000101,69,0
19,10,2100,29400,0001000101,69,0
19,11,2100,29400,0001000101,69,0
19,12,2100,29400,0001000111,71,0
19,13,2100,29400,0001000111,71,0
19,14,2100,29400,0001000111,71,0
19,15,2100,29400,0001000101,69,0
19,16,2100,29400,0001000111,71,0
19,17,2100,29400,0001000101,69,0
19,18,2100,29400,0001000101,69,0
19,19,2100,29400,0001000111,71,0
19,20,2100,29400,0001000111,71,0
19,21,2100,29400,0001000111,71,0
19,22,2100,29400,0001000111,71,0
19,23,2100,29400,0001000111,71,0
19,24,2100,29400,0001000111,71,0
19,25,2100,29400,0001000111,71,0
19,26,2100,29400,0001001010,74,0
19,27,2100,29400,0001001011,75,0
19,28,2100,29400,0001001010,74,0
19,29,2100,29400,0001000111,71,0
19,30,2100,29400,0001000111,71,0
19,31,2100,29400,0001000111,71,0
19,32,2100,29400,0001001000,72,0
19,33,2100,29400,0001000111,71,0
19,34,2100,29400,0001001101,77,0
19,35,2100,29400,0001001000,72,0
19,36,2100,29400,0001001000,72,0
19,37,2100,29400,0001000111,71,0
19,38,2100,29400,0001001001,73,0
19,39,2100,29400,0001001010,74,0
19,40,2100,29400,0001001001,73,0
19,41,2100,29400,0001000111,71,0
19,42,2100,29400,0001000111,71,0
19,43,2100,29400,0001000111,71,0
19,44,2100,29400,0001000111,71,0
19,45,2100,29400,0001001000,72,0
19,46,2100,29400,0001000111,71,0
19,47,2100,29400,0001001000,72,0
19,48,2100,29400,0001000110,70,0
19,49,2100,29400,0001000110,70,0
20,0,2200,29300,0001001111,79,0
20,1,2200,29300,0001001111,79,0
20,2,2200,29300,0001010000,80,0
20,3,2200,29300,0001001111,79,0
20,4,2200,29300,0001001111,79,0
20,5,2200,29300,0001001011,75,0
20,6,2200,29300,0001001011,75,0
20,7,2200,29300,0001001011,75,0
20,8,2200,29300,0001001100,76,0
20,9,2200,29300,0001010011,83,0
20,10,2200,29300,0001010011,83,0
20,11,2200,29300,0001001100,76,0
20,12,2200,29300,0001001101,77,0
20,13,2200,29300,0001001011,75,0
20,14,2200,29300,0001001011,75,0
20,15,2200,29300,0001001011,75,0
20,16,2200,29300,0001001011,75,0
20,17,2200,29300,0001001011,75,0
20,18,2200,29300,0001001101,77,0
20,19,2200,29300,0001001011,75,0
20,20,2200,29300,0001001011,75,0
20,21,2200,29300,0001001011,75,0
20,22,2200,29300,0001001011,75,0
20,23,2200,29300,0001001011,75,0
20,24,2200,29300,0001001100,76,0
20,25,2200,29300,0001001011,75,0
20,26,2200,29300,0001001011,75,0
20,27,2200,29300,0001001011,75,0
20,28,2200,29300,0001001011,75,0
20,29,2200,29300,0001001000,72,0
20,30,2200,29300,0001001000,72,0
20,31,2200,29300,0001001010,74,0
20,32,2200,29300,0001001010,74,0
20,33,2200,29300,0001001010,74,0
20,34,2200,29300,0001001000,72,0
20,35,2200,29300,0001001000,72,0
20,36,2200,29300,0001001010,74,0
20,37,2200,29300,0001001011,75,0
20,38,2200,29300,0001001010,74,0
20,39,2200,29300,0001001010,74,0
20,40,2200,29300,0001001000,72,0
20,41,2200,29300,0001001000,72,0
20,42,2200,29300,0001001010,74,0
20,43,2200,29300,0001001010,74,0
20,44,2200,29300,0001001010,74,0
20,45,2200,29300,0001001010,74,0
20,46,2200,29300,0001001010,74,0
20,47,2200,29300,0001001010,74,0
20,48,2200,29300,0001001101,77,0
20,49,2200,29300,0001001110,78,0
21,0,2300,29200,0001001110,78,0
21,1,2300,29200,0001001100,76,0
21,2,2300,29200,0001001110,78,0
21,3,2300,29200,0001001110,78,0
21,4,2300,29200,0001001100,76,0
21,5,2300,29200,0001001100,76,0
21,6,2300,29200,0001001011,75,0
21,7,2300,29200,0001001100,76,0
21,8,2300,29200,0001001101,77,0
21,9,2300,29200,0001001110,78,0
21,10,2300,29200,0001001110,78,0
21,11,2300,29200,0001001101,77,0
21,12,2300,29200,0001001110,78,0
21,13,2300,29200,0001001110,78,0
21,14,2300,29200,0001001110,78,0
21,15,2300,29200,0001001110,78,0
21,16,2300,29200,0001001110,78,0
21,17,2300,29200,0001001110,78,0
21,18,2300,29200,0001001111,79,0
21,19,2300,29200,0001001110,78,0
21,20,2300,29200,0001001110,78,0
21,21,2300,29200,0001001110,78,0
21,22,2300,29200,0001001111,79,0
21,23,2300,29200,0001001110,78,0
21,24,2300,29200,0001001110,78,0
21,25,2300,29200,0001010010,82,0
21,26,2300,29200,0001001110,78,0
21,27,2300,29200,0001010110,86,0
21,28,2300,29200,0001001111,79,0
21,29,2300,29200,0001001110,78,0
21,30,2300,29200,0001001110,78,0
21,31,2300,29200,0001001110,78,0
21,32,2300,29200,0001010001,81,0
21,33,2300,29200,0001001110,78,0
21,34,2300,29200,0001001110,78,0
21,35,2300,29200,0001001110,78,0
21,36,2300,29200,0001010001,81,0
21,37,2300,29200,0001010001,81,0
21,38,2300,29200,0001001111,79,0
21,39,2300,29200,0001001110,78,0
21,40,2300,29200,0001001101,77,0
21,41,2300,29200,0001001110,78,0
21,42,2300,29200,0001001101,77,0
21,43,2300,29200,0001001110,78,0
21,44,2300,29200,0001001110,78,0
21,45,2300,29200,0001001101,77,0
21,46,2300,29200,0001001100,76,0
21,47,2300,29200,0001001101,77,0
21,48,2300,29200,0001001110,78,0
21,49,2300,29200,0001001110,78,0
22,0,2400,29100,0001010010,82,0
22,1,2400,29100,0001001111,79,0
22,2,2400,29100,0001001111,79,0
22,3,2400,29100,0001001111,79,0
22,4,2400,29100,0001001111,79,0
22,5,2400,29100,0001001111,79,0
22,6,2400,29100,0001010010,82,0
22,7,2400,29100,0001010010,82,0
22,8,2400,29100,0001010010,82,0
22,9,2400,29100,0001001111,79,0
22,10,2400,29100,0001010010,82,0
22,11,2400,29100,0001010010,82,0
22,12,2400,29100,0001010011,83,0
22,13,2400,29100,0001010011,83,0
22,14,2400,29100,0001010011,83,0
22,15,2400,29100,0001010010,82,0
22,16,2400,29100,0001010101,85,0
22,17,2400,29100,0001010010,82,0
22,18,2400,29100,0001010010,82,0
22,19,2400,29100,0001011001,89,0
22,20,2400,29100,0001011001,89,0
22,21,2400,29100,0001011001,89,0
22,22,2400,29100,0001010011,83,0
22,23,2400,29100,0001010100,84,0
22,24,2400,29100,0001010100,84,0
22,25,2400,29100,0001010100,84,0
22,26,2400,29100,0001010010,82,0
22,27,2400,29100,0001010010,82,0
22,28,2400,29100,0001010010,82,0
22,29,2400,29100,0001010100,84,0
22,30,2400,29100,0001010100,84,0
22,31,2400,29100,0001010010,82,0
22,32,2400,29100,0001010101,85,0
22,33,2400,29100,0001010101,85,0
22,34,2400,29100,0001010011,83,0
22,35,2400,29100,0001010011,83,0
22,36,2400,29100,0001010011,83,0
22,37,2400,29100,0001010010,82,0
22,38,2400,29100,0001010100,84,0
22,39,2400,29100,0001010100,84,0
22,40,2400,29100,0001010100,84,0
22,41,2400,29100,0001010100,84,0
22,42,2400,29100,0001010011,83,0
22,43,2400,29100,0001010011,83,0
22,44,2400,29100,0001010011,83,0
22,45,2400,29100,0001010001,81,0
22,46,2400,29100,0001010010,82,0
22,47,2400,29100,0001010010,82,0
22,48,2400,29100,0001010010,82,0
22,49,2400,29100,0001010010,82,0
23,0,2500,29000,0001010101,85,0
23,1,2500,29000,0001010011,83,0
23,2,2500,29000,0001010110,86,0
23,3,2500,29000,0001010011,83,0
23,4,2500,29000,0001010011,83,0
23,5,2500,29000,0001010011,83,0
23,6,2500,29000,0001010101,85,0
23,7,2500,29000,0001010101,85,0
23,8,2500,29000,0001010110,86,0
23,9,2500,29000,0001010110,86,0
23,10,2500,29000,0001010101,85,0
23,11,2500,29000,0001010110,86,0
23,12,2500,29000,0001010110,86,0
23,13,2500,29000,0001010110,86,0
23,14,2500,29000,0001010110,86,0
23,15,2500,29000,0001010110,86,0
23,16,2500,29000,0001011001,89,0
23,17,2500,29000,0001011000,88,0
23,18,2500,29000,0001010111,87,0
23,19,2500,29000,0001010110,86,0
23,20,2500,29000,0001010110,86,0
23,21,2500,29000,0001010110,86,0
23,22,2500,29000,0001011000,88,0
23,23,2500,29000,0001010110,86,0
23,24,2500,29000,0001010110,86,0
23,25,2500,29000,0001011000,88,0
23,26,2500,29000,0001011000,88,0
23,27,2500,29000,0001011000,88,0
23,28,2500,29000,0001010110,86,0
23,29,2500,29000,0001010110,86,0
23,30,2500,29000,0001010111,87,0
23,31,2500,29000,0001010101,85,0
23,32,2500,29000,0001010101,85,0
23,33,2500,29000,0001010101,85,0
23,34,2500,29000,0001010101,85,0
23,35,2500,29000,0001010101,85,0
23,36,2500,29000,0001010101,85,0
23,37,2500,29000,0001010100,84,0
23,38,2500,29000,0001010101,85,0
23,39,2500,29000,0001010110,86,0
23,40,2500,29000,0001010110,86,0
23,41,2500,29000,0001010110,86,0
23,42,2500,29000,0001010110,86,0
23,43,2500,29000,0001010110,86,0
23,44,2500,29000,0001010100,84,0
23,45,2500,29000,0001010100,84,0
23,46,2500,29000,0001010110,86,0
23,47,2500,29000,0001010011,83,0
23,48,2500,29000,0001010101,85,0
23,49,2500,29000,0001010101,85,0
24,0,2600,28900,0001011001,89,0
24,1,2600,28900,0001011001,89,0
24,2,2600,28900,0001011001,89,0
24,3,2600,28900,0001011001,89,0
24,4,2600,28900,0001011010,90,0
24,5,2600,28900,0001011001,89,0
24,6,2600,28900,0001011001,89,0
24,7,2600,28900,0001011100,92,0
24,8,2600,28900,0001011100,92,0
24,9,2600,28900,0001011100,92,0
24,10,2600,28900,0001011010,90,0
24,11,2600,28900,0001011001,89,0
24,12,2600,28900,0001100000,96,0
24,13,2600,28900,0001011001,89,0
24,14,2600,28900,0001011001,89,0
24,15,2600,28900,0001011001,89,0
24,16,2600,28900,0001011001,89,0
24,17,2600,28900,0001011001,89,0
24,18,2600,28900,0001011100,92,0
24,19,2600,28900,0001011100,92,0
24,20,2600,28900,0001011100,92,0
24,21,2600,28900,0001011100,92,0
24,22,2600,28900,0001011001,89,0
24,23,2600,28900,0001011010,90,0
24,24,2600,28900,0001011001,89,0
24,25,2600,28900,0001011011,91,0
24,26,2600,28900,0001011100,92,0
24,27,2600,28900,0001011010,90,0
24,28,2600,28900,0001011010,90,0
24,29,2600,28900,0001011010,90,0
24,30,2600,28900,0001011010,90,0
24,31,2600,28900,0001011000,88,0
24,32,2600,28900,0001011000,88,0
24,33,2600,28900,0001011000,88,0
24,34,2600,28900,0001011001,89,0
24,35,2600,28900,0001011001,89,0
24,36,2600,28900,0001011001,89,0
24,37,2600,28900,0001011001,89,0
24,38,2600,28900,0001011001,89,0
24,39,2600,28900,0001011000,88,0
24,40,2600,28900,0001011000,88,0
24,41,2600,28900,0001011000,88,0
24,42,2600,28900,0001011000,88,0
24,43,2600,28900,0001011000,88,0
24,44,2600,28900,0001011001,89,0
24,45,2600,28900,0001011001,89,0
24,46,2600,28900,0001010111,87,0
24,47,2600,28900,0001010111,87,0
24,48,2600,28900,0001010110,86,0
24,49,2600,28900,0001011001,89,0
25,0,2700,28800,0001011110,94,0
25,1,2700,28800,0001011110,94,0
25,2,2700,28800,0001011110,94,0
25,3,2700,28800,0001011101,93,0
25,4,2700,28800,0001011101,93,0
25,5,2700,28800,0001011010,90,0
25,6,2700,28800,0001011010,90,0
25,7,2700,28800,0001011100,92,0
25,8,2700,28800,0001011100,92,0
25,9,2700,28800,0001011101,93,0
25,10,2700,28800,0001011010,90,0
25,11,2700,28800,0001011010,90,0
25,12,2700,28800,0001011100,92,0
25,13,2700,28800,0001011010,90,0
25,14,2700,28800,0001011010,90,0
25,15,2700,28800,0001011100,92,0
25,16,2700,28800,0001011100,92,0
25,17,2700,28800,0001011100,92,0
25,18,2700,28800,0001011100,92,0
25,19,2700,28800,0001011101,93,0
25,20,2700,28800,0001011110,94,0
25,21,2700,28800,0001011101,93,0
25,22,2700,28800,0001011100,92,0
25,23,2700,28800,0001011100,92,0
25,24,2700,28800,0001011100,92,0
25,25,2700,28800,0001011100,92,0
25,26,2700,28800,0001011100,92,0
25,27,2700,28800,0001100000,96,0
25,28,2700,28800,0001100000,96,0
25,29,2700,28800,0001011100,92,0
25,30,2700,28800,0001100001,97,0
25,31,2700,28800,0001011101,93,0
25,32,2700,28800,0001011101,93,0
25,33,2700,28800,0001011100,92,0
25,34,2700,28800,0001011100,92,0
25,35,2700,28800,0001011100,92,0
25,36,2700,28800,0001011100,92,0
25,37,2700,28800,0001011100,92,0
25,38,2700,28800,0001011100,92,0
25,39,2700,28800,0001011111,95,0
25,40,2700,28800,0001011100,92,0
25,41,2700,28800,0001011111,95,0
25,42,2700,28800,0001100000,96,0
25,43,2700,28800,0001011111,95,0
25,44,2700,28800,0001011100,92,0
25,45,2700,28800,0001011110,94,0
25,46,2700,28800,0001011100,92,0
25,47,2700,28800,0001011011,91,0
25,48,2700,28800,0001011011,91,0
25,49,2700,28800,0001011100,92,0
26,0,2800,28700,0001100000,96,0
26,1,2800,28700,0001100000,96,0
26,2,2800,28700,0001100000,96,0
26,3,2800,28700,0001100000,96,0
26,4,2800,28700,0001100011,99,0
26,5,2800,28700,0001100011,99,0
26,6,2800,28700,0001100000,96,0
26,7,2800,28700,0001100000,96,0
26,8,2800,28700,0001100000,96,0
26,9,2800,28700,0001011111,95,0
26,10,2800,28700,0001100000,96,0
26,11,2800,28700,0001100000,96,0
26,12,2800,28700,0001100000,96,0
26,13,2800,28700,0001100000,96,0
26,14,2800,28700,0001100000,96,0
26,15,2800,28700,0001100000,96,0
26,16,2800,28700,0001011110,94,0
26,17,2800,28700,0001100000,96,0
26,18,2800,28700,0001011111,95,0
26,19,2800,28700,0001100000,96,0
26,20,2800,28700,0001011101,93,0
26,21,2800,28700,0001011101,93,0
26,22,2800,28700,0001011110,94,0
26,23,2800,28700,0001011101,93,0
26,24,2800,28700,0001100000,96,0
26,25,2800,28700,0001100000,96,0
26,26,2800,28700,0001100000,96,0
26,27,2800,28700,0001011101,93,0
26,28,2800,28700,0001011101,93,0
26,29,2800,28700,0001011101,93,0
26,30,2800,28700,0001011101,93,0
26,31,2800,28700,0001011101,93,0
26,32,2800,28700,0001100000,96,0
26,33,2800,28700,0001100000,96,0
26,34,2800,28700,0001011111,95,0
26,35,2800,28700,0001100000,96,0
26,36,2800,28700,0001011111,95,0
26,37,2800,28700,0001100000,96,0
26,38,2800,28700,0001011111,95,0
26,39,2800,28700,0001011111,95,0
26,40,2800,28700,0001011111,95,0
26,41,2800,28700,0001100000,96,0
26,42,2800,28700,0001100000,96,0
26,43,2800,28700,0001100001,97,0
26,44,2800,28700,0001100001,97,0
26,45,2800,28700,0001100000,96,0
26,46,2800,28700,0001100000,96,0
26,47,2800,28700,0001100000,96,0
26,48,2800,28700,0001100100,100,0
26,49,2800,28700,0001100000,96,0
27,0,2900,28600,0001100010,98,0
27,1,2900,28600,0001100000,96,0
27,2,2900,28600,0001100010,98,0
27,3,2900,28600,0001100000,96,0
27,4,2900,28600,0001100000,96,0
27,5,2900,28600,0001100010,98,0
27,6,2900,28600,0001100010,98,0
27,7,2900,28600,0001100010,98,0
27,8,2900,28600,0001100010,98,0
27,9,2900,28600,0001100000,96,0
27,10,2900,28600,0001100001,97,0
27,11,2900,28600,0001100001,97,0
27,12,2900,28600,0001100001,97,0
27,13,2900,28600,0001100000,96,0
27,14,2900,28600,0001100000,96,0
27,15,2900,28600,0001100000,96,0
27,16,2900,28600,0001100000,96,0
27,17,2900,28600,0001100000,96,0
27,18,2900,28600,0001100000,96,0
27,19,2900,28600,0001100000,96,0
27,20,2900,28600,0001100000,96,0
27,21,2900,28600,0001100000,96,0
27,22,2900,28600,0001100000,96,0
27,23,2900,28600,0001100000,96,0
27,24,2900,28600,0001100000,96,0
27,25,2900,28600,0001100000,96,0
27,26,2900,28600,0001100000,96,0
27,27,2900,28600,0001100000,96,0
27,28,2900,28600,0001100000,96,0
27,29,2900,28600,0001100000,96,0
27,30,2900,28600,0001100000,96,0
27,31,2900,28600,0001100000,96,0
27,32,2900,28600,0001100000,96,0
27,33,2900,28600,0001100001,97,0
27,34,2900,28600,0001100000,96,0
27,35,2900,28600,0001100000,96,0
27,36,2900,28600,0001100000,96,0
27,37,2900,28600,0001100010,98,0
27,38,2900,28600,0001100010,98,0
27,39,2900,28600,0001100010,98,0
27,40,2900,28600,0001100000,96,0
27,41,2900,28600,0001100000,96,0
27,42,2900,28600,0001100000,96,0
27,43,2900,28600,0001100110,102,0
27,44,2900,28600,0001100110,102,0
27,45,2900,28600,0001100001,97,0
27,46,2900,28600,0001100001,97,0
27,47,2900,28600,0001100001,97,0
27,48,2900,28600,0001100001,97,0
27,49,2900,28600,0001100001,97,0
28,0,3000,28500,0001100011,99,0
28,1,3000,28500,0001100110,102,0
28,2,3000,28500,0001100110,102,0
28,3,3000,28500,0001100011,99,0
28,4,3000,28500,0001100100,100,0
28,5,3000,28500,0001100100,100,0
28,6,3000,28500,0001100100,100,0
28,7,3000,28500,0001100100,100,0
28,8,3000,28500,0001100001,97,0
28,9,3000,28500,0001100001,97,0
28,10,3000,28500,0001100011,99,0
28,11,3000,28500,0001100011,99,0
28,12,3000,28500,0001100011,99,0
28,13,3000,28500,0001100011,99,0
28,14,3000,28500,0001100011,99,0
28,15,3000,28500,0001100010,98,0
28,16,3000,28500,0001100001,97,0
28,17,3000,28500,0001100010,98,0
28,18,3000,28500,0001100011,99,0
28,19,3000,28500,0001100011,99,0
28,20,3000,28500,0001100011,99,0
28,21,3000,28500,0001100011,99,0
28,22,3000,28500,0001100011,99,0
28,23,3000,28500,0001100001,97,0
28,24,3000,28500,0001100010,98,0
28,25,3000,28500,0001100001,97,0
28,26,3000,28500,0001100011,99,0
28,27,3000,28500,0001100011,99,0
28,28,3000,28500,0001100100,100,0
28,29,3000,28500,0001100011,99,0
28,30,3000,28500,0001100110,102,0
28,31,3000,28500,0001100110,102,0
28,32,3000,28500,0001100110,102,0
28,33,3000,28500,0001100110,102,0
28,34,3000,28500,0001100011,99,0
28,35,3000,28500,0001101001,105,0
28,36,3000,28500,0001101001,105,0
28,37,3000,28500,0001101001,105,0
28,38,3000,28500,0001101010,106,0
28,39,3000,28500,0001101001,105,0
28,40,3000,28500,0001101001,105,0
28,41,3000,28500,0001100101,101,0
28,42,3000,28500,0001100101,101,0
28,43,3000,28500,0001100101,101,0
28,44,3000,28500,0001100011,99,0
28,45,3000,28500,0001100011,99,0
28,46,3000,28500,0001100011,99,0
28,47,3000,28500,0001100110,102,0
28,48,3000,28500,0001100110,102,0
28,49,3000,28500,0001100011,99,0
29,0,3100,28400,0001101001,105,0
29,1,3100,28400,0001101001,105,0
29,2,3100,28400,0001100111,103,0
29,3,3100,28400,0001100111,103,0
29,4,3100,28400,0001100111,103,0
29,5,3100,28400,0001100111,103,0
29,6,3100,28400,0001101000,104,0
29,7,3100,28400,0001101000,104,0
29,8,3100,28400,0001100111,103,0
29,9,3100,28400,0001100101,101,0
29,10,3100,28400,0001100111,103,0
29,11,3100,28400,0001100110,102,0
29,12,3100,28400,0001100111,103,0
29,13,3100,28400,0001100111,103,0
29,14,3100,28400,0001100111,103,0
29,15,3100,28400,0001100111,103,0
29,16,3100,28400,0001100111,103,0
29,17,3100,28400,0001100101,101,0
29,18,3100,28400,0001100111,103,0
29,19,3100,28400,0001100110,102,0
29,20,3100,28400,0001100110,102,0
29,21,3100,28400,0001100111,103,0
29,22,3100,28400,0001100111,103,0
29,23,3100,28400,0001100111,103,0
29,24,3100,28400,0001100111,103,0
29,25,3100,28400,0001100111,103,0
29,26,3100,28400,0001100111,103,0
29,27,3100,28400,0001100111,103,0
29,28,3100,28400,0001100110,102,0
29,29,3100,28400,0001100111,103,0
29,30,3100,28400,0001100111,103,0
29,31,3100,28400,0001100111,103,0
29,32,3100,28400,0001100110,102,0
29,33,3100,28400,0001100111,103,0
29,34,3100,28400,0001101001,105,0
29,35,3100,28400,0001101010,106,0
29,36,3100,28400,0001101010,106,0
29,37,3100,28400,0001101101,109,0
29,38,3100,28400,0001101101,109,0
29,39,3100,28400,0001101101,109,0
29,40,3100,28400,0001101000,104,0
29,41,3100,28400,0001101000,104,0
29,42,3100,28400,0001100111,103,0
29,43,3100,28400,0001100111,103,0
29,44,3100,28400,0001101001,105,0
29,45,3100,28400,0001101001,105,0
29,46,3100,28400,0001101001,105,0
29,47,3100,28400,0001100111,103,0
29,48,3100,28400,0001101001,105,0
29,49,3100,28400,0001101001,105,0
30,0,3200,28300,0001101001,105,0
30,1,3200,28300,0001101010,106,0
30,2,3200,28300,0001101010,106,0
30,3,3200,28300,0001101000,104,0
30,4,3200,28300,0001101010,106,0
30,5,3200,28300,0001101010,106,0
30,6,3200,28300,0001101000,104,0
30,7,3200,28300,0001101010,106,0
30,8,3200,28300,0001101010,106,0
30,9,3200,28300,0001101010,106,0
30,10,3200,28300,0001101001,105,0
30,11,3200,28300,0001101010,106,0
30,12,3200,28300,0001101011,107,0
30,13,3200,28300,0001101011,107,0
30,14,3200,28300,0001101010,106,0
30,15,3200,28300,0001101010,106,0
30,16,3200,28300,0001101101,109,0
30,17,3200,28300,0001101011,107,0
30,18,3200,28300,0001110001,113,0
30,19,3200,28300,0001110010,114,0
30,20,3200,28300,0001101100,108,0
30,21,3200,28300,0001101100,108,0
30,22,3200,28300,0001101100,108,0
30,23,3200,28300,0001101001,105,0
30,24,3200,28300,0001101010,106,0
30,25,3200,28300,0001101010,106,0
30,26,3200,28300,0001101100,108,0
30,27,3200,28300,0001101100,108,0
30,28,3200,28300,0001101011,107,0
30,29,3200,28300,0001101011,107,0
30,30,3200,28300,0001101100,108,0
30,31,3200,28300,0001101100,108,0
30,32,3200,28300,0001101011,107,0
30,33,3200,28300,0001101011,107,0
30,34,3200,28300,0001101011,107,0
30,35,3200,28300,0001101011,107,0
30,36,3200,28300,0001101011,107,0
30,37,3200,28300,0001101001,105,0
30,38,3200,28300,0001101001,105,0
30,39,3200,28300,0001101010,106,0
30,40,3200,28300,0001101010,106,0
30,41,3200,28300,0001101011,107,0
30,42,3200,28300,0001101010,106,0
30,43,3200,28300,0001101010,106,0
30,44,3200,28300,0001101010,106,0
30,45,3200,28300,0001101001,105,0
30,46,3200,28300,0001101001,105,0
30,47,3200,28300,0001101010,106,0
30,48,3200,28300,0001101010,106,0
30,49,3200,28300,0001101010,106,0
31,0,3300,28200,0001110010,114,0
31,1,3300,28200,0001101110,110,0
31,2,3300,28200,0001101110,110,0
31,3,3300,28200,0001101110,110,0
31,4,3300,28200,0001101111,111,0
31,5,3300,28200,0001101111,111,0
31,6,3300,28200,0001101111,111,0
31,7,3300,28200,0001101110,110,0
31,8,3300,28200,0001101100,108,0
31,9,3300,28200,0001101100,108,0
31,10,3300,28200,0001101101,109,0
31,11,3300,28200,0001101101,109,0
31,12,3300,28200,0001101101,109,0
31,13,3300,28200,0001101110,110,0
31,14,3300,28200,0001101110,110,0
31,15,3300,28200,0001101110,110,0
31,16,3300,28200,0001101110,110,0
31,17,3300,28200,0001101110,110,0
31,18,3300,28200,0001101100,108,0
31,19,3300,28200,0001101100,108,0
31,20,3300,28200,0001101100,108,0
31,21,3300,28200,0001101011,107,0
31,22,3300,28200,0001101011,107,0
31,23,3300,28200,0001101101,109,0
31,24,3300,28200,0001101101,109,0
31,25,3300,28200,0001101110,110,0
31,26,3300,28200,0001101110,110,0
31,27,3300,28200,0001101110,110,0
31,28,3300,28200,0001101110,110,0
31,29,3300,28200,0001101110,110,0
31,30,3300,28200,0001101110,110,0
31,31,3300,28200,0001101110,110,0
31,32,3300,28200,0001110001,113,0
31,33,3300,28200,0001101110,110,0
31,34,3300,28200,0001110010,114,0
31,35,3300,28200,0001110001,113,0
31,36,3300,28200,0001110001,113,0
31,37,3300,28200,0001101110,110,0
31,38,3300,28200,0001101101,109,0
31,39,3300,28200,0001110101,117,0
31,40,3300,28200,0001110101,117,0
31,41,3300,28200,0001110110,118,0
31,42,3300,28200,0001101111,111,0
31,43,3300,28200,0001101111,111,0
31,44,3300,28200,0001101110,110,0
31,45,3300,28200,0001110001,113,0
31,46,3300,28200,0001101110,110,0
31,47,3300,28200,0001110000,112,0
31,48,3300,28200,0001110001,113,0
31,49,3300,28200,0001101110,110,0
32,0,3400,28100,0001110101,117,0
32,1,3400,28100,0001110011,115,0
32,2,3400,28100,0001110011,115,0
32,3,3400,28100,0001110011,115,0
32,4,3400,28100,0001101111,111,0
32,5,3400,28100,0001110010,114,0
32,6,3400,28100,0001110010,114,0
32,7,3400,28100,0001110010,114,0
32,8,3400,28100,0001110010,114,0
32,9,3400,28100,0001110010,114,0
32,10,3400,28100,0001101111,111,0
32,11,3400,28100,0001110010,114,0
32,12,3400,28100,0001101111,111,0
32,13,3400,28100,0001110010,114,0
32,14,3400,28100,0001110001,113,0
32,15,3400,28100,0001110010,114,0
32,16,3400,28100,0001110010,114,0
32,17,3400,28100,0001110010,114,0
32,18,3400,28100,0001110011,115,0
32,19,3400,28100,0001110010,114,0
32,20,3400,28100,0001110010,114,0
32,21,3400,28100,0001110101,117,0
32,22,3400,28100,0001110101,117,0
32,23,3400,28100,0001110011,115,0
32,24,3400,28100,0001111001,121,0
32,25,3400,28100,0001110100,116,0
32,26,3400,28100,0001110100,116,0
32,27,3400,28100,0001110101,117,0
32,28,3400,28100,0001110010,114,0
32,29,3400,28100,0001110100,116,0
32,30,3400,28100,0001110100,116,0
32,31,3400,28100,0001110010,114,0
32,32,3400,28100,0001110001,113,0
32,33,3400,28100,0001110010,114,0
32,34,3400,28100,0001110010,114,0
32,35,3400,28100,0001110010,114,0
32,36,3400,28100,0001110010,114,0
32,37,3400,28100,0001110000,112,0
32,38,3400,28100,0001110010,114,0
32,39,3400,28100,0001101111,111,0
32,40,3400,28100,0001110010,114,0
32,41,3400,28100,0001110001,113,0
32,42,3400,28100,0001110010,114,0
32,43,3400,28100,0001110001,113,0
32,44,3400,28100,0001110010,114,0
32,45,3400,28100,0001110010,114,0
32,46,3400,28100,0001110011,115,0
32,47,3400,28100,0001110100,116,0
32,48,3400,28100,0001110011,115,0
32,49,3400,28100,0001110010,114,0
33,0,3500,28000,0001110110,118,0
33,1,3500,28000,0001111011,123,0
33,2,3500,28000,0001110111,119,0
33,3,3500,28000,0001110111,119,0
33,4,3500,28000,0001110111,119,0
33,5,3500,28000,0001111101,125,0
33,6,3500,28000,0001111000,120,0
33,7,3500,28000,0001110101,117,0
33,8,3500,28000,0001110110,118,0
33,9,3500,28000,0001110110,118,0
33,10,3500,28000,0001110111,119,0
33,11,3500,28000,0001110110,118,0
33,12,3500,28000,0001110101,117,0
33,13,3500,28000,0001110101,117,0
33,14,3500,28000,0001110101,117,0
33,15,3500,28000,0001110101,117,0
33,16,3500,28000,0001110100,116,0
33,17,3500,28000,0001110101,117,0
33,18,3500,28000,0001110011,115,0
33,19,3500,28000,0001110101,117,0
33,20,3500,28000,0001110110,118,0
33,21,3500,28000,0001110110,118,0
33,22,3500,28000,0001111000,120,0
33,23,3500,28000,0001110110,118,0
33,24,3500,28000,0001110110,118,0
33,25,3500,28000,0001110110,118,0
33,26,3500,28000,0001110110,118,0
33,27,3500,28000,0001111100,124,0
33,28,3500,28000,0001110111,119,0
33,29,3500,28000,0001110101,117,0
33,30,3500,28000,0001110110,118,0
33,31,3500,28000,0001110110,118,0
33,32,3500,28000,0001110110,118,0
33,33,3500,28000,0001110101,117,0
33,34,3500,28000,0001110110,118,0
33,35,3500,28000,0001110110,118,0
33,36,3500,28000,0001110101,117,0
33,37,3500,28000,0001110100,116,0
33,38,3500,28000,0001110101,117,0
33,39,3500,28000,0001110011,115,0
33,40,3500,28000,0001110101,117,0
33,41,3500,28000,0001110101,117,0
33,42,3500,28000,0001110101,117,0
33,43,3500,28000,0001110101,117,0
33,44,3500,28000,0001110101,117,0
33,45,3500,28000,0001110111,119,0
33,46,3500,28000,0001110101,117,0
33,47,3500,28000,0001110110,118,0
33,48,3500,28000,0001111011,123,0
33,49,3500,28000,0001111010,122,0
34,0,3600,27900,0001111100,124,0
34,1,3600,27900,0001111100,124,0
34,2,3600,27900,0001111010,122,0
34,3,3600,27900,0001111001,121,0
34,4,3600,27900,0001111010,122,0
34,5,3600,27900,0001111010,122,0
34,6,3600,27900,0001111010,122,0
34,7,3600,27900,0001111010,122,0
34,8,3600,27900,0001111001,121,0
34,9,3600,27900,0001110111,119,0
34,10,3600,27900,0001110111,119,0
34,11,3600,27900,0001111000,120,0
34,12,3600,27900,0001111001,121,0
34,13,3600,27900,0001111000,120,0
34,14,3600,27900,0001111001,121,0
34,15,3600,27900,0001110110,118,0
34,16,3600,27900,0001110111,119,0
34,17,3600,27900,0001110111,119,0
34,18,3600,27900,0001111001,121,0
34,19,3600,27900,0001111001,121,0
34,20,3600,27900,0001111001,121,0
34,21,3600,27900,0001111001,121,0
34,22,3600,27900,0001110111,119,0
34,23,3600,27900,0001110111,119,0
34,24,3600,27900,0001111001,121,0
34,25,3600,27900,0001111001,121,0
34,26,3600,27900,0001111000,120,0
34,27,3600,27900,0001111001,121,0
34,28,3600,27900,0001111001,121,0
34,29,3600,27900,0001111001,121,0
34,30,3600,27900,0001111001,121,0
34,31,3600,27900,0001111001,121,0
34,32,3600,27900,0001111000,120,0
34,33,3600,27900,0001111001,121,0
34,34,3600,27900,0001111100,124,0
34,35,3600,27900,0001111100,124,0
34,36,3600,27900,0001111001,121,0
34,37,3600,27900,0001111111,127,0
34,38,3600,27900,0010000000,128,0
34,39,3600,27900,0001111001,121,0
34,40,3600,27900,0001111001,121,0
34,41,3600,27900,0001111000,120,0
34,42,3600,27900,0001111000,120,0
34,43,3600,27900,0001111001,121,0
34,44,3600,27900,0001111100,124,0
34,45,3600,27900,0001111011,123,0
34,46,3600,27900,0001111010,122,0
34,47,3600,27900,0001111000,120,0
34,48,3600,27900,0001111000,120,0
34,49,3600,27900,0001111001,121,0
35,0,3700,27800,0010000010,130,0
35,1,3700,27800,0001111101,125,0
35,2,3700,27800,0001111100,124,0
35,3,3700,27800,0001111111,127,0
35,4,3700,27800,0001111111,127,0
35,5,3700,27800,0001111101,125,0
35,6,3700,27800,0001111111,127,0
35,7,3700,27800,0001111111,127,0
35,8,3700,27800,0001111101,125,0
35,9,3700,27800,0001111100,124,0
35,10,3700,27800,0001111100,124,0
35,11,3700,27800,0001111101,125,0
35,12,3700,27800,0001111101,125,0
35,13,3700,27800,0001111100,124,0
35,14,3700,27800,0001111011,123,0
35,15,3700,27800,0001111011,123,0
35,16,3700,27800,0001111100,124,0
35,17,3700,27800,0001111100,124,0
35,18,3700,27800,0001111001,121,0
35,19,3700,27800,0001111100,124,0
35,20,3700,27800,0001111100,124,0
35,21,3700,27800,0001111100,124,0
35,22,3700,27800,0001110111,119,0
35,23,3700,27800,0001111100,124,0
35,24,3700,27800,0001111100,124,0
35,25,3700,27800,0001111100,124,0
35,26,3700,27800,0001111110,126,0
35,27,3700,27800,0001111110,126,0
35,28,3700,27800,0001111101,125,0
35,29,3700,27800,0010000000,128,0
35,30,3700,27800,0001111100,124,0
35,31,3700,27800,0010000011,131,0
35,32,3700,27800,0001111101,125,0
35,33,3700,27800,0001111100,124,0
35,34,3700,27800,0010000000,128,0
35,35,3700,27800,0001111100,124,0
35,36,3700,27800,0001111100,124,0
35,37,3700,27800,0001111110,126,0
35,38,3700,27800,0001111110,126,0
35,39,3700,27800,0001111101,125,0
35,40,3700,27800,0001111101,125,0
35,41,3700,27800,0001111101,125,0
35,42,3700,27800,0001111010,122,0
35,43,3700,27800,0001111010,122,0
35,44,3700,27800,0001111100,124,0
35,45,3700,27800,0001111100,124,0
35,46,3700,27800,0001111100,124,0
35,47,3700,27800,0001111010,122,0
35,48,3700,27800,0001111010,122,0
35,49,3700,27800,0001111100,124,0
36,0,3800,27700,0001111111,127,0
36,1,3800,27700,0010000000,128,0
36,2,3800,27700,0001111110,126,0
36,3,3800,27700,0001111101,125,0
36,4,3800,27700,0010000000,128,0
36,5,3800,27700,0001111111,127,0
36,6,3800,27700,0001111111,127,0
36,7,3800,27700,0001111101,125,0
36,8,3800,27700,0010000000,128,0
36,9,3800,27700,0001111101,125,0
36,10,3800,27700,0001111111,127,0
36,11,3800,27700,0001111111,127,0
36,12,3800,27700,0010000010,130,0
36,13,3800,27700,0010000100,132,0
36,14,3800,27700,0010000100,132,0
36,15,3800,27700,0010000110,134,0
36,16,3800,27700,0010000000,128,0
36,17,3800,27700,0010000000,128,0
36,18,3800,27700,0010000000,128,0
36,19,3800,27700,0001111111,127,0
36,20,3800,27700,0001111111,127,0
36,21,3800,27700,0001111111,127,0
36,22,3800,27700,0010000001,129,0
36,23,3800,27700,0010000001,129,0
36,24,3800,27700,0001111111,127,0
36,25,3800,27700,0001111111,127,0
36,26,3800,27700,0010000001,129,0
36,27,3800,27700,0010000001,129,0
36,28,3800,27700,0001111111,127,0
36,29,3800,27700,0001111110,126,0
36,30,3800,27700,0001111111,127,0
36,31,3800,27700,0010000000,128,0
36,32,3800,27700,0010000000,128,0
36,33,3800,27700,0001111111,127,0
36,34,3800,27700,0001111111,127,0
36,35,3800,27700,0001111111,127,0
36,36,3800,27700,0001111111,127,0
36,37,3800,27700,0001111111,127,0
36,38,3800,27700,0001111111,127,0
36,39,3800,27700,0001111110,126,0
36,40,3800,27700,0001111110,126,0
36,41,3800,27700,0010000000,128,0
36,42,3800,27700,0010000000,128,0
36,43,3800,27700,0001111101,125,0
36,44,3800,27700,0001111111,127,0
36,45,3800,27700,0010000000,128,0
36,46,3800,27700,0001111111,127,0
36,47,3800,27700,0001111111,127,0
36,48,3800,27700,0001111111,127,0
36,49,3800,27700,0010000000,128,0
37,0,3900,27600,0010000111,135,0
37,1,3900,27600,0010000010,130,0
37,2,3900,27600,0010000011,131,0
37,3,3900,27600,0010000001,129,0
37,4,3900,27600,0010000011,131,0
37,5,3900,27600,0010000001,129,0
37,6,3900,27600,0010000001,129,0
37,7,3900,27600,0010000010,130,0
37,8,3900,27600,0010000001,129,0
37,9,3900,27600,0010000000,128,0
37,10,3900,27600,0010000001,129,0
37,11,3900,27600,0010000000,128,0
37,12,3900,27600,0010000000,128,0
37,13,3900,27600,0010000000,128,0
37,14,3900,27600,0010000001,129,0
37,15,3900,27600,0010000001,129,0
37,16,3900,27600,0010000001,129,0
37,17,3900,27600,0010000001,129,0
37,18,3900,27600,0010000000,128,0
37,19,3900,27600,0010000000,128,0
37,20,3900,27600,0010000001,129,0
37,21,3900,27600,0010000000,128,0
37,22,3900,27600,0010000011,131,0
37,23,3900,27600,0010000011,131,0
37,24,3900,27600,0010000011,131,0
37,25,3900,27600,0010000001,129,0
37,26,3900,27600,0010000110,134,0
37,27,3900,27600,0010000010,130,0
37,28,3900,27600,0010000011,131,0
37,29,3900,27600,0010000011,131,0
37,30,3900,27600,0010000001,129,0
37,31,3900,27600,0010000001,129,0
37,32,3900,27600,0010000000,128,0
37,33,3900,27600,0010000001,129,0
37,34,3900,27600,0010000000,128,0
37,35,3900,27600,0010000001,129,0
37,36,3900,27600,0010000000,128,0
37,37,3900,27600,0010000000,128,0
37,38,3900,27600,0010000000,128,0
37,39,3900,27600,0010000000,128,0
37,40,3900,27600,0010000000,128,0
37,41,3900,27600,0010000000,128,0
37,42,3900,27600,0010000010,130,0
37,43,3900,27600,0010000001,129,0
37,44,3900,27600,0010000101,133,0
37,45,3900,27600,0010000101,133,0
37,46,3900,27600,0010000101,133,0
37,47,3900,27600,0010000001,129,0
37,48,3900,27600,0010000001,129,0
37,49,3900,27600,0010000111,135,0
38,0,4000,27500,0010000100,132,0
38,1,4000,27500,0010000100,132,0
38,2,4000,27500,0010000100,132,0
38,3,4000,27500,0010000100,132,0
38,4,4000,27500,0010000100,132,0
38,5,4000,27500,0010000111,135,0
38,6,4000,27500,0010000100,132,0
38,7,4000,27500,0010000100,132,0
38,8,4000,27500,0010000111,135,0
38,9,4000,27500,0010000101,133,0
38,10,4000,27500,0010001010,138,0
38,11,4000,27500,0010000101,133,0
38,12,4000,27500,0010000111,135,0
38,13,4000,27500,0010000101,133,0
38,14,4000,27500,0010000110,134,0
38,15,4000,27500,0010000101,133,0
38,16,4000,27500,0010000011,131,0
38,17,4000,27500,0010000100,132,0
38,18,4000,27500,0010000100,132,0
38,19,4000,27500,0010000100,132,0
38,20,4000,27500,0010000100,132,0
38,21,4000,27500,0010000100,132,0
38,22,4000,27500,0010000100,132,0
38,23,4000,27500,0010000100,132,0
38,24,4000,27500,0010000101,133,0
38,25,4000,27500,0010000101,133,0
38,26,4000,27500,0010000100,132,0
38,27,4000,27500,0010001000,136,0
38,28,4000,27500,0010001000,136,0
38,29,4000,27500,0010000100,132,0
38,30,4000,27500,0010000101,133,0
38,31,4000,27500,0010000101,133,0
38,32,4000,27500,0010000110,134,0
38,33,4000,27500,0010000100,132,0
38,34,4000,27500,0010000111,135,0
38,35,4000,27500,0010000101,133,0
38,36,4000,27500,0010000100,132,0
38,37,4000,27500,0010000010,130,0
38,38,4000,27500,0010000010,130,0
38,39,4000,27500,0010000100,132,0
38,40,4000,27500,0010000100,132,0
38,41,4000,27500,0010000100,132,0
38,42,4000,27500,0010000100,132,0
38,43,4000,27500,0010000100,132,0
38,44,4000,27500,0010000100,132,0
38,45,4000,27500,0010000100,132,0
38,46,4000,27500,0010000100,132,0
38,47,4000,27500,0010000011,131,0
38,48,4000,27500,0010000100,132,0
38,49,4000,27500,0010000011,131,0
39,0,4100,27400,0010001001,137,0
39,1,4100,27400,0010001000,136,0
39,2,4100,27400,0010001000,136,0
39,3,4100,27400,0010001000,136,0
39,4,4100,27400,0010000110,134,0
39,5,4100,27400,0010000111,135,0
39,6,4100,27400,0010001000,136,0
39,7,4100,27400,0010000101,133,0
39,8,4100,27400,0010000111,135,0
39,9,4100,27400,0010000111,135,0
39,10,4100,27400,0010000110,134,0
39,11,4100,27400,0010000110,134,0
39,12,4100,27400,0010000101,133,0
39,13,4100,27400,0010000111,135,0
39,14,4100,27400,0010000111,135,0
39,15,4100,27400,0010000111,135,0
39,16,4100,27400,0010001010,138,0
39,17,4100,27400,0010001101,141,0
39,18,4100,27400,0010001001,137,0
39,19,4100,27400,0010000111,135,0
39,20,4100,27400,0010001000,136,0
39,21,4100,27400,0010001001,137,0
39,22,4100,27400,0010000111,135,0
39,23,4100,27400,0010001000,136,0
39,24,4100,27400,0010000111,135,0
39,25,4100,27400,0010001000,136,0
39,26,4100,27400,0010000101,133,0
39,27,4100,27400,0010001000,136,0
39,28,4100,27400,0010000111,135,0
39,29,4100,27400,0010001001,137,0
39,30,4100,27400,0010001001,137,0
39,31,4100,27400,0010000111,135,0
39,32,4100,27400,0010000111,135,0
39,33,4100,27400,0010001100,140,0
39,34,4100,27400,0010001100,140,0
39,35,4100,27400,0010001000,136,0
39,36,4100,27400,0010001000,136,0
39,37,4100,27400,0010001000,136,0
39,38,4100,27400,0010001110,142,0
39,39,4100,27400,0010000111,135,0
39,40,4100,27400,0010001010,138,0
39,41,4100,27400,0010001000,136,0
39,42,4100,27400,0010001000,136,0
39,43,4100,27400,0010001000,136,0
39,44,4100,27400,0010000110,134,0
39,45,4100,27400,0010000111,135,0
39,46,4100,27400,0010000111,135,0
39,47,4100,27400,0010000110,134,0
39,48,4100,27400,0010000110,134,0
39,49,4100,27400,0010000111,135,0
40,0,4200,27300,0010001101,141,0
40,1,4200,27300,0010001011,139,0
40,2,4200,27300,0010001110,142,0
40,3,4200,27300,0010001100,140,0
40,4,4200,27300,0010001011,139,0
40,5,4200,27300,0010001001,137,0
40,6,4200,27300,0010001001,137,0
40,7,4200,27300,0010001010,138,0
40,8,4200,27300,0010001011,139,0
40,9,4200,27300,0010001001,137,0
40,10,4200,27300,0010001011,139,0
40,11,4200,27300,0010001001,137,0
40,12,4200,27300,0010001011,139,0
40,13,4200,27300,0010001011,139,0
40,14,4200,27300,0010001011,139,0
40,15,4200,27300,0010001011,139,0
40,16,4200,27300,0010001011,139,0
40,17,4200,27300,0010001011,139,0
40,18,4200,27300,0010001011,139,0
40,19,4200,27300,0010001110,142,0
40,20,4200,27300,0010001011,139,0
40,21,4200,27300,0010010001,145,0
40,22,4200,27300,0010001100,140,0
40,23,4200,27300,0010001101,141,0
40,24,4200,27300,0010001011,139,0
40,25,4200,27300,0010001101,141,0
40,26,4200,27300,0010001101,141,0
40,27,4200,27300,0010001011,139,0
40,28,4200,27300,0010001011,139,0
40,29,4200,27300,0010001011,139,0
40,30,4200,27300,0010001011,139,0
40,31,4200,27300,0010001011,139,0
40,32,4200,27300,0010001010,138,0
40,33,4200,27300,0010001010,138,0
40,34,4200,27300,0010001000,136,0
40,35,4200,27300,0010001011,139,0
40,36,4200,27300,0010001011,139,0
40,37,4200,27300,0010001011,139,0
40,38,4200,27300,0010001010,138,0
40,39,4200,27300,0010001100,140,0
40,40,4200,27300,0010001100,140,0
40,41,4200,27300,0010001011,139,0
40,42,4200,27300,0010001011,139,0
40,43,4200,27300,0010001011,139,0
40,44,4200,27300,0010001011,139,0
40,45,4200,27300,0010001111,143,0
40,46,4200,27300,0010001100,140,0
40,47,4200,27300,0010010010,146,0
40,48,4200,27300,0010001100,140,0
40,49,4200,27300,0010001101,141,0
41,0,4300,27200,0010001110,142,0
41,1,4300,27200,0010001111,143,0
41,2,4300,27200,0010001101,141,0
41,3,4300,27200,0010001101,141,0
41,4,4300,27200,0010001110,142,0
41,5,4300,27200,0010001100,140,0
41,6,4300,27200,0010001110,142,0
41,7,4300,27200,0010001110,142,0
41,8,4300,27200,0010001111,143,0
41,9,4300,27200,0010001111,143,0
41,10,4300,27200,0010001110,142,0
41,11,4300,27200,0010010010,146,0
41,12,4300,27200,0010001111,143,0
41,13,4300,27200,0010010110,150,0
41,14,4300,27200,0010010110,150,0
41,15,4300,27200,0010010001,145,0
41,16,4300,27200,0010001110,142,0
41,17,4300,27200,0010001111,143,0
41,18,4300,27200,0010010001,145,0
41,19,4300,27200,0010001111,143,0
41,20,4300,27200,0010001110,142,0
41,21,4300,27200,0010001110,142,0
41,22,4300,27200,0010001111,143,0
41,23,4300,27200,0010001111,143,0
41,24,4300,27200,0010001111,143,0
41,25,4300,27200,0010001111,143,0
41,26,4300,27200,0010001110,142,0
41,27,4300,27200,0010001110,142,0
41,28,4300,27200,0010001111,143,0
41,29,4300,27200,0010001100,140,0
41,30,4300,27200,0010001110,142,0
41,31,4300,27200,0010001110,142,0
41,32,4300,27200,0010001111,143,0
41,33,4300,27200,0010001111,143,0
41,34,4300,27200,0010001111,143,0
41,35,4300,27200,0010001110,142,0
41,36,4300,27200,0010010100,148,0
41,37,4300,27200,0010001111,143,0
41,38,4300,27200,0010010001,145,0
41,39,4300,27200,0010001111,143,0
41,40,4300,27200,0010001111,143,0
41,41,4300,27200,0010010010,146,0
41,42,4300,27200,0010001111,143,0
41,43,4300,27200,0010001111,143,0
41,44,4300,27200,0010001111,143,0
41,45,4300,27200,0010001111,143,0
41,46,4300,27200,0010001111,143,0
41,47,4300,27200,0010001110,142,0
41,48,4300,27200,0010001101,141,0
41,49,4300,27200,0010001101,141,0
42,0,4400,27100,0010010011,147,0
42,1,4400,27100,0010010011,147,0
42,2,4400,27100,0010010100,148,0
42,3,4400,27100,0010010011,147,0
42,4,4400,27100,0010010001,145,0
42,5,4400,27100,0010010001,145,0
42,6,4400,27100,0010010010,146,0
42,7,4400,27100,0010010011,147,0
42,8,4400,27100,0010010011,147,0
42,9,4400,27100,0010010011,147,0
42,10,4400,27100,0010010001,145,0
42,11,4400,27100,0010010010,146,0
42,12,4400,27100,0010010001,145,0
42,13,4400,27100,0010010011,147,0
42,14,4400,27100,0010010011,147,0
42,15,4400,27100,0010010011,147,0
42,16,4400,27100,0010010011,147,0
42,17,4400,27100,0010010011,147,0
42,18,4400,27100,0010011001,153,0
42,19,4400,27100,0010010100,148,0
42,20,4400,27100,0010010101,149,0
42,21,4400,27100,0010010101,149,0
42,22,4400,27100,0010010101,149,0
42,23,4400,27100,0010010011,147,0
42,24,4400,27100,0010010011,147,0
42,25,4400,27100,0010010011,147,0
42,26,4400,27100,0010010010,146,0
42,27,4400,27100,0010010011,147,0
42,28,4400,27100,0010001111,143,0
42,29,4400,27100,0010010010,146,0
42,30,4400,27100,0010010011,147,0
42,31,4400,27100,0010010011,147,0
42,32,4400,27100,0010010010,146,0
42,33,4400,27100,0010010010,146,0
42,34,4400,27100,0010010011,147,0
42,35,4400,27100,0010010011,147,0
42,36,4400,27100,0010010100,148,0
42,37,4400,27100,0010010100,148,0
42,38,4400,27100,0010010011,147,0
42,39,4400,27100,0010010111,151,0
42,40,4400,27100,0010010111,151,0
42,41,4400,27100,0010010100,148,0
42,42,4400,27100,0010010100,148,0
42,43,4400,27100,0010011001,153,0
42,44,4400,27100,0010011001,153,0
42,45,4400,27100,0010010101,149,0
42,46,4400,27100,0010010101,149,0
42,47,4400,27100,0010010011,147,0
42,48,4400,27100,0010010101,149,0
42,49,4400,27100,0010010011,147,0
43,0,4500,27000,0010010110,150,0
43,1,4500,27000,0010010111,151,0
43,2,4500,27000,0010010110,150,0
43,3,4500,27000,0010011001,153,0
43,4,4500,27000,0010011101,157,0
43,5,4500,27000,0010011000,152,0
43,6,4500,27000,0010010110,150,0
43,7,4500,27000,0010011001,153,0
43,8,4500,27000,0010011001,153,0
43,9,4500,27000,0010010111,151,0
43,10,4500,27000,0010010111,151,0
43,11,4500,27000,0010010110,150,0
43,12,4500,27000,0010010111,151,0
43,13,4500,27000,0010010110,150,0
43,14,4500,27000,0010010101,149,0
43,15,4500,27000,0010010101,149,0
43,16,4500,27000,0010010110,150,0
43,17,4500,27000,0010010110,150,0
43,18,4500,27000,0010010100,148,0
43,19,4500,27000,0010010110,150,0
43,20,4500,27000,0010010110,150,0
43,21,4500,27000,0010010110,150,0
43,22,4500,27000,0010010110,150,0
43,23,4500,27000,0010010111,151,0
43,24,4500,27000,0010011011,155,0
43,25,4500,27000,0010010111,151,0
43,26,4500,27000,0010011001,153,0
43,27,4500,27000,0010011001,153,0
43,28,4500,27000,0010010111,151,0
43,29,4500,27000,0010010111,151,0
43,30,4500,27000,0010010111,151,0
43,31,4500,27000,0010010100,148,0
43,32,4500,27000,0010010110,150,0
43,33,4500,27000,0010010100,148,0
43,34,4500,27000,0010010110,150,0
43,35,4500,27000,0010010110,150,0
43,36,4500,27000,0010010100,148,0
43,37,4500,27000,0010010100,148,0
43,38,4500,27000,0010010101,149,0
43,39,4500,27000,0010010110,150,0
43,40,4500,27000,0010010110,150,0
43,41,4500,27000,0010010110,150,0
43,42,4500,27000,0010010110,150,0
43,43,4500,27000,0010010110,150,0
43,44,4500,27000,0010011001,153,0
43,45,4500,27000,0010011101,157,0
43,46,4500,27000,0010011001,153,0
43,47,4500,27000,0010010111,151,0
43,48,4500,27000,0010011000,152,0
43,49,4500,27000,0010010101,149,0
44,0,4600,26900,0010011001,153,0
44,1,4600,26900,0010011000,152,0
44,2,4600,26900,0010011001,153,0
44,3,4600,26900,0010011001,153,0
44,4,4600,26900,0010011001,153,0
44,5,4600,26900,0010011010,154,0
44,6,4600,26900,0010011010,154,0
44,7,4600,26900,0010011100,156,0
44,8,4600,26900,0010011010,154,0
44,9,4600,26900,0010100000,160,0
44,10,4600,26900,0010011010,154,0
44,11,4600,26900,0010011100,156,0
44,12,4600,26900,0010011010,154,0
44,13,4600,26900,0010011100,156,0
44,14,4600,26900,0010011011,155,0
44,15,4600,26900,0010011001,153,0
44,16,4600,26900,0010011010,154,0
44,17,4600,26900,0010011010,154,0
44,18,4600,26900,0010011000,152,0
44,19,4600,26900,0010011000,152,0
44,20,4600,26900,0010011001,153,0
44,21,4600,26900,0010011001,153,0
44,22,4600,26900,0010011010,154,0
44,23,4600,26900,0010010111,151,0
44,24,4600,26900,0010011001,153,0
44,25,4600,26900,0010011001,153,0
44,26,4600,26900,0010011001,153,0
44,27,4600,26900,0010011001,153,0
44,28,4600,26900,0010011010,154,0
44,29,4600,26900,0010011110,158,0
44,30,4600,26900,0010100000,160,0
44,31,4600,26900,0010011010,154,0
44,32,4600,26900,0010011100,156,0
44,33,4600,26900,0010011010,154,0
44,34,4600,26900,0010011011,155,0
44,35,4600,26900,0010011000,152,0
44,36,4600,26900,0010011001,153,0
44,37,4600,26900,0010011010,154,0
44,38,4600,26900,0010010111,151,0
44,39,4600,26900,0010011001,153,0
44,40,4600,26900,0010011010,154,0
44,41,4600,26900,0010011010,154,0
44,42,4600,26900,0010011100,156,0
44,43,4600,26900,0010011010,154,0
44,44,4600,26900,0010011010,154,0
44,45,4600,26900,0010100000,160,0
44,46,4600,26900,0010100000,160,0
44,47,4600,26900,0010100000,160,0
44,48,4600,26900,0010011010,154,0
44,49,4600,26900,0010011001,153,0
45,0,4700,26800,0010011110,158,0
45,1,4700,26800,0010011101,157,0
45,2,4700,26800,0010011101,157,0
45,3,4700,26800,0010100000,160,0
45,4,4700,26800,0010100000,160,0
45,5,4700,26800,0010011100,156,0
45,6,4700,26800,0010011100,156,0
45,7,4700,26800,0010100001,161,0
45,8,4700,26800,0010011101,157,0
45,9,4700,26800,0010100000,160,0
45,10,4700,26800,0010011101,157,0
45,11,4700,26800,0010100000,160,0
45,12,4700,26800,0010011110,158,0
45,13,4700,26800,0010011101,157,0
45,14,4700,26800,0010011101,157,0
45,15,4700,26800,0010011101,157,0
45,16,4700,26800,0010011100,156,0
45,17,4700,26800,0010011101,157,0
45,18,4700,26800,0010011100,156,0
45,19,4700,26800,0010011101,157,0
45,20,4700,26800,0010011101,157,0
45,21,4700,26800,0010011101,157,0
45,22,4700,26800,0010011101,157,0
45,23,4700,26800,0010100000,160,0
45,24,4700,26800,0010011100,156,0
45,25,4700,26800,0010100010,162,0
45,26,4700,26800,0010011101,157,0
45,27,4700,26800,0010011110,158,0
45,28,4700,26800,0010011101,157,0
45,29,4700,26800,0010011101,157,0
45,30,4700,26800,0010100000,160,0
45,31,4700,26800,0010100000,160,0
45,32,4700,26800,0010011100,156,0
45,33,4700,26800,0010011110,158,0
45,34,4700,26800,0010011110,158,0
45,35,4700,26800,0010011101,157,0
45,36,4700,26800,0010011011,155,0
45,37,4700,26800,0010011101,157,0
45,38,4700,26800,0010011101,157,0
45,39,4700,26800,0010011110,158,0
45,40,4700,26800,0010011101,157,0
45,41,4700,26800,0010100000,160,0
45,42,4700,26800,0010011100,156,0
45,43,4700,26800,0010011100,156,0
45,44,4700,26800,0010011101,157,0
45,45,4700,26800,0010011101,157,0
45,46,4700,26800,0010100000,160,0
45,47,4700,26800,0010011111,159,0
45,48,4700,26800,0010011100,156,0
45,49,4700,26800,0010011110,158,0
46,0,4800,26700,0010011111,159,0
46,1,4800,26700,0010100000,160,0
46,2,4800,26700,0010100000,160,0
46,3,4800,26700,0010011111,159,0
46,4,4800,26700,0010100000,160,0
46,5,4800,26700,0010100000,160,0
46,6,4800,26700,0010100000,160,0
46,7,4800,26700,0010011110,158,0
46,8,4800,26700,0010100000,160,0
46,9,4800,26700,0010100000,160,0
46,10,4800,26700,0010011110,158,0
46,11,4800,26700,0010011110,158,0
46,12,4800,26700,0010100000,160,0
46,13,4800,26700,0010100000,160,0
46,14,4800,26700,0010100000,160,0
46,15,4800,26700,0010100000,160,0
46,16,4800,26700,0010100000,160,0
46,17,4800,26700,0010100000,160,0
46,18,4800,26700,0010100000,160,0
46,19,4800,26700,0010100000,160,0
46,20,4800,26700,0010100010,162,0
46,21,4800,26700,0010100000,160,0
46,22,4800,26700,0010011111,159,0
46,23,4800,26700,0010100000,160,0
46,24,4800,26700,0010100000,160,0
46,25,4800,26700,0010100000,160,0
46,26,4800,26700,0010011111,159,0
46,27,4800,26700,0010011111,159,0
46,28,4800,26700,0010011111,159,0
46,29,4800,26700,0010100000,160,0
46,30,4800,26700,0010011111,159,0
46,31,4800,26700,0010100000,160,0
46,32,4800,26700,0010011110,158,0
46,33,4800,26700,0010100000,160,0
46,34,4800,26700,0010100000,160,0
46,35,4800,26700,0010011111,159,0
46,36,4800,26700,0010100000,160,0
46,37,4800,26700,0010100000,160,0
46,38,4800,26700,0010100000,160,0
46,39,4800,26700,0010011111,159,0
46,40,4800,26700,0010100000,160,0
46,41,4800,26700,0010100000,160,0
46,42,4800,26700,0010100011,163,0
46,43,4800,26700,0010100000,160,0
46,44,4800,26700,0010100000,160,0
46,45,4800,26700,0010100000,160,0
46,46,4800,26700,0010100000,160,0
46,47,4800,26700,0010100000,160,0
46,48,4800,26700,0010011110,158,0
46,49,4800,26700,0010100000,160,0
47,0,4900,26600,0010100001,161,0
47,1,4900,26600,0010100000,160,0
47,2,4900,26600,0010100000,160,0
47,3,4900,26600,0010100000,160,0
47,4,4900,26600,0010100000,160,0
47,5,4900,26600,0010100000,160,0
47,6,4900,26600,0010100000,160,0
47,7,4900,26600,0010100000,160,0
47,8,4900,26600,0010100001,161,0
47,9,4900,26600,0010100000,160,0
47,10,4900,26600,0010100011,163,0
47,11,4900,26600,0010100000,160,0
47,12,4900,26600,0010100001,161,0
47,13,4900,26600,0010100000,160,0
47,14,4900,26600,0010100000,160,0
47,15,4900,26600,0010100010,162,0
47,16,4900,26600,0010100000,160,0
47,17,4900,26600,0010100001,161,0
47,18,4900,26600,0010100000,160,0
47,19,4900,26600,0010100000,160,0
47,20,4900,26600,0010100011,163,0
47,21,4900,26600,0010100001,161,0
47,22,4900,26600,0010100000,160,0
47,23,4900,26600,0010100000,160,0
47,24,4900,26600,0010100000,160,0
47,25,4900,26600,0010100000,160,0
47,26,4900,26600,0010100000,160,0
47,27,4900,26600,0010100000,160,0
47,28,4900,26600,0010100000,160,0
47,29,4900,26600,0010100000,160,0
47,30,4900,26600,0010100000,160,0
47,31,4900,26600,0010100001,161,0
47,32,4900,26600,0010100000,160,0
47,33,4900,26600,0010100001,161,0
47,34,4900,26600,0010100010,162,0
47,35,4900,26600,0010100000,160,0
47,36,4900,26600,0010100011,163,0
47,37,4900,26600,0010100001,161,0
47,38,4900,26600,0010100001,161,0
47,39,4900,26600,0010100001,161,0
47,40,4900,26600,0010100001,161,0
47,41,4900,26600,0010100000,160,0
47,42,4900,26600,0010100000,160,0
47,43,4900,26600,0010100000,160,0
47,44,4900,26600,0010100000,160,0
47,45,4900,26600,0010100000,160,0
47,46,4900,26600,0010100000,160,0
47,47,4900,26600,0010100000,160,0
47,48,4900,26600,0010100000,160,0
47,49,4900,26600,0010100001,161,0
48,0,5000,26500,0010100100,164,0
48,1,5000,26500,0010100100,164,0
48,2,5000,26500,0010100011,163,0
48,3,5000,26500,0010100101,165,0
48,4,5000,26500,0010100101,165,0
48,5,5000,26500,0010100100,164,0
48,6,5000,26500,0010100100,164,0
48,7,5000,26500,0010101000,168,0
48,8,5000,26500,0010101000,168,0
48,9,5000,26500,0010100100,164,0
48,10,5000,26500,0010101010,170,0
48,11,5000,26500,0010101010,170,0
48,12,5000,26500,0010101010,170,0
48,13,5000,26500,0010101001,169,0
48,14,5000,26500,0010100101,165,0
48,15,5000,26500,0010100101,165,0
48,16,5000,26500,0010100100,164,0
48,17,5000,26500,0010100100,164,0
48,18,5000,26500,0010100100,164,0
48,19,5000,26500,0010100100,164,0
48,20,5000,26500,0010100101,165,0
48,21,5000,26500,0010100100,164,0
48,22,5000,26500,0010100010,162,0
48,23,5000,26500,0010100010,162,0
48,24,5000,26500,0010100011,163,0
48,25,5000,26500,0010100011,163,0
48,26,5000,26500,0010100100,164,0
48,27,5000,26500,0010100100,164,0
48,28,5000,26500,0010100100,164,0
48,29,5000,26500,0010100010,162,0
48,30,5000,26500,0010100011,163,0
48,31,5000,26500,0010100011,163,0
48,32,5000,26500,0010100100,164,0
48,33,5000,26500,0010100100,164,0
48,34,5000,26500,0010100100,164,0
48,35,5000,26500,0010100110,166,0
48,36,5000,26500,0010100100,164,0
48,37,5000,26500,0010101001,169,0
48,38,5000,26500,0010100101,165,0
48,39,5000,26500,0010100011,163,0
48,40,5000,26500,0010100100,164,0
48,41,5000,26500,0010100100,164,0
48,42,5000,26500,0010100100,164,0
48,43,5000,26500,0010100011,163,0
48,44,5000,26500,0010100100,164,0
48,45,5000,26500,0010100100,164,0
48,46,5000,26500,0010100100,164,0
48,47,5000,26500,0010100100,164,0
48,48,5000,26500,0010100100,164,0
48,49,5000,26500,0010100011,163,0
49,0,5100,26400,0010101001,169,0
49,1,5100,26400,0010100111,167,0
49,2,5100,26400,0010101100,172,0
49,3,5100,26400,0010101011,171,0
49,4,5100,26400,0010101000,168,0
49,5,5100,26400,0010101000,168,0
49,6,5100,26400,0010101101,173,0
49,7,5100,26400,0010101101,173,0
49,8,5100,26400,0010101001,169,0
49,9,5100,26400,0010100111,167,0
49,10,5100,26400,0010101010,170,0
49,11,5100,26400,0010101001,169,0
49,12,5100,26400,0010101000,168,0
49,13,5100,26400,0010101000,168,0
49,14,5100,26400,0010101000,168,0
49,15,5100,26400,0010101000,168,0
49,16,5100,26400,0010101000,168,0
49,17,5100,26400,0010100110,166,0
49,18,5100,26400,0010100110,166,0
49,19,5100,26400,0010100111,167,0
49,20,5100,26400,0010100111,167,0
49,21,5100,26400,0010100111,167,0
49,22,5100,26400,0010101000,168,0
49,23,5100,26400,0010100111,167,0
49,24,5100,26400,0010100101,165,0
49,25,5100,26400,0010100111,167,0
49,26,5100,26400,0010100111,167,0
49,27,5100,26400,0010100101,165,0
49,28,5100,26400,0010100110,166,0
49,29,5100,26400,0010100111,167,0
49,30,5100,26400,0010100111,167,0
49,31,5100,26400,0010100111,167,0
49,32,5100,26400,0010100111,167,0
49,33,5100,26400,0010100111,167,0
49,34,5100,26400,0010101001,169,0
49,35,5100,26400,0010100111,167,0
49,36,5100,26400,0010101000,168,0
49,37,5100,26400,0010100111,167,0
49,38,5100,26400,0010101101,173,0
49,39,5100,26400,0010100111,167,0
49,40,5100,26400,0010101001,169,0
49,41,5100,26400,0010101000,168,0
49,42,5100,26400,0010101000,168,0
49,43,5100,26400,0010100110,166,0
49,44,5100,26400,0010100110,166,0
49,45,5100,26400,0010100111,167,0
49,46,5100,26400,0010100111,167,0
49,47,5100,26400,0010100111,167,0
49,48,5100,26400,0010100101,165,0
49,49,5100,26400,0010100111,167,0
50,0,5200,26300,0010101011,171,0
50,1,5200,26300,0010101010,170,0
50,2,5200,26300,0010101011,171,0
50,3,5200,26300,0010101101,173,0
50,4,5200,26300,0010101101,173,0
50,5,5200,26300,0010101011,171,0
50,6,5200,26300,0010110001,177,0
50,7,5200,26300,0010101010,170,0
50,8,5200,26300,0010101010,170,0
50,9,5200,26300,0010101101,173,0
50,10,5200,26300,0010101011,171,0
50,11,5200,26300,0010101011,171,0
50,12,5200,26300,0010101100,172,0
50,13,5200,26300,0010101101,173,0
50,14,5200,26300,0010101100,172,0
50,15,5200,26300,0010101011,171,0
50,16,5200,26300,0010101010,170,0
50,17,5200,26300,0010101011,171,0
50,18,5200,26300,0010101011,171,0
50,19,5200,26300,0010101011,171,0
50,20,5200,26300,0010101001,169,0
50,21,5200,26300,0010101010,170,0
50,22,5200,26300,0010101010,170,0
50,23,5200,26300,0010101010,170,0
50,24,5200,26300,0010101011,171,0
50,25,5200,26300,0010101010,170,0
50,26,5200,26300,0010101010,170,0
50,27,5200,26300,0010101011,171,0
50,28,5200,26300,0010101111,175,0
50,29,5200,26300,0010101011,171,0
50,30,5200,26300,0010101100,172,0
50,31,5200,26300,0010101011,171,0
50,32,5200,26300,0010110010,178,0
50,33,5200,26300,0010101011,171,0
50,34,5200,26300,0010101101,173,0
50,35,5200,26300,0010101101,173,0
50,36,5200,26300,0010101101,173,0
50,37,5200,26300,0010101100,172,0
50,38,5200,26300,0010101011,171,0
50,39,5200,26300,0010101100,172,0
50,40,5200,26300,0010101011,171,0
50,41,5200,26300,0010101011,171,0
50,42,5200,26300,0010101001,169,0
50,43,5200,26300,0010101010,170,0
50,44,5200,26300,0010101011,171,0
50,45,5200,26300,0010101011,171,0
50,46,5200,26300,0010101010,170,0
50,47,5200,26300,0010101010,170,0
50,48,5200,26300,0010101010,170,0
50,49,5200,26300,0010101101,173,0
51,0,5300,26200,0010110001,177,0
51,1,5300,26200,0010110001,177,0
51,2,5300,26200,0010101111,175,0
51,3,5300,26200,0010101101,173,0
51,4,5300,26200,0010101110,174,0
51,5,5300,26200,0010101110,174,0
51,6,5300,26200,0010101110,174,0
51,7,5300,26200,0010101101,173,0
51,8,5300,26200,0010101100,172,0
51,9,5300,26200,0010101110,174,0
51,10,5300,26200,0010101110,174,0
51,11,5300,26200,0010101110,174,0
51,12,5300,26200,0010101110,174,0
51,13,5300,26200,0010101110,174,0
51,14,5300,26200,0010110000,176,0
51,15,5300,26200,0010101110,174,0
51,16,5300,26200,0010101111,175,0
51,17,5300,26200,0010110011,179,0
51,18,5300,26200,0010110011,179,0
51,19,5300,26200,0010110011,179,0
51,20,5300,26200,0010101111,175,0
51,21,5300,26200,0010110101,181,0
51,22,5300,26200,0010101110,174,0
51,23,5300,26200,0010101111,175,0
51,24,5300,26200,0010101111,175,0
51,25,5300,26200,0010101110,174,0
51,26,5300,26200,0010101111,175,0
51,27,5300,26200,0010101100,172,0
51,28,5300,26200,0010101110,174,0
51,29,5300,26200,0010101110,174,0
51,30,5300,26200,0010101110,174,0
51,31,5300,26200,0010101100,172,0
51,32,5300,26200,0010101100,172,0
51,33,5300,26200,0010101110,174,0
51,34,5300,26200,0010101110,174,0
51,35,5300,26200,0010101110,174,0
51,36,5300,26200,0010101110,174,0
51,37,5300,26200,0010110101,181,0
51,38,5300,26200,0010101111,175,0
51,39,5300,26200,0010101110,174,0
51,40,5300,26200,0010101110,174,0
51,41,5300,26200,0010101110,174,0
51,42,5300,26200,0010110001,177,0
51,43,5300,26200,0010110010,178,0
51,44,5300,26200,0010110001,177,0
51,45,5300,26200,0010110001,177,0
51,46,5300,26200,0010110001,177,0
51,47,5300,26200,0010110001,177,0
51,48,5300,26200,0010110001,177,0
51,49,5300,26200,0010101110,174,0
52,0,5400,26100,0010110011,179,0
52,1,5400,26100,0010110011,179,0
52,2,5400,26100,0010110000,176,0
52,3,5400,26100,0010110001,177,0
52,4,5400,26100,0010110010,178,0
52,5,5400,26100,0010110001,177,0
52,6,5400,26100,0010110000,176,0
52,7,5400,26100,0010110001,177,0
52,8,5400,26100,0010110001,177,0
52,9,5400,26100,0010110001,177,0
52,10,5400,26100,0010110000,176,0
52,11,5400,26100,0010110011,179,0
52,12,5400,26100,0010110000,176,0
52,13,5400,26100,0010110000,176,0
52,14,5400,26100,0010110010,178,0
52,15,5400,26100,0010110010,178,0
52,16,5400,26100,0010110010,178,0
52,17,5400,26100,0010110010,178,0
52,18,5400,26100,0010110011,179,0
52,19,5400,26100,0010110010,178,0
52,20,5400,26100,0010110101,181,0
52,21,5400,26100,0010110101,181,0
52,22,5400,26100,0010110011,179,0
52,23,5400,26100,0010110011,179,0
52,24,5400,26100,0010111000,184,0
52,25,5400,26100,0010111000,184,0
52,26,5400,26100,0010110100,180,0
52,27,5400,26100,0010110010,178,0
52,28,5400,26100,0010110010,178,0
52,29,5400,26100,0010110101,181,0
52,30,5400,26100,0010110011,179,0
52,31,5400,26100,0010110101,181,0
52,32,5400,26100,0010110011,179,0
52,33,5400,26100,0010110010,178,0
52,34,5400,26100,0010110011,179,0
52,35,5400,26100,0010110001,177,0
52,36,5400,26100,0010110000,176,0
52,37,5400,26100,0010110010,178,0
52,38,5400,26100,0010110010,178,0
52,39,5400,26100,0010110010,178,0
52,40,5400,26100,0010110100,180,0
52,41,5400,26100,0010110011,179,0
52,42,5400,26100,0010110011,179,0
52,43,5400,26100,0010111001,185,0
52,44,5400,26100,0010110100,180,0
52,45,5400,26100,0010110010,178,0
52,46,5400,26100,0010110011,179,0
52,47,5400,26100,0010110011,179,0
52,48,5400,26100,0010110011,179,0
52,49,5400,26100,0010110100,180,0
53,0,5500,26000,0010110110,182,0
53,1,5500,26000,0010110110,182,0
53,2,5500,26000,0010110110,182,0
53,3,5500,26000,0010111000,184,0
53,4,5500,26000,0010110110,182,0
53,5,5500,26000,0010111100,188,0
53,6,5500,26000,0010111100,188,0
53,7,5500,26000,0010110111,183,0
53,8,5500,26000,0010110110,182,0
53,9,5500,26000,0010110101,181,0
53,10,5500,26000,0010111000,184,0
53,11,5500,26000,0010110110,182,0
53,12,5500,26000,0010110110,182,0
53,13,5500,26000,0010110101,181,0
53,14,5500,26000,0010110110,182,0
53,15,5500,26000,0010110110,182,0
53,16,5500,26000,0010110100,180,0
53,17,5500,26000,0010110101,181,0
53,18,5500,26000,0010110110,182,0
53,19,5500,26000,0010110110,182,0
53,20,5500,26000,0010110100,180,0
53,21,5500,26000,0010110110,182,0
53,22,5500,26000,0010110110,182,0
53,23,5500,26000,0010110110,182,0
53,24,5500,26000,0010110101,181,0
53,25,5500,26000,0010110110,182,0
53,26,5500,26000,0010110110,182,0
53,27,5500,26000,0010110111,183,0
53,28,5500,26000,0010111010,186,0
53,29,5500,26000,0010111011,187,0
53,30,5500,26000,0010110111,183,0
53,31,5500,26000,0010111101,189,0
53,32,5500,26000,0010111100,188,0
53,33,5500,26000,0010111101,189,0
53,34,5500,26000,0010111000,184,0
53,35,5500,26000,0010111000,184,0
53,36,5500,26000,0010110110,182,0
53,37,5500,26000,0010111000,184,0
53,38,5500,26000,0010110110,182,0
53,39,5500,26000,0010110111,183,0
53,40,5500,26000,0010110100,180,0
53,41,5500,26000,0010110100,180,0
53,42,5500,26000,0010110110,182,0
53,43,5500,26000,0010110100,180,0
53,44,5500,26000,0010110100,180,0
53,45,5500,26000,0010110110,182,0
53,46,5500,26000,0010110101,181,0
53,47,5500,26000,0010110110,182,0
53,48,5500,26000,0010110110,182,0
53,49,5500,26000,0010110110,182,0
54,0,5600,25900,0010111010,186,0
54,1,5600,25900,0010111001,185,0
54,2,5600,25900,0010111100,188,0
54,3,5600,25900,0010111010,186,0
54,4,5600,25900,0010111111,191,0
54,5,5600,25900,0011000000,192,0
54,6,5600,25900,0010111011,187,0
54,7,5600,25900,0010111100,188,0
54,8,5600,25900,0010111010,186,0
54,9,5600,25900,0010111010,186,0
54,10,5600,25900,0010111000,184,0
54,11,5600,25900,0010111010,186,0
54,12,5600,25900,0010111010,186,0
54,13,5600,25900,0010111000,184,0
54,14,5600,25900,0010111000,184,0
54,15,5600,25900,0010111010,186,0
54,16,5600,25900,0010111001,185,0
54,17,5600,25900,0010110111,183,0
54,18,5600,25900,0010110111,183,0
54,19,5600,25900,0010111001,185,0
54,20,5600,25900,0010111001,185,0
54,21,5600,25900,0010111010,186,0
54,22,5600,25900,0010111001,185,0
54,23,5600,25900,0010111110,190,0
54,24,5600,25900,0010111010,186,0
54,25,5600,25900,0011000000,192,0
54,26,5600,25900,0010111001,185,0
54,27,5600,25900,0010111011,187,0
54,28,5600,25900,0010111010,186,0
54,29,5600,25900,0010111000,184,0
54,30,5600,25900,0010111001,185,0
54,31,5600,25900,0010110111,183,0
54,32,5600,25900,0010110111,183,0
54,33,5600,25900,0010111001,185,0
54,34,5600,25900,0010111001,185,0
54,35,5600,25900,0010111001,185,0
54,36,5600,25900,0010111010,186,0
54,37,5600,25900,0010111010,186,0
54,38,5600,25900,0010111001,185,0
54,39,5600,25900,0010111001,185,0
54,40,5600,25900,0010111100,188,0
54,41,5600,25900,0010111100,188,0
54,42,5600,25900,0010111010,186,0
54,43,5600,25900,0010111100,188,0
54,44,5600,25900,0010111010,186,0
54,45,5600,25900,0010111001,185,0
54,46,5600,25900,0010111001,185,0
54,47,5600,25900,0010111001,185,0
54,48,5600,25900,0010110111,183,0
54,49,5600,25900,0010111000,184,0
55,0,5700,25800,0010111110,190,0
55,1,5700,25800,0010111101,189,0
55,2,5700,25800,0010111100,188,0
55,3,5700,25800,0010111110,190,0
55,4,5700,25800,0010111011,187,0
55,5,5700,25800,0010111100,188,0
55,6,5700,25800,0010111101,189,0
55,7,5700,25800,0010111011,187,0
55,8,5700,25800,0010111011,187,0
55,9,5700,25800,0010111101,189,0
55,10,5700,25800,0010111011,187,0
55,11,5700,25800,0010111101,189,0
55,12,5700,25800,0010111100,188,0
55,13,5700,25800,0010111110,190,0
55,14,5700,25800,0010111101,189,0
55,15,5700,25800,0011000000,192,0
55,16,5700,25800,0010111100,188,0
55,17,5700,25800,0011000010,194,0
55,18,5700,25800,0010111101,189,0
55,19,5700,25800,0010111100,188,0
55,20,5700,25800,0010111101,189,0
55,21,5700,25800,0010111111,191,0
55,22,5700,25800,0010111111,191,0
55,23,5700,25800,0011000000,192,0
55,24,5700,25800,0011000000,192,0
55,25,5700,25800,0010111111,191,0
55,26,5700,25800,0010111101,189,0
55,27,5700,25800,0010111100,188,0
55,28,5700,25800,0010111101,189,0
55,29,5700,25800,0010111101,189,0
55,30,5700,25800,0010111100,188,0
55,31,5700,25800,0010111101,189,0
55,32,5700,25800,0010111010,186,0
55,33,5700,25800,0010111011,187,0
55,34,5700,25800,0010111011,187,0
55,35,5700,25800,0010111101,189,0
55,36,5700,25800,0010111100,188,0
55,37,5700,25800,0010111100,188,0
55,38,5700,25800,0010111100,188,0
55,39,5700,25800,0010111100,188,0
55,40,5700,25800,0010111100,188,0
55,41,5700,25800,0010111100,188,0
55,42,5700,25800,0010111110,190,0
55,43,5700,25800,0010111111,191,0
55,44,5700,25800,0010111110,190,0
55,45,5700,25800,0010111101,189,0
55,46,5700,25800,0010111101,189,0
55,47,5700,25800,0011000000,192,0
55,48,5700,25800,0011000000,192,0
55,49,5700,25800,0011000000,192,0
56,0,5800,25700,0010111111,191,0
56,1,5800,25700,0010111110,190,0
56,2,5800,25700,0011000000,192,0
56,3,5800,25700,0011000000,192,0
56,4,5800,25700,0010111110,190,0
56,5,5800,25700,0010111110,190,0
56,6,5800,25700,0011000000,192,0
56,7,5800,25700,0011000000,192,0
56,8,5800,25700,0010111111,191,0
56,9,5800,25700,0010111111,191,0
56,10,5800,25700,0010111111,191,0
56,11,5800,25700,0010111111,191,0
56,12,5800,25700,0011000000,192,0
56,13,5800,25700,0011000000,192,0
56,14,5800,25700,0011000011,195,0
56,15,5800,25700,0011000000,192,0
56,16,5800,25700,0010111111,191,0
56,17,5800,25700,0011000001,193,0
56,18,5800,25700,0010111111,191,0
56,19,5800,25700,0011000000,192,0
56,20,5800,25700,0010111111,191,0
56,21,5800,25700,0011000000,192,0
56,22,5800,25700,0010111111,191,0
56,23,5800,25700,0011000000,192,0
56,24,5800,25700,0010111101,189,0
56,25,5800,25700,0011000000,192,0
56,26,5800,25700,0010111111,191,0
56,27,5800,25700,0010111111,191,0
56,28,5800,25700,0011000000,192,0
56,29,5800,25700,0011000000,192,0
56,30,5800,25700,0010111111,191,0
56,31,5800,25700,0011000000,192,0
56,32,5800,25700,0011000000,192,0
56,33,5800,25700,0011000010,194,0
56,34,5800,25700,0011000000,192,0
56,35,5800,25700,0011000011,195,0
56,36,5800,25700,0011000000,192,0
56,37,5800,25700,0011000001,193,0
56,38,5800,25700,0011000000,192,0
56,39,5800,25700,0011000000,192,0
56,40,5800,25700,0011000000,192,0
56,41,5800,25700,0010111110,190,0
56,42,5800,25700,0011000000,192,0
56,43,5800,25700,0010111110,190,0
56,44,5800,25700,0011000000,192,0
56,45,5800,25700,0010111110,190,0
56,46,5800,25700,0011000000,192,0
56,47,5800,25700,0011000000,192,0
56,48,5800,25700,0011000000,192,0
56,49,5800,25700,0010111111,191,0
57,0,5900,25600,0011000011,195,0
57,1,5900,25600,0011000001,193,0
57,2,5900,25600,0011000010,194,0
57,3,5900,25600,0011000010,194,0
57,4,5900,25600,0011000010,194,0
57,5,5900,25600,0011000001,193,0
57,6,5900,25600,0011000000,192,0
57,7,5900,25600,0011000000,192,0
57,8,5900,25600,0011000001,193,0
57,9,5900,25600,0011000001,193,0
57,10,5900,25600,0011000000,192,0
57,11,5900,25600,0011000000,192,0
57,12,5900,25600,0011000000,192,0
57,13,5900,25600,0011000000,192,0
57,14,5900,25600,0011000001,193,0
57,15,5900,25600,0011000001,193,0
57,16,5900,25600,0011000100,196,0
57,17,5900,25600,0011000001,193,0
57,18,5900,25600,0011000011,195,0
57,19,5900,25600,0011000001,193,0
57,20,5900,25600,0011000011,195,0
57,21,5900,25600,0011000001,193,0
57,22,5900,25600,0011000010,194,0
57,23,5900,25600,0011000001,193,0
57,24,5900,25600,0011000001,193,0
57,25,5900,25600,0011000001,193,0
57,26,5900,25600,0011000001,193,0
57,27,5900,25600,0011000000,192,0
57,28,5900,25600,0011000001,193,0
57,29,5900,25600,0011000001,193,0
57,30,5900,25600,0011000001,193,0
57,31,5900,25600,0011000001,193,0
57,32,5900,25600,0011000001,193,0
57,33,5900,25600,0011000000,192,0
57,34,5900,25600,0011000001,193,0
57,35,5900,25600,0011000000,192,0
57,36,5900,25600,0011000010,194,0
57,37,5900,25600,0011000001,193,0
57,38,5900,25600,0011000101,197,0
57,39,5900,25600,0011000001,193,0
57,40,5900,25600,0011000111,199,0
57,41,5900,25600,0011000001,193,0
57,42,5900,25600,0011000001,193,0
57,43,5900,25600,0011000010,194,0
57,44,5900,25600,0011000000,192,0
57,45,5900,25600,0011000000,192,0
57,46,5900,25600,0011000001,193,0
57,47,5900,25600,0011000001,193,0
57,48,5900,25600,0011000001,193,0
57,49,5900,25600,0011000000,192,0
58,0,6000,25500,0011000011,195,0
58,1,6000,25500,0011000100,196,0
58,2,6000,25500,0011000011,195,0
58,3,6000,25500,0011000100,196,0
58,4,6000,25500,0011000100,196,0
58,5,6000,25500,0011000100,196,0
58,6,6000,25500,0011000101,197,0
58,7,6000,25500,0011000100,196,0
58,8,6000,25500,0011000111,199,0
58,9,6000,25500,0011001010,202,0
58,10,6000,25500,0011000110,198,0
58,11,6000,25500,0011000111,199,0
58,12,6000,25500,0011000101,197,0
58,13,6000,25500,0011000101,197,0
58,14,6000,25500,0011000111,199,0
58,15,6000,25500,0011000110,198,0
58,16,6000,25500,0011000101,197,0
58,17,6000,25500,0011000101,197,0
58,18,6000,25500,0011000110,198,0
58,19,6000,25500,0011000100,196,0
58,20,6000,25500,0011000101,197,0
58,21,6000,25500,0011000100,196,0
58,22,6000,25500,0011000100,196,0
58,23,6000,25500,0011000100,196,0
58,24,6000,25500,0011000100,196,0
58,25,6000,25500,0011000101,197,0
58,26,6000,25500,0011000100,196,0
58,27,6000,25500,0011000011,195,0
58,28,6000,25500,0011000011,195,0
58,29,6000,25500,0011000100,196,0
58,30,6000,25500,0011000100,196,0
58,31,6000,25500,0011000100,196,0
58,32,6000,25500,0011000100,196,0
58,33,6000,25500,0011000100,196,0
58,34,6000,25500,0011000100,196,0
58,35,6000,25500,0011001000,200,0
58,36,6000,25500,0011000101,197,0
58,37,6000,25500,0011001010,202,0
58,38,6000,25500,0011001010,202,0
58,39,6000,25500,0011000110,198,0
58,40,6000,25500,0011000110,198,0
58,41,6000,25500,0011000110,198,0
58,42,6000,25500,0011000100,196,0
58,43,6000,25500,0011000110,198,0
58,44,6000,25500,0011000101,197,0
58,45,6000,25500,0011000101,197,0
58,46,6000,25500,0011000101,197,0
58,47,6000,25500,0011000011,195,0
58,48,6000,25500,0011000100,196,0
58,49,6000,25500,0011000100,196,0
59,0,6100,25400,0011001000,200,0
59,1,6100,25400,0011001001,201,0
59,2,6100,25400,0011001000,200,0
59,3,6100,25400,0011001100,204,0
59,4,6100,25400,0011001110,206,0
59,5,6100,25400,0011001000,200,0
59,6,6100,25400,0011001010,202,0
59,7,6100,25400,0011001001,201,0
59,8,6100,25400,0011001001,201,0
59,9,6100,25400,0011001001,201,0
59,10,6100,25400,0011001000,200,0
59,11,6100,25400,0011001000,200,0
59,12,6100,25400,0011000111,199,0
59,13,6100,25400,0011001000,200,0
59,14,6100,25400,0011000110,198,0
59,15,6100,25400,0011001000,200,0
59,16,6100,25400,0011000111,199,0
59,17,6100,25400,0011001000,200,0
59,18,6100,25400,0011001000,200,0
59,19,6100,25400,0011001010,202,0
59,20,6100,25400,0011001010,202,0
59,21,6100,25400,0011001000,200,0
59,22,6100,25400,0011001101,205,0
59,23,6100,25400,0011001101,205,0
59,24,6100,25400,0011001001,201,0
59,25,6100,25400,0011001000,200,0
59,26,6100,25400,0011001010,202,0
59,27,6100,25400,0011001010,202,0
59,28,6100,25400,0011001000,200,0
59,29,6100,25400,0011000111,199,0
59,30,6100,25400,0011001000,200,0
59,31,6100,25400,0011001000,200,0
59,32,6100,25400,0011000111,199,0
59,33,6100,25400,0011000110,198,0
59,34,6100,25400,0011001000,200,0
59,35,6100,25400,0011000111,199,0
59,36,6100,25400,0011001000,200,0
59,37,6100,25400,0011000111,199,0
59,38,6100,25400,0011001001,201,0
59,39,6100,25400,0011001100,204,0
59,40,6100,25400,0011001001,201,0
59,41,6100,25400,0011001010,202,0
59,42,6100,25400,0011001000,200,0
59,43,6100,25400,0011001010,202,0
59,44,6100,25400,0011001000,200,0
59,45,6100,25400,0011001001,201,0
59,46,6100,25400,0011001001,201,0
59,47,6100,25400,0011001001,201,0
59,48,6100,25400,0011001000,200,0
59,49,6100,25400,0011001000,200,0
60,0,6200,25300,0011001001,201,0
60,1,6200,25300,0011001011,203,0
60,2,6200,25300,0011001011,203,0
60,3,6200,25300,0011001011,203,0
60,4,6200,25300,0011001011,203,0
60,5,6200,25300,0011001011,203,0
60,6,6200,25300,0011001011,203,0
60,7,6200,25300,0011001100,204,0
60,8,6200,25300,0011001100,204,0
60,9,6200,25300,0011001111,207,0
60,10,6200,25300,0011001100,204,0
60,11,6200,25300,0011010010,210,0
60,12,6200,25300,0011001101,205,0
60,13,6200,25300,0011001011,203,0
60,14,6200,25300,0011001100,204,0
60,15,6200,25300,0011001100,204,0
60,16,6200,25300,0011001100,204,0
60,17,6200,25300,0011001010,202,0
60,18,6200,25300,0011001011,203,0
60,19,6200,25300,0011001011,203,0
60,20,6200,25300,0011001010,202,0
60,21,6200,25300,0011001011,203,0
60,22,6200,25300,0011001001,201,0
60,23,6200,25300,0011001011,203,0
60,24,6200,25300,0011001011,203,0
60,25,6200,25300,0011001011,203,0
60,26,6200,25300,0011001100,204,0
60,27,6200,25300,0011001100,204,0
60,28,6200,25300,0011001011,203,0
60,29,6200,25300,0011001011,203,0
60,30,6200,25300,0011001110,206,0
60,31,6200,25300,0011001100,204,0
60,32,6200,25300,0011010001,209,0
60,33,6200,25300,0011001101,205,0
60,34,6200,25300,0011001100,204,0
60,35,6200,25300,0011001011,203,0
60,36,6200,25300,0011001110,206,0
60,37,6200,25300,0011001011,203,0
60,38,6200,25300,0011001101,205,0
60,39,6200,25300,0011001101,205,0
60,40,6200,25300,0011001100,204,0
60,41,6200,25300,0011001100,204,0
60,42,6200,25300,0011001011,203,0
60,43,6200,25300,0011001011,203,0
60,44,6200,25300,0011001100,204,0
60,45,6200,25300,0011001100,204,0
60,46,6200,25300,0011001011,203,0
60,47,6200,25300,0011001010,202,0
60,48,6200,25300,0011001010,202,0
60,49,6200,25300,0011001011,203,0
61,0,6300,25200,0011001111,207,0
61,1,6300,25200,0011010000,208,0
61,2,6300,25200,0011001111,207,0
61,3,6300,25200,0011001111,207,0
61,4,6300,25200,0011001101,205,0
61,5,6300,25200,0011001111,207,0
61,6,6300,25200,0011001111,207,0
61,7,6300,25200,0011001111,207,0
61,8,6300,25200,0011001111,207,0
61,9,6300,25200,0011001111,207,0
61,10,6300,25200,0011001101,205,0
61,11,6300,25200,0011001101,205,0
61,12,6300,25200,0011001111,207,0
61,13,6300,25200,0011001101,205,0
61,14,6300,25200,0011001100,204,0
61,15,6300,25200,0011001111,207,0
61,16,6300,25200,0011001111,207,0
61,17,6300,25200,0011001111,207,0
61,18,6300,25200,0011001110,206,0
61,19,6300,25200,0011001111,207,0
61,20,6300,25200,0011001111,207,0
61,21,6300,25200,0011001111,207,0
61,22,6300,25200,0011001111,207,0
61,23,6300,25200,0011010011,211,0
61,24,6300,25200,0011001111,207,0
61,25,6300,25200,0011001111,207,0
61,26,6300,25200,0011001111,207,0
61,27,6300,25200,0011010101,213,0
61,28,6300,25200,0011010001,209,0
61,29,6300,25200,0011001110,206,0
61,30,6300,25200,0011010010,210,0
61,31,6300,25200,0011010010,210,0
61,32,6300,25200,0011010010,210,0
61,33,6300,25200,0011001111,207,0
61,34,6300,25200,0011001111,207,0
61,35,6300,25200,0011010010,210,0
61,36,6300,25200,0011010000,208,0
61,37,6300,25200,0011001110,206,0
61,38,6300,25200,0011001111,207,0
61,39,6300,25200,0011001111,207,0
61,40,6300,25200,0011001110,206,0
61,41,6300,25200,0011001111,207,0
61,42,6300,25200,0011001100,204,0
61,43,6300,25200,0011001110,206,0
61,44,6300,25200,0011001111,207,0
61,45,6300,25200,0011001111,207,0
61,46,6300,25200,0011001111,207,0
61,47,6300,25200,0011001110,206,0
61,48,6300,25200,0011001111,207,0
61,49,6300,25200,0011001111,207,0
62,0,6400,25100,0011010011,211,0
62,1,6400,25100,0011010101,213,0
62,2,6400,25100,0011010110,214,0
62,3,6400,25100,0011010100,212,0
62,4,6400,25100,0011010011,211,0
62,5,6400,25100,0011010001,209,0
62,6,6400,25100,0011010011,211,0
62,7,6400,25100,0011010001,209,0
62,8,6400,25100,0011010011,211,0
62,9,6400,25100,0011010001,209,0
62,10,6400,25100,0011010011,211,0
62,11,6400,25100,0011010011,211,0
62,12,6400,25100,0011010011,211,0
62,13,6400,25100,0011010011,211,0
62,14,6400,25100,0011010110,214,0
62,15,6400,25100,0011010110,214,0
62,16,6400,25100,0011010101,213,0
62,17,6400,25100,0011010110,214,0
62,18,6400,25100,0011010110,214,0
62,19,6400,25100,0011010011,211,0
62,20,6400,25100,0011010101,213,0
62,21,6400,25100,0011010011,211,0
62,22,6400,25100,0011010101,213,0
62,23,6400,25100,0011010101,213,0
62,24,6400,25100,0011010011,211,0
62,25,6400,25100,0011010011,211,0
62,26,6400,25100,0011010101,213,0
62,27,6400,25100,0011010101,213,0
62,28,6400,25100,0011010011,211,0
62,29,6400,25100,0011010011,211,0
62,30,6400,25100,0011010011,211,0
62,31,6400,25100,0011010010,210,0
62,32,6400,25100,0011010011,211,0
62,33,6400,25100,0011010001,209,0
62,34,6400,25100,0011010011,211,0
62,35,6400,25100,0011010011,211,0
62,36,6400,25100,0011010011,211,0
62,37,6400,25100,0011010100,212,0
62,38,6400,25100,0011010100,212,0
62,39,6400,25100,0011010011,211,0
62,40,6400,25100,0011010011,211,0
62,41,6400,25100,0011010111,215,0
62,42,6400,25100,0011010111,215,0
62,43,6400,25100,0011010011,211,0
62,44,6400,25100,0011011001,217,0
62,45,6400,25100,0011010101,213,0
62,46,6400,25100,0011010101,213,0
62,47,6400,25100,0011010011,211,0
62,48,6400,25100,0011010011,211,0
62,49,6400,25100,0011010101,213,0
63,0,6500,25000,0011010111,215,0
63,1,6500,25000,0011011000,216,0
63,2,6500,25000,0011010110,214,0
63,3,6500,25000,0011010111,215,0
63,4,6500,25000,0011010111,215,0
63,5,6500,25000,0011010110,214,0
63,6,6500,25000,0011010101,213,0
63,7,6500,25000,0011010111,215,0
63,8,6500,25000,0011010110,214,0
63,9,6500,25000,0011010110,214,0
63,10,6500,25000,0011010110,214,0
63,11,6500,25000,0011010110,214,0
63,12,6500,25000,0011010110,214,0
63,13,6500,25000,0011010111,215,0
63,14,6500,25000,0011010110,214,0
63,15,6500,25000,0011010111,215,0
63,16,6500,25000,0011011101,221,0
63,17,6500,25000,0011011001,217,0
63,18,6500,25000,0011010111,215,0
63,19,6500,25000,0011011001,217,0
63,20,6500,25000,0011011001,217,0
63,21,6500,25000,0011010111,215,0
63,22,6500,25000,0011010111,215,0
63,23,6500,25000,0011010111,215,0
63,24,6500,25000,0011011000,216,0
63,25,6500,25000,0011010111,215,0
63,26,6500,25000,0011010111,215,0
63,27,6500,25000,0011010101,213,0
63,28,6500,25000,0011010110,214,0
63,29,6500,25000,0011010101,213,0
63,30,6500,25000,0011010111,215,0
63,31,6500,25000,0011010110,214,0
63,32,6500,25000,0011010100,212,0
63,33,6500,25000,0011010101,213,0
63,34,6500,25000,0011010111,215,0
63,35,6500,25000,0011010110,214,0
63,36,6500,25000,0011010110,214,0
63,37,6500,25000,0011010111,215,0
63,38,6500,25000,0011010110,214,0
63,39,6500,25000,0011010110,214,0
63,40,6500,25000,0011010111,215,0
63,41,6500,25000,0011010111,215,0
63,42,6500,25000,0011010110,214,0
63,43,6500,25000,0011011001,217,0
63,44,6500,25000,0011011001,217,0
63,45,6500,25000,0011010111,215,0
63,46,6500,25000,0011010111,215,0
63,47,6500,25000,0011011100,220,0
63,48,6500,25000,0011011100,220,0
63,49,6500,25000,0011011000,216,0
64,0,6600,24900,0011011000,216,0
64,1,6600,24900,0011011010,218,0
64,2,6600,24900,0011011010,218,0
64,3,6600,24900,0011011000,216,0
64,4,6600,24900,0011011000,216,0
64,5,6600,24900,0011011001,217,0
64,6,6600,24900,0011011010,218,0
64,7,6600,24900,0011011000,216,0
64,8,6600,24900,0011011001,217,0
64,9,6600,24900,0011011010,218,0
64,10,6600,24900,0011011010,218,0
64,11,6600,24900,0011011001,217,0
64,12,6600,24900,0011011100,220,0
64,13,6600,24900,0011100000,224,0
64,14,6600,24900,0011011010,218,0
64,15,6600,24900,0011011010,218,0
64,16,6600,24900,0011011011,219,0
64,17,6600,24900,0011011011,219,0
64,18,6600,24900,0011011001,217,0
64,19,6600,24900,0011011010,218,0
64,20,6600,24900,0011011001,217,0
64,21,6600,24900,0011011001,217,0
64,22,6600,24900,0011011000,216,0
64,23,6600,24900,0011011010,218,0
64,24,6600,24900,0011011001,217,0
64,25,6600,24900,0011011010,218,0
64,26,6600,24900,0011011001,217,0
64,27,6600,24900,0011011001,217,0
64,28,6600,24900,0011011001,217,0
64,29,6600,24900,0011011100,220,0
64,30,6600,24900,0011011011,219,0
64,31,6600,24900,0011011010,218,0
64,32,6600,24900,0011011110,222,0
64,33,6600,24900,0011011011,219,0
64,34,6600,24900,0011100000,224,0
64,35,6600,24900,0011011011,219,0
64,36,6600,24900,0011011010,218,0
64,37,6600,24900,0011011100,220,0
64,38,6600,24900,0011011011,219,0
64,39,6600,24900,0011011010,218,0
64,40,6600,24900,0011011010,218,0
64,41,6600,24900,0011011000,216,0
64,42,6600,24900,0011011010,218,0
64,43,6600,24900,0011011010,218,0
64,44,6600,24900,0011011010,218,0
64,45,6600,24900,0011011010,218,0
64,46,6600,24900,0011011010,218,0
64,47,6600,24900,0011011010,218,0
64,48,6600,24900,0011011100,220,0
64,49,6600,24900,0011011010,218,0
65,0,6700,24800,0011011011,219,0
65,1,6700,24800,0011011100,220,0
65,2,6700,24800,0011011101,221,0
65,3,6700,24800,0011011101,221,0
65,4,6700,24800,0011100000,224,0
65,5,6700,24800,0011011101,221,0
65,6,6700,24800,0011011101,221,0
65,7,6700,24800,0011011110,222,0
65,8,6700,24800,0011011101,221,0
65,9,6700,24800,0011011101,221,0
65,10,6700,24800,0011100000,224,0
65,11,6700,24800,0011100000,224,0
65,12,6700,24800,0011100000,224,0
65,13,6700,24800,0011011101,221,0
65,14,6700,24800,0011011111,223,0
65,15,6700,24800,0011011100,220,0
65,16,6700,24800,0011011110,222,0
65,17,6700,24800,0011011101,221,0
65,18,6700,24800,0011011100,220,0
65,19,6700,24800,0011011100,220,0
65,20,6700,24800,0011011101,221,0
65,21,6700,24800,0011011110,222,0
65,22,6700,24800,0011011101,221,0
65,23,6700,24800,0011011100,220,0
65,24,6700,24800,0011011110,222,0
65,25,6700,24800,0011011101,221,0
65,26,6700,24800,0011011101,221,0
65,27,6700,24800,0011011101,221,0
65,28,6700,24800,0011011110,222,0
65,29,6700,24800,0011011101,221,0
65,30,6700,24800,0011011110,222,0
65,31,6700,24800,0011011101,221,0
65,32,6700,24800,0011011111,223,0
65,33,6700,24800,0011011111,223,0
65,34,6700,24800,0011011101,221,0
65,35,6700,24800,0011100000,224,0
65,36,6700,24800,0011100000,224,0
65,37,6700,24800,0011011101,221,0
65,38,6700,24800,0011011101,221,0
65,39,6700,24800,0011100001,225,0
65,40,6700,24800,0011100001,225,0
65,41,6700,24800,0011100001,225,0
65,42,6700,24800,0011011111,223,0
65,43,6700,24800,0011011110,222,0
65,44,6700,24800,0011011111,223,0
65,45,6700,24800,0011011110,222,0
65,46,6700,24800,0011011110,222,0
65,47,6700,24800,0011011111,223,0
65,48,6700,24800,0011011101,221,0
65,49,6700,24800,0011011101,221,0
66,0,6800,24700,0011011111,223,0
66,1,6800,24700,0011011111,223,0
66,2,6800,24700,0011100000,224,0
66,3,6800,24700,0011011111,223,0
66,4,6800,24700,0011011111,223,0
66,5,6800,24700,0011100000,224,0
66,6,6800,24700,0011100000,224,0
66,7,6800,24700,0011100000,224,0
66,8,6800,24700,0011100000,224,0
66,9,6800,24700,0011100000,224,0
66,10,6800,24700,0011100000,224,0
66,11,6800,24700,0011100000,224,0
66,12,6800,24700,0011100000,224,0
66,13,6800,24700,0011100000,224,0
66,14,6800,24700,0011100000,224,0
66,15,6800,24700,0011100000,224,0
66,16,6800,24700,0011100010,226,0
66,17,6800,24700,0011100000,224,0
66,18,6800,24700,0011100000,224,0
66,19,6800,24700,0011100000,224,0
66,20,6800,24700,0011100000,224,0
66,21,6800,24700,0011100000,224,0
66,22,6800,24700,0011100000,224,0
66,23,6800,24700,0011100000,224,0
66,24,6800,24700,0011011111,223,0
66,25,6800,24700,0011100000,224,0
66,26,6800,24700,0011100000,224,0
66,27,6800,24700,0011100000,224,0
66,28,6800,24700,0011100000,224,0
66,29,6800,24700,0011100000,224,0
66,30,6800,24700,0011100000,224,0
66,31,6800,24700,0011100000,224,0
66,32,6800,24700,0011100000,224,0
66,33,6800,24700,0011100001,225,0
66,34,6800,24700,0011100000,224,0
66,35,6800,24700,0011100011,227,0
66,36,6800,24700,0011100000,224,0
66,37,6800,24700,0011100000,224,0
66,38,6800,24700,0011100000,224,0
66,39,6800,24700,0011100000,224,0
66,40,6800,24700,0011100000,224,0
66,41,6800,24700,0011100000,224,0
66,42,6800,24700,0011011111,223,0
66,43,6800,24700,0011011111,223,0
66,44,6800,24700,0011100000,224,0
66,45,6800,24700,0011100000,224,0
66,46,6800,24700,0011011110,222,0
66,47,6800,24700,0011100000,224,0
66,48,6800,24700,0011100000,224,0
66,49,6800,24700,0011100000,224,0
67,0,6900,24600,0011100001,225,0
67,1,6900,24600,0011100001,225,0
67,2,6900,24600,0011100011,227,0
67,3,6900,24600,0011100001,225,0
67,4,6900,24600,0011100001,225,0
67,5,6900,24600,0011100010,226,0
67,6,6900,24600,0011100001,225,0
67,7,6900,24600,0011100001,225,0
67,8,6900,24600,0011100000,224,0
67,9,6900,24600,0011100000,224,0
67,10,6900,24600,0011100000,224,0
67,11,6900,24600,0011100001,225,0
67,12,6900,24600,0011100001,225,0
67,13,6900,24600,0011100000,224,0
67,14,6900,24600,0011100000,224,0
67,15,6900,24600,0011100000,224,0
67,16,6900,24600,0011100001,225,0
67,17,6900,24600,0011100001,225,0
67,18,6900,24600,0011100001,225,0
67,19,6900,24600,0011100000,224,0
67,20,6900,24600,0011100000,224,0
67,21,6900,24600,0011100000,224,0
67,22,6900,24600,0011100001,225,0
67,23,6900,24600,0011100000,224,0
67,24,6900,24600,0011100000,224,0
67,25,6900,24600,0011100001,225,0
67,26,6900,24600,0011100001,225,0
67,27,6900,24600,0011100001,225,0
67,28,6900,24600,0011100001,225,0
67,29,6900,24600,0011100001,225,0
67,30,6900,24600,0011100001,225,0
67,31,6900,24600,0011100011,227,0
67,32,6900,24600,0011100011,227,0
67,33,6900,24600,0011100001,225,0
67,34,6900,24600,0011100110,230,0
67,35,6900,24600,0011100010,226,0
67,36,6900,24600,0011100011,227,0
67,37,6900,24600,0011100001,225,0
67,38,6900,24600,0011100001,225,0
67,39,6900,24600,0011100011,227,0
67,40,6900,24600,0011100001,225,0
67,41,6900,24600,0011100000,224,0
67,42,6900,24600,0011100001,225,0
67,43,6900,24600,0011100000,224,0
67,44,6900,24600,0011100000,224,0
67,45,6900,24600,0011100000,224,0
67,46,6900,24600,0011100000,224,0
67,47,6900,24600,0011100001,225,0
67,48,6900,24600,0011100000,224,0
67,49,6900,24600,0011100000,224,0
68,0,7000,24500,0011100110,230,0
68,1,7000,24500,0011100101,229,0
68,2,7000,24500,0011100101,229,0
68,3,7000,24500,0011100101,229,0
68,4,7000,24500,0011100101,229,0
68,5,7000,24500,0011100010,226,0
68,6,7000,24500,0011100011,227,0
68,7,7000,24500,0011100100,228,0
68,8,7000,24500,0011100100,228,0
68,9,7000,24500,0011100100,228,0
68,10,7000,24500,0011100100,228,0
68,11,7000,24500,0011100100,228,0
68,12,7000,24500,0011100011,227,0
68,13,7000,24500,0011100100,228,0
68,14,7000,24500,0011100100,228,0
68,15,7000,24500,0011100100,228,0
68,16,7000,24500,0011100100,228,0
68,17,7000,24500,0011100100,228,0
68,18,7000,24500,0011100100,228,0
68,19,7000,24500,0011100101,229,0
68,20,7000,24500,0011100100,228,0
68,21,7000,24500,0011100110,230,0
68,22,7000,24500,0011100110,230,0
68,23,7000,24500,0011100101,229,0
68,24,7000,24500,0011100100,228,0
68,25,7000,24500,0011100100,228,0
68,26,7000,24500,0011100100,228,0
68,27,7000,24500,0011100011,227,0
68,28,7000,24500,0011100100,228,0
68,29,7000,24500,0011100010,226,0
68,30,7000,24500,0011100100,228,0
68,31,7000,24500,0011100100,228,0
68,32,7000,24500,0011100100,228,0
68,33,7000,24500,0011100100,228,0
68,34,7000,24500,0011100100,228,0
68,35,7000,24500,0011100100,228,0
68,36,7000,24500,0011100110,230,0
68,37,7000,24500,0011101000,232,0
68,38,7000,24500,0011101010,234,0
68,39,7000,24500,0011100110,230,0
68,40,7000,24500,0011100110,230,0
68,41,7000,24500,0011100101,229,0
68,42,7000,24500,0011100101,229,0
68,43,7000,24500,0011100011,227,0
68,44,7000,24500,0011100100,228,0
68,45,7000,24500,0011100100,228,0
68,46,7000,24500,0011100011,227,0
68,47,7000,24500,0011100011,227,0
68,48,7000,24500,0011100011,227,0
68,49,7000,24500,0011100100,228,0
69,0,7100,24400,0011100110,230,0
69,1,7100,24400,0011100110,230,0
69,2,7100,24400,0011100110,230,0
69,3,7100,24400,0011100111,231,0
69,4,7100,24400,0011100111,231,0
69,5,7100,24400,0011100111,231,0
69,6,7100,24400,0011100111,231,0
69,7,7100,24400,0011101101,237,0
69,8,7100,24400,0011101000,232,0
69,9,7100,24400,0011101000,232,0
69,10,7100,24400,0011101010,234,0
69,11,7100,24400,0011101000,232,0
69,12,7100,24400,0011101001,233,0
69,13,7100,24400,0011101001,233,0
69,14,7100,24400,0011101000,232,0
69,15,7100,24400,0011100111,231,0
69,16,7100,24400,0011100111,231,0
69,17,7100,24400,0011101000,232,0
69,18,7100,24400,0011100111,231,0
69,19,7100,24400,0011101000,232,0
69,20,7100,24400,0011100110,230,0
69,21,7100,24400,0011100111,231,0
69,22,7100,24400,0011100111,231,0
69,23,7100,24400,0011100111,231,0
69,24,7100,24400,0011101000,232,0
69,25,7100,24400,0011101000,232,0
69,26,7100,24400,0011101011,235,0
69,27,7100,24400,0011101000,232,0
69,28,7100,24400,0011101001,233,0
69,29,7100,24400,0011101000,232,0
69,30,7100,24400,0011101001,233,0
69,31,7100,24400,0011101000,232,0
69,32,7100,24400,0011101000,232,0
69,33,7100,24400,0011100110,230,0
69,34,7100,24400,0011101000,232,0
69,35,7100,24400,0011100110,230,0
69,36,7100,24400,0011100111,231,0
69,37,7100,24400,0011100111,231,0
69,38,7100,24400,0011100110,230,0
69,39,7100,24400,0011100111,231,0
69,40,7100,24400,0011100111,231,0
69,41,7100,24400,0011101000,232,0
69,42,7100,24400,0011100111,231,0
69,43,7100,24400,0011101010,234,0
69,44,7100,24400,0011101000,232,0
69,45,7100,24400,0011101100,236,0
69,46,7100,24400,0011101001,233,0
69,47,7100,24400,0011101001,233,0
69,48,7100,24400,0011101000,232,0
69,49,7100,24400,0011100111,231,0
70,0,7200,24300,0011101011,235,0
70,1,7200,24300,0011101010,234,0
70,2,7200,24300,0011101010,234,0
70,3,7200,24300,0011101011,235,0
70,4,7200,24300,0011101011,235,0
70,5,7200,24300,0011101011,235,0
70,6,7200,24300,0011101011,235,0
70,7,7200,24300,0011101101,237,0
70,8,7200,24300,0011101101,237,0
70,9,7200,24300,0011101011,235,0
70,10,7200,24300,0011110001,241,0
70,11,7200,24300,0011110001,241,0
70,12,7200,24300,0011101100,236,0
70,13,7200,24300,0011101100,236,0
70,14,7200,24300,0011101011,235,0
70,15,7200,24300,0011101101,237,0
70,16,7200,24300,0011101011,235,0
70,17,7200,24300,0011101100,236,0
70,18,7200,24300,0011101101,237,0
70,19,7200,24300,0011101100,236,0
70,20,7200,24300,0011101100,236,0
70,21,7200,24300,0011101010,234,0
70,22,7200,24300,0011101010,234,0
70,23,7200,24300,0011101011,235,0
70,24,7200,24300,0011101010,234,0
70,25,7200,24300,0011101011,235,0
70,26,7200,24300,0011101011,235,0
70,27,7200,24300,0011101011,235,0
70,28,7200,24300,0011101011,235,0
70,29,7200,24300,0011101011,235,0
70,30,7200,24300,0011101010,234,0
70,31,7200,24300,0011101011,235,0
70,32,7200,24300,0011101011,235,0
70,33,7200,24300,0011101011,235,0
70,34,7200,24300,0011101010,234,0
70,35,7200,24300,0011101011,235,0
70,36,7200,24300,0011101111,239,0
70,37,7200,24300,0011101100,236,0
70,38,7200,24300,0011110001,241,0
70,39,7200,24300,0011101011,235,0
70,40,7200,24300,0011101101,237,0
70,41,7200,24300,0011101101,237,0
70,42,7200,24300,0011101100,236,0
70,43,7200,24300,0011101100,236,0
70,44,7200,24300,0011101100,236,0
70,45,7200,24300,0011101100,236,0
70,46,7200,24300,0011101011,235,0
70,47,7200,24300,0011101010,234,0
70,48,7200,24300,0011101011,235,0
70,49,7200,24300,0011101011,235,0
71,0,7300,24200,0011110000,240,0
71,1,7300,24200,0011101111,239,0
71,2,7300,24200,0011110000,240,0
71,3,7300,24200,0011110000,240,0
71,4,7300,24200,0011101111,239,0
71,5,7300,24200,0011101101,237,0
71,6,7300,24200,0011101101,237,0
71,7,7300,24200,0011101101,237,0
71,8,7300,24200,0011101100,236,0
71,9,7300,24200,0011101101,237,0
71,10,7300,24200,0011101110,238,0
71,11,7300,24200,0011101110,238,0
71,12,7300,24200,0011101110,238,0
71,13,7300,24200,0011101110,238,0
71,14,7300,24200,0011101111,239,0
71,15,7300,24200,0011101101,237,0
71,16,7300,24200,0011101110,238,0
71,17,7300,24200,0011101110,238,0
71,18,7300,24200,0011101101,237,0
71,19,7300,24200,0011101101,237,0
71,20,7300,24200,0011101111,239,0
71,21,7300,24200,0011101111,239,0
71,22,7300,24200,0011101111,239,0
71,23,7300,24200,0011101111,239,0
71,24,7300,24200,0011101111,239,0
71,25,7300,24200,0011101110,238,0
71,26,7300,24200,0011101110,238,0
71,27,7300,24200,0011101110,238,0
71,28,7300,24200,0011110010,242,0
71,29,7300,24200,0011101111,239,0
71,30,7300,24200,0011110101,245,0
71,31,7300,24200,0011110101,245,0
71,32,7300,24200,0011110001,241,0
71,33,7300,24200,0011110000,240,0
71,34,7300,24200,0011110000,240,0
71,35,7300,24200,0011101111,239,0
71,36,7300,24200,0011110010,242,0
71,37,7300,24200,0011110001,241,0
71,38,7300,24200,0011101111,239,0
71,39,7300,24200,0011110001,241,0
71,40,7300,24200,0011101111,239,0
71,41,7300,24200,0011101111,239,0
71,42,7300,24200,0011101110,238,0
71,43,7300,24200,0011101111,239,0
71,44,7300,24200,0011101111,239,0
71,45,7300,24200,0011101111,239,0
71,46,7300,24200,0011101111,239,0
71,47,7300,24200,0011101111,239,0
71,48,7300,24200,0011101111,239,0
71,49,7300,24200,0011101110,238,0
72,0,7400,24100,0011111001,249,0
72,1,7400,24100,0011110011,243,0
72,2,7400,24100,0011110011,243,0
72,3,7400,24100,0011110101,245,0
72,4,7400,24100,0011110101,245,0
72,5,7400,24100,0011110011,243,0
72,6,7400,24100,0011110100,244,0
72,7,7400,24100,0011110011,243,0
72,8,7400,24100,0011110011,243,0
72,9,7400,24100,0011110100,244,0
72,10,7400,24100,0011110011,243,0
72,11,7400,24100,0011110011,243,0
72,12,7400,24100,0011110100,244,0
72,13,7400,24100,0011110100,244,0
72,14,7400,24100,0011110011,243,0
72,15,7400,24100,0011110011,243,0
72,16,7400,24100,0011110010,242,0
72,17,7400,24100,0011110011,243,0
72,18,7400,24100,0011110001,241,0
72,19,7400,24100,0011110011,243,0
72,20,7400,24100,0011110010,242,0
72,21,7400,24100,0011110001,241,0
72,22,7400,24100,0011110001,241,0
72,23,7400,24100,0011110001,241,0
72,24,7400,24100,0011110010,242,0
72,25,7400,24100,0011110011,243,0
72,26,7400,24100,0011110011,243,0
72,27,7400,24100,0011110011,243,0
72,28,7400,24100,0011110011,243,0
72,29,7400,24100,0011110011,243,0
72,30,7400,24100,0011110011,243,0
72,31,7400,24100,0011110011,243,0
72,32,7400,24100,0011110101,245,0
72,33,7400,24100,0011110101,245,0
72,34,7400,24100,0011110011,243,0
72,35,7400,24100,0011110011,243,0
72,36,7400,24100,0011111000,248,0
72,37,7400,24100,0011110100,244,0
72,38,7400,24100,0011110100,244,0
72,39,7400,24100,0011110011,243,0
72,40,7400,24100,0011110011,243,0
72,41,7400,24100,0011110011,243,0
72,42,7400,24100,0011110101,245,0
72,43,7400,24100,0011110101,245,0
72,44,7400,24100,0011110011,243,0
72,45,7400,24100,0011110101,245,0
72,46,7400,24100,0011110100,244,0
72,47,7400,24100,0011110011,243,0
72,48,7400,24100,0011110011,243,0
72,49,7400,24100,0011110011,243,0
73,0,7500,24000,0011110110,246,0
73,1,7500,24000,0011111011,251,0
73,2,7500,24000,0011110111,247,0
73,3,7500,24000,0011111101,253,0
73,4,7500,24000,0011111100,252,0
73,5,7500,24000,0011111001,249,0
73,6,7500,24000,0011110110,246,0
73,7,7500,24000,0011110110,246,0
73,8,7500,24000,0011111001,249,0
73,9,7500,24000,0011111000,248,0
73,10,7500,24000,0011110111,247,0
73,11,7500,24000,0011110111,247,0
73,12,7500,24000,0011110111,247,0
73,13,7500,24000,0011110111,247,0
73,14,7500,24000,0011111000,248,0
73,15,7500,24000,0011110111,247,0
73,16,7500,24000,0011110111,247,0
73,17,7500,24000,0011110111,247,0
73,18,7500,24000,0011110101,245,0
73,19,7500,24000,0011110101,245,0
73,20,7500,24000,0011110101,245,0
73,21,7500,24000,0011110110,246,0
73,22,7500,24000,0011110111,247,0
73,23,7500,24000,0011110100,244,0
73,24,7500,24000,0011110110,246,0
73,25,7500,24000,0011110110,246,0
73,26,7500,24000,0011110110,246,0
73,27,7500,24000,0011110110,246,0
73,28,7500,24000,0011110100,244,0
73,29,7500,24000,0011110100,244,0
73,30,7500,24000,0011110110,246,0
73,31,7500,24000,0011110110,246,0
73,32,7500,24000,0011110110,246,0
73,33,7500,24000,0011110110,246,0
73,34,7500,24000,0011110111,247,0
73,35,7500,24000,0011110111,247,0
73,36,7500,24000,0011110111,247,0
73,37,7500,24000,0011110111,247,0
73,38,7500,24000,0011110110,246,0
73,39,7500,24000,0011110111,247,0
73,40,7500,24000,0011110111,247,0
73,41,7500,24000,0011110111,247,0
73,42,7500,24000,0011110110,246,0
73,43,7500,24000,0011111001,249,0
73,44,7500,24000,0011110111,247,0
73,45,7500,24000,0011110111,247,0
73,46,7500,24000,0011110111,247,0
73,47,7500,24000,0011110111,247,0
73,48,7500,24000,0011110111,247,0
73,49,7500,24000,0011111100,252,0
74,0,7600,23900,0011111010,250,0
74,1,7600,23900,0011111010,250,0
74,2,7600,23900,0011111010,250,0
74,3,7600,23900,0011111011,251,0
74,4,7600,23900,0011111010,250,0
74,5,7600,23900,0011111100,252,0
74,6,7600,23900,0011111100,252,0
74,7,7600,23900,0011111010,250,0
74,8,7600,23900,0011111111,255,0
74,9,7600,23900,0011111010,250,0
74,10,7600,23900,0011111010,250,0
74,11,7600,23900,0011111001,249,0
74,12,7600,23900,0011111001,249,0
74,13,7600,23900,0011111100,252,0
74,14,7600,23900,0011111100,252,0
74,15,7600,23900,0011111010,250,0
74,16,7600,23900,0011111010,250,0
74,17,7600,23900,0011111100,252,0
74,18,7600,23900,0011111100,252,0
74,19,7600,23900,0011111010,250,0
74,20,7600,23900,0011111011,251,0
74,21,7600,23900,0011111010,250,0
74,22,7600,23900,0011111011,251,0
74,23,7600,23900,0011111010,250,0
74,24,7600,23900,0011111001,249,0
74,25,7600,23900,0011111010,250,0
74,26,7600,23900,0011111010,250,0
74,27,7600,23900,0011111001,249,0
74,28,7600,23900,0011111000,248,0
74,29,7600,23900,0011111010,250,0
74,30,7600,23900,0011111010,250,0
74,31,7600,23900,0011111000,248,0
74,32,7600,23900,0011111000,248,0
74,33,7600,23900,0011111010,250,0
74,34,7600,23900,0011111010,250,0
74,35,7600,23900,0011111001,249,0
74,36,7600,23900,0011111010,250,0
74,37,7600,23900,0011111001,249,0
74,38,7600,23900,0011111001,249,0
74,39,7600,23900,0011111010,250,0
74,40,7600,23900,0011111001,249,0
74,41,7600,23900,0011111011,251,0
74,42,7600,23900,0011111010,250,0
74,43,7600,23900,0011111110,254,0
74,44,7600,23900,0011111110,254,0
74,45,7600,23900,0011111110,254,0
74,46,7600,23900,0011111110,254,0
74,47,7600,23900,0011111011,251,0
74,48,7600,23900,0011111011,251,0
74,49,7600,23900,0011111011,251,0
75,0,7700,23800,0011111110,254,0
75,1,7700,23800,0011111110,254,0
75,2,7700,23800,0011111100,252,0
75,3,7700,23800,0011111011,251,0
75,4,7700,23800,0011111101,253,0
75,5,7700,23800,0011111101,253,0
75,6,7700,23800,0011111101,253,0
75,7,7700,23800,0011111110,254,0
75,8,7700,23800,0011111100,252,0
75,9,7700,23800,0011111101,253,0
75,10,7700,23800,0011111101,253,0
75,11,7700,23800,0011111100,252,0
75,12,7700,23800,0011111101,253,0
75,13,7700,23800,0011111101,253,0
75,14,7700,23800,0011111101,253,0
75,15,7700,23800,0011111110,254,0
75,16,7700,23800,0011111110,254,0
75,17,7700,23800,0011111101,253,0
75,18,7700,23800,0011111101,253,0
75,19,7700,23800,0100000000,256,0
75,20,7700,23800,0100000000,256,0
75,21,7700,23800,0100000000,256,0
75,22,7700,23800,0011111101,253,0
75,23,7700,23800,0011111100,252,0
75,24,7700,23800,0011111100,252,0
75,25,7700,23800,0100000011,259,0
75,26,7700,23800,0100000011,259,0
75,27,7700,23800,0011111101,253,0
75,28,7700,23800,0011111101,253,0
75,29,7700,23800,0011111101,253,0
75,30,7700,23800,0011111101,253,0
75,31,7700,23800,0011111101,253,0
75,32,7700,23800,0011111101,253,0
75,33,7700,23800,0100000000,256,0
75,34,7700,23800,0011111101,253,0
75,35,7700,23800,0011111111,255,0
75,36,7700,23800,0011111111,255,0
75,37,7700,23800,0011111111,255,0
75,38,7700,23800,0100000000,256,0
75,39,7700,23800,0011111110,254,0
75,40,7700,23800,0011111101,253,0
75,41,7700,23800,0011111100,252,0
75,42,7700,23800,0011111101,253,0
75,43,7700,23800,0011111100,252,0
75,44,7700,23800,0011111101,253,0
75,45,7700,23800,0011111101,253,0
75,46,7700,23800,0011111011,251,0
75,47,7700,23800,0011111011,251,0
75,48,7700,23800,0011111101,253,0
75,49,7700,23800,0011111101,253,0
76,0,7800,23700,0100000000,256,0
76,1,7800,23700,0100000001,257,0
76,2,7800,23700,0100000000,256,0
76,3,7800,23700,0100000011,259,0
76,4,7800,23700,0100000000,256,0
76,5,7800,23700,0011111111,255,0
76,6,7800,23700,0100000000,256,0
76,7,7800,23700,0100000010,258,0
76,8,7800,23700,0100000000,256,0
76,9,7800,23700,0100000000,256,0
76,10,7800,23700,0100000001,257,0
76,11,7800,23700,0100000001,257,0
76,12,7800,23700,0100000000,256,0
76,13,7800,23700,0011111111,255,0
76,14,7800,23700,0100000000,256,0
76,15,7800,23700,0100000000,256,0
76,16,7800,23700,0100000000,256,0
76,17,7800,23700,0011111110,254,0
76,18,7800,23700,0100000000,256,0
76,19,7800,23700,0011111111,255,0
76,20,7800,23700,0100000000,256,0
76,21,7800,23700,0011111111,255,0
76,22,7800,23700,0100000000,256,0
76,23,7800,23700,0100000001,257,0
76,24,7800,23700,0100000000,256,0
76,25,7800,23700,0011111111,255,0
76,26,7800,23700,0100000010,258,0
76,27,7800,23700,0100000011,259,0
76,28,7800,23700,0100000011,259,0
76,29,7800,23700,0100000000,256,0
76,30,7800,23700,0100000100,260,0
76,31,7800,23700,0100000000,256,0
76,32,7800,23700,0100000000,256,0
76,33,7800,23700,0100000000,256,0
76,34,7800,23700,0011111111,255,0
76,35,7800,23700,0100000010,258,0
76,36,7800,23700,0100000010,258,0
76,37,7800,23700,0100000000,256,0
76,38,7800,23700,0100000001,257,0
76,39,7800,23700,0011111110,254,0
76,40,7800,23700,0100000000,256,0
76,41,7800,23700,0011111110,254,0
76,42,7800,23700,0011111110,254,0
76,43,7800,23700,0011111111,255,0
76,44,7800,23700,0100000000,256,0
76,45,7800,23700,0100000000,256,0
76,46,7800,23700,0011111110,254,0
76,47,7800,23700,0011111111,255,0
76,48,7800,23700,0100000000,256,0
76,49,7800,23700,0100000000,256,0
77,0,7900,23600,0100000011,259,0
77,1,7900,23600,0100000111,263,0
77,2,7900,23600,0100000111,263,0
77,3,7900,23600,0100000100,260,0
77,4,7900,23600,0100000011,259,0
77,5,7900,23600,0100000011,259,0
77,6,7900,23600,0100000001,257,0
77,7,7900,23600,0100000010,258,0
77,8,7900,23600,0100000011,259,0
77,9,7900,23600,0100000001,257,0
77,10,7900,23600,0100000011,259,0
77,11,7900,23600,0100000001,257,0
77,12,7900,23600,0100000010,258,0
77,13,7900,23600,0100000011,259,0
77,14,7900,23600,0100000011,259,0
77,15,7900,23600,0100000010,258,0
77,16,7900,23600,0100000010,258,0
77,17,7900,23600,0100000101,261,0
77,18,7900,23600,0100000011,259,0
77,19,7900,23600,0100000111,263,0
77,20,7900,23600,0100000100,260,0
77,21,7900,23600,0100000010,258,0
77,22,7900,23600,0100000101,261,0
77,23,7900,23600,0100000100,260,0
77,24,7900,23600,0100000010,258,0
77,25,7900,23600,0100000011,259,0
77,26,7900,23600,0100000010,258,0
77,27,7900,23600,0100000001,257,0
77,28,7900,23600,0100000010,258,0
77,29,7900,23600,0100000010,258,0
77,30,7900,23600,0100000100,260,0
77,31,7900,23600,0100000110,262,0
77,32,7900,23600,0100000011,259,0
77,33,7900,23600,0100000010,258,0
77,34,7900,23600,0100000100,260,0
77,35,7900,23600,0100000100,260,0
77,36,7900,23600,0100000011,259,0
77,37,7900,23600,0100000011,259,0
77,38,7900,23600,0100000011,259,0
77,39,7900,23600,0100000001,257,0
77,40,7900,23600,0100000001,257,0
77,41,7900,23600,0100000010,258,0
77,42,7900,23600,0100000010,258,0
77,43,7900,23600,0100000011,259,0
77,44,7900,23600,0100000011,259,0
77,45,7900,23600,0100000001,257,0
77,46,7900,23600,0100000001,257,0
77,47,7900,23600,0100000001,257,0
77,48,7900,23600,0100000010,258,0
77,49,7900,23600,0100000010,258,0
78,0,8000,23500,0100000100,260,0
78,1,8000,23500,0100000110,262,0
78,2,8000,23500,0100000100,260,0
78,3,8000,23500,0100000110,262,0
78,4,8000,23500,0100000110,262,0
78,5,8000,23500,0100000110,262,0
78,6,8000,23500,0100001000,264,0
78,7,8000,23500,0100000110,262,0
78,8,8000,23500,0100001011,267,0
78,9,8000,23500,0100000110,262,0
78,10,8000,23500,0100001000,264,0
78,11,8000,23500,0100000110,262,0
78,12,8000,23500,0100000110,262,0
78,13,8000,23500,0100000110,262,0
78,14,8000,23500,0100000110,262,0
78,15,8000,23500,0100000110,262,0
78,16,8000,23500,0100000110,262,0
78,17,8000,23500,0100000101,261,0
78,18,8000,23500,0100000100,260,0
78,19,8000,23500,0100000101,261,0
78,20,8000,23500,0100000101,261,0
78,21,8000,23500,0100000110,262,0
78,22,8000,23500,0100000110,262,0
78,23,8000,23500,0100000110,262,0
78,24,8000,23500,0100000111,263,0
78,25,8000,23500,0100000110,262,0
78,26,8000,23500,0100000111,263,0
78,27,8000,23500,0100001011,267,0
78,28,8000,23500,0100000111,263,0
78,29,8000,23500,0100001000,264,0
78,30,8000,23500,0100000110,262,0
78,31,8000,23500,0100000110,262,0
78,32,8000,23500,0100000110,262,0
78,33,8000,23500,0100000110,262,0
78,34,8000,23500,0100000110,262,0
78,35,8000,23500,0011111111,255,0
78,36,8000,23500,0100000110,262,0
78,37,8000,23500,0100000110,262,0
78,38,8000,23500,0100000100,260,0
78,39,8000,23500,0100000110,262,0
78,40,8000,23500,0100000110,262,0
78,41,8000,23500,0100001000,264,0
78,42,8000,23500,0100000110,262,0
78,43,8000,23500,0100001011,267,0
78,44,8000,23500,0100000111,263,0
78,45,8000,23500,0100000111,263,0
78,46,8000,23500,0100000110,262,0
78,47,8000,23500,0100000110,262,0
78,48,8000,23500,0100001000,264,0
78,49,8000,23500,0100000110,262,0
