step,sample,cs1_code,cs2_code,adc_raw,adc_value,sot
0,0,0,31500,0000001100,12,0
0,1,0,31500,0000000111,7,0
0,2,0,31500,0000000110,6,0
0,3,0,31500,0000000110,6,0
0,4,0,31500,0000000110,6,0
0,5,0,31500,0000000100,4,0
0,6,0,31500,0000000011,3,0
0,7,0,31500,0000000110,6,0
0,8,0,31500,0000000111,7,0
0,9,0,31500,0000000100,4,0
0,10,0,31500,0000000100,4,0
0,11,0,31500,0000000110,6,0
0,12,0,31500,0000000101,5,0
0,13,0,31500,0000000101,5,0
0,14,0,31500,0000000101,5,0
0,15,0,31500,0000000100,4,0
0,16,0,31500,0000000100,4,0
0,17,0,31500,0000000011,3,0
0,18,0,31500,0000000100,4,0
0,19,0,31500,0000000100,4,0
0,20,0,31500,0000000100,4,0
0,21,0,31500,0000000011,3,0
0,22,0,31500,0000000010,2,0
0,23,0,31500,0000000011,3,0
0,24,0,31500,0000000011,3,0
0,25,0,31500,0000000011,3,0
0,26,0,31500,0000000001,1,0
0,27,0,31500,0000000011,3,0
0,28,0,31500,0000000011,3,0
0,29,0,31500,0000000001,1,0
0,30,0,31500,0000000011,3,0
0,31,0,31500,0000000011,3,0
0,32,0,31500,0000000011,3,0
0,33,0,31500,0000000011,3,0
0,34,0,31500,0000000011,3,0
0,35,0,31500,0000000011,3,0
0,36,0,31500,0000000100,4,0
0,37,0,31500,0000000011,3,0
0,38,0,31500,0000000011,3,0
0,39,0,31500,0000000011,3,0
0,40,0,31500,0000000111,7,0
0,41,0,31500,0000000111,7,0
0,42,0,31500,0000000111,7,0
0,43,0,31500,0000000100,4,0
0,44,0,31500,0000000100,4,0
0,45,0,31500,0000000100,4,0
0,46,0,31500,0000000011,3,0
0,47,0,31500,0000000100,4,0
0,48,0,31500,0000001011,11,0
0,49,0,31500,0000001011,11,0
1,0,100,31400,0000001101,13,0
1,1,100,31400,0000001101,13,0
1,2,100,31400,0000001000,8,0
1,3,100,31400,0000001000,8,0
1,4,100,31400,0000001111,15,0
1,5,100,31400,0000001111,15,0
1,6,100,31400,0000001111,15,0
1,7,100,31400,0000001010,10,0
1,8,100,31400,0000000111,7,0
1,9,100,31400,0000000111,7,0
1,10,100,31400,0000001010,10,0
1,11,100,31400,0000001000,8,0
1,12,100,31400,0000001000,8,0
1,13,100,31400,0000001000,8,0
1,14,100,31400,0000001000,8,0
1,15,100,31400,0000001000,8,0
1,16,100,31400,0000000111,7,0
1,17,100,31400,0000001000,8,0
1,18,100,31400,0000000111,7,0
1,19,100,31400,0000000111,7,0
1,20,100,31400,0000001000,8,0
1,21,100,31400,0000000111,7,0
1,22,100,31400,0000000100,4,0
1,23,100,31400,0000000111,7,0
1,24,100,31400,0000000111,7,0
1,25,100,31400,0000000100,4,0
1,26,100,31400,0000000110,6,0
1,27,100,31400,0000000110,6,0
1,28,100,31400,0000000111,7,0
1,29,100,31400,0000000111,7,0
1,30,100,31400,0000000111,7,0
1,31,100,31400,0000000111,7,0
1,32,100,31400,0000000111,7,0
1,33,100,31400,0000001010,10,0
1,34,100,31400,0000001010,10,0
1,35,100,31400,0000001000,8,0
1,36,100,31400,0000000111,7,0
1,37,100,31400,0000000111,7,0
1,38,100,31400,0000001111,15,0
1,39,100,31400,0000001001,9,0
1,40,100,31400,0000001000,8,0
1,41,100,31400,0000001001,9,0
1,42,100,31400,0000000111,7,0
1,43,100,31400,0000000111,7,0
1,44,100,31400,0000000111,7,0
1,45,100,31400,0000001010,10,0
1,46,100,31400,0000001010,10,0
1,47,100,31400,0000000111,7,0
1,48,100,31400,0000000111,7,0
1,49,100,31400,0000001010,10,0
2,0,200,31300,0000001100,12,0
2,1,200,31300,0000001101,13,0
2,2,200,31300,0000001011,11,0
2,3,200,31300,0000001010,10,0
2,4,200,31300,0000001010,10,0
2,5,200,31300,0000001011,11,0
2,6,200,31300,0000001110,14,0
2,7,200,31300,0000001110,14,0
2,8,200,31300,0000001011,11,0
2,9,200,31300,0000001011,11,0
2,10,200,31300,0000001100,12,0
2,11,200,31300,0000001100,12,0
2,12,200,31300,0000001011,11,0
2,13,200,31300,0000001011,11,0
2,14,200,31300,0000001010,10,0
2,15,200,31300,0000001010,10,0
2,16,200,31300,0000001010,10,0
2,17,200,31300,0000001010,10,0
2,18,200,31300,0000001000,8,0
2,19,200,31300,0000001010,10,0
2,20,200,31300,0000001010,10,0
2,21,200,31300,0000001010,10,0
2,22,200,31300,0000001010,10,0
2,23,200,31300,0000001010,10,0
2,24,200,31300,0000001010,10,0
2,25,200,31300,0000000111,7,0
2,26,200,31300,0000000111,7,0
2,27,200,31300,0000001001,9,0
2,28,200,31300,0000001010,10,0
2,29,200,31300,0000001010,10,0
2,30,200,31300,0000001010,10,0
2,31,200,31300,0000001010,10,0
2,32,200,31300,0000001010,10,0
2,33,200,31300,0000001011,11,0
2,34,200,31300,0000001010,10,0
2,35,200,31300,0000001010,10,0
2,36,200,31300,0000001110,14,0
2,37,200,31300,0000001101,13,0
2,38,200,31300,0000001101,13,0
2,39,200,31300,0000001011,11,0
2,40,200,31300,0000001011,11,0
2,41,200,31300,0000001100,12,0
2,42,200,31300,0000001100,12,0
2,43,200,31300,0000001011,11,0
2,44,200,31300,0000001010,10,0
2,45,200,31300,0000001011,11,0
2,46,200,31300,0000001010,10,0
2,47,200,31300,0000001101,13,0
2,48,200,31300,0000001101,13,0
2,49,200,31300,0000001011,11,0
3,0,300,31200,0000001110,14,0
3,1,300,31200,0000001110,14,0
3,2,300,31200,0000001110,14,0
3,3,300,31200,0000001110,14,0
3,4,300,31200,0000010010,18,0
3,5,300,31200,0000001110,14,0
3,6,300,31200,0000001111,15,0
3,7,300,31200,0000001111,15,0
3,8,300,31200,0000001110,14,0
3,9,300,31200,0000001110,14,0
3,10,300,31200,0000001101,13,0
3,11,300,31200,0000001110,14,0
3,12,300,31200,0000001110,14,0
3,13,300,31200,0000001011,11,0
3,14,300,31200,0000001101,13,0
3,15,300,31200,0000001011,11,0
3,16,300,31200,0000001011,11,0
3,17,300,31200,0000001101,13,0
3,18,300,31200,0000001110,14,0
3,19,300,31200,0000001111,15,0
3,20,300,31200,0000001110,14,0
3,21,300,31200,0000001101,13,0
3,22,300,31200,0000010010,18,0
3,23,300,31200,0000010010,18,0
3,24,300,31200,0000001111,15,0
3,25,300,31200,0000010111,23,0
3,26,300,31200,0000010111,23,0
3,27,300,31200,0000001111,15,0
3,28,300,31200,0000001110,14,0
3,29,300,31200,0000001110,14,0
3,30,300,31200,0000001110,14,0
3,31,300,31200,0000010001,17,0
3,32,300,31200,0000001111,15,0
3,33,300,31200,0000010001,17,0
3,34,300,31200,0000010001,17,0
3,35,300,31200,0000001110,14,0
3,36,300,31200,0000001111,15,0
3,37,300,31200,0000001101,13,0
3,38,300,31200,0000001110,14,0
3,39,300,31200,0000001110,14,0
3,40,300,31200,0000001110,14,0
3,41,300,31200,0000001100,12,0
3,42,300,31200,0000001100,12,0
3,43,300,31200,0000001101,13,0
3,44,300,31200,0000001011,11,0
3,45,300,31200,0000001101,13,0
3,46,300,31200,0000001100,12,0
3,47,300,31200,0000001100,12,0
3,48,300,31200,0000001101,13,0
3,49,300,31200,0000001110,14,0
4,0,400,31100,0000001111,15,0
4,1,400,31100,0000010010,18,0
4,2,400,31100,0000010010,18,0
4,3,400,31100,0000001110,14,0
4,4,400,31100,0000010010,18,0
4,5,400,31100,0000010001,17,0
4,6,400,31100,0000010010,18,0
4,7,400,31100,0000010010,18,0
4,8,400,31100,0000010010,18,0
4,9,400,31100,0000010010,18,0
4,10,400,31100,0000010010,18,0
4,11,400,31100,0000010101,21,0
4,12,400,31100,0000010101,21,0
4,13,400,31100,0000010011,19,0
4,14,400,31100,0000011010,26,0
4,15,400,31100,0000011010,26,0
4,16,400,31100,0000010100,20,0
4,17,400,31100,0000010010,18,0
4,18,400,31100,0000010100,20,0
4,19,400,31100,0000010101,21,0
4,20,400,31100,0000010010,18,0
4,21,400,31100,0000010011,19,0
4,22,400,31100,0000010101,21,0
4,23,400,31100,0000010101,21,0
4,24,400,31100,0000010011,19,0
4,25,400,31100,0000010011,19,0
4,26,400,31100,0000010010,18,0
4,27,400,31100,0000010001,17,0
4,28,400,31100,0000010001,17,0
4,29,400,31100,0000010001,17,0
4,30,400,31100,0000010010,18,0
4,31,400,31100,0000010010,18,0
4,32,400,31100,0000010001,17,0
4,33,400,31100,0000010010,18,0
4,34,400,31100,0000001111,15,0
4,35,400,31100,0000010010,18,0
4,36,400,31100,0000010010,18,0
4,37,400,31100,0000001110,14,0
4,38,400,31100,0000010001,17,0
4,39,400,31100,0000001111,15,0
4,40,400,31100,0000001111,15,0
4,41,400,31100,0000010001,17,0
4,42,400,31100,0000010010,18,0
4,43,400,31100,0000010011,19,0
4,44,400,31100,0000010011,19,0
4,45,400,31100,0000010010,18,0
4,46,400,31100,0000010010,18,0
4,47,400,31100,0000010111,23,0
4,48,400,31100,0000011000,24,0
4,49,400,31100,0000011000,24,0
5,0,500,31000,0000011110,30,0
5,1,500,31000,0000011000,24,0
5,2,500,31000,0000010101,21,0
5,3,500,31000,0000010101,21,0
5,4,500,31000,0000010101,21,0
5,5,500,31000,0000010101,21,0
5,6,500,31000,0000011000,24,0
5,7,500,31000,0000010110,22,0
5,8,500,31000,0000010110,22,0
5,9,500,31000,0000011000,24,0
5,10,500,31000,0000010110,22,0
5,11,500,31000,0000010110,22,0
5,12,500,31000,0000010101,21,0
5,13,500,31000,0000010110,22,0
5,14,500,31000,0000010110,22,0
5,15,500,31000,0000010110,22,0
5,16,500,31000,0000010101,21,0
5,17,500,31000,0000010011,19,0
5,18,500,31000,0000010101,21,0
5,19,500,31000,0000010101,21,0
5,20,500,31000,0000010010,18,0
5,21,500,31000,0000010101,21,0
5,22,500,31000,0000010100,20,0
5,23,500,31000,0000010110,22,0
5,24,500,31000,0000010101,21,0
5,25,500,31000,0000010110,22,0
5,26,500,31000,0000010101,21,0
5,27,500,31000,0000010111,23,0
5,28,500,31000,0000010111,23,0
5,29,500,31000,0000010110,22,0
5,30,500,31000,0000010101,21,0
5,31,500,31000,0000010101,21,0
5,32,500,31000,0000010101,21,0
5,33,500,31000,0000011011,27,0
5,34,500,31000,0000010111,23,0
5,35,500,31000,0000011111,31,0
5,36,500,31000,0000011111,31,0
5,37,500,31000,0000011111,31,0
5,38,500,31000,0000011001,25,0
5,39,500,31000,0000010110,22,0
5,40,500,31000,0000010110,22,0
5,41,500,31000,0000010110,22,0
5,42,500,31000,0000011001,25,0
5,43,500,31000,0000010110,22,0
5,44,500,31000,0000010111,23,0
5,45,500,31000,0000011111,31,0
5,46,500,31000,0000010110,22,0
5,47,500,31000,0000010110,22,0
5,48,500,31000,0000010110,22,0
5,49,500,31000,0000010110,22,0
6,0,600,30900,0000011010,26,0
6,1,600,30900,0000011000,24,0
6,2,600,30900,0000011000,24,0
6,3,600,30900,0000011000,24,0
6,4,600,30900,0000011001,25,0
6,5,600,30900,0000011001,25,0
6,6,600,30900,0000011001,25,0
6,7,600,30900,0000011001,25,0
6,8,600,30900,0000011000,24,0
6,9,600,30900,0000011001,25,0
6,10,600,30900,0000011001,25,0
6,11,600,30900,0000011000,24,0
6,12,600,30900,0000011000,24,0
6,13,600,30900,0000011001,25,0
6,14,600,30900,0000011001,25,0
6,15,600,30900,0000010110,22,0
6,16,600,30900,0000011001,25,0
6,17,600,30900,0000011000,24,0
6,18,600,30900,0000010111,23,0
6,19,600,30900,0000011000,24,0
6,20,600,30900,0000011000,24,0
6,21,600,30900,0000011001,25,0
6,22,600,30900,0000011001,25,0
6,23,600,30900,0000011010,26,0
6,24,600,30900,0000011000,24,0
6,25,600,30900,0000011110,30,0
6,26,600,30900,0000011010,26,0
6,27,600,30900,0000011011,27,0
6,28,600,30900,0000100000,32,0
6,29,600,30900,0000100000,32,0
6,30,600,30900,0000100000,32,0
6,31,600,30900,0000100000,32,0
6,32,600,30900,0000100000,32,0
6,33,600,30900,0000011010,26,0
6,34,600,30900,0000011010,26,0
6,35,600,30900,0000011001,25,0
6,36,600,30900,0000011100,28,0
6,37,600,30900,0000011001,25,0
6,38,600,30900,0000011001,25,0
6,39,600,30900,0000011001,25,0
6,40,600,30900,0000011011,27,0
6,41,600,30900,0000011010,26,0
6,42,600,30900,0000011010,26,0
6,43,600,30900,0000011001,25,0
6,44,600,30900,0000011001,25,0
6,45,600,30900,0000011001,25,0
6,46,600,30900,0000011001,25,0
6,47,600,30900,0000011000,24,0
6,48,600,30900,0000011000,24,0
6,49,600,30900,0000011001,25,0
7,0,700,30800,0000011001,25,0
7,1,700,30800,0000011100,28,0
7,2,700,30800,0000011100,28,0
7,3,700,30800,0000011011,27,0
7,4,700,30800,0000011011,27,0
7,5,700,30800,0000011011,27,0
7,6,700,30800,0000011100,28,0
7,7,700,30800,0000011100,28,0
7,8,700,30800,0000011100,28,0
7,9,700,30800,0000011100,28,0
7,10,700,30800,0000011110,30,0
7,11,700,30800,0000011110,30,0
7,12,700,30800,0000011100,28,0
7,13,700,30800,0000011100,28,0
7,14,700,30800,0000100000,32,0
7,15,700,30800,0000011100,28,0
7,16,700,30800,0000100100,36,0
7,17,700,30800,0000100011,35,0
7,18,700,30800,0000011101,29,0
7,19,700,30800,0000011100,28,0
7,20,700,30800,0000011101,29,0
7,21,700,30800,0000100000,32,0
7,22,700,30800,0000011100,28,0
7,23,700,30800,0000011100,28,0
7,24,700,30800,0000011101,29,0
7,25,700,30800,0000011100,28,0
7,26,700,30800,0000011100,28,0
7,27,700,30800,0000011100,28,0
7,28,700,30800,0000011100,28,0
7,29,700,30800,0000011100,28,0
7,30,700,30800,0000011101,29,0
7,31,700,30800,0000011100,28,0
7,32,700,30800,0000011010,26,0
7,33,700,30800,0000011010,26,0
7,34,700,30800,0000011100,28,0
7,35,700,30800,0000011100,28,0
7,36,700,30800,0000011100,28,0
7,37,700,30800,0000011001,25,0
7,38,700,30800,0000011001,25,0
7,39,700,30800,0000011100,28,0
7,40,700,30800,0000011100,28,0
7,41,700,30800,0000011100,28,0
7,42,700,30800,0000011100,28,0
7,43,700,30800,0000011101,29,0
7,44,700,30800,0000011101,29,0
7,45,700,30800,0000011100,28,0
7,46,700,30800,0000011111,31,0
7,47,700,30800,0000011111,31,0
7,48,700,30800,0000100000,32,0
7,49,700,30800,0000011100,28,0
8,0,800,30700,0000011111,31,0
8,1,800,30700,0000011111,31,0
8,2,800,30700,0000011110,30,0
8,3,800,30700,0000011111,31,0
8,4,800,30700,0000011111,31,0
8,5,800,30700,0000100100,36,0
8,6,800,30700,0000100100,36,0
8,7,800,30700,0000100011,35,0
8,8,800,30700,0000100100,36,0
8,9,800,30700,0000100000,32,0
8,10,800,30700,0000100101,37,0
8,11,800,30700,0000100000,32,0
8,12,800,30700,0000100000,32,0
8,13,800,30700,0000100000,32,0
8,14,800,30700,0000011110,30,0
8,15,800,30700,0000100000,32,0
8,16,800,30700,0000100001,33,0
8,17,800,30700,0000011111,31,0
8,18,800,30700,0000100000,32,0
8,19,800,30700,0000011111,31,0
8,20,800,30700,0000100000,32,0
8,21,800,30700,0000100000,32,0
8,22,800,30700,0000011111,31,0
8,23,800,30700,0000011111,31,0
8,24,800,30700,0000011111,31,0
8,25,800,30700,0000011111,31,0
8,26,800,30700,0000011111,31,0
8,27,800,30700,0000011111,31,0
8,28,800,30700,0000011111,31,0
8,29,800,30700,0000011111,31,0
8,30,800,30700,0000011111,31,0
8,31,800,30700,0000100000,32,0
8,32,800,30700,0000100000,32,0
8,33,800,30700,0000011111,31,0
8,34,800,30700,0000100000,32,0
8,35,800,30700,0000011111,31,0
8,36,800,30700,0000011110,30,0
8,37,800,30700,0000100000,32,0
8,38,800,30700,0000011111,31,0
8,39,800,30700,0000100000,32,0
8,40,800,30700,0000011111,31,0
8,41,800,30700,0000100000,32,0
8,42,800,30700,0000100000,32,0
8,43,800,30700,0000011101,29,0
8,44,800,30700,0000011101,29,0
8,45,800,30700,0000011100,28,0
8,46,800,30700,0000011110,30,0
8,47,800,30700,0000011111,31,0
8,48,800,30700,0000011111,31,0
8,49,800,30700,0000100000,32,0
9,0,900,30600,0000100000,32,0
9,1,900,30600,0000011111,31,0
9,2,900,30600,0000011111,31,0
9,3,900,30600,0000100000,32,0
9,4,900,30600,0000100000,32,0
9,5,900,30600,0000100011,35,0
9,6,900,30600,0000100000,32,0
9,7,900,30600,0000100111,39,0
9,8,900,30600,0000100010,34,0
9,9,900,30600,0000100000,32,0
9,10,900,30600,0000100010,34,0
9,11,900,30600,0000100000,32,0
9,12,900,30600,0000100000,32,0
9,13,900,30600,0000100000,32,0
9,14,900,30600,0000100000,32,0
9,15,900,30600,0000100000,32,0
9,16,900,30600,0000100000,32,0
9,17,900,30600,0000100000,32,0
9,18,900,30600,0000011111,31,0
9,19,900,30600,0000100001,33,0
9,20,900,30600,0000100000,32,0
9,21,900,30600,0000100000,32,0
9,22,900,30600,0000100001,33,0
9,23,900,30600,0000100001,33,0
9,24,900,30600,0000100101,37,0
9,25,900,30600,0000101000,40,0
9,26,900,30600,0000100010,34,0
9,27,900,30600,0000100011,35,0
9,28,900,30600,0000100010,34,0
9,29,900,30600,0000100000,32,0
9,30,900,30600,0000100000,32,0
9,31,900,30600,0000100001,33,0
9,32,900,30600,0000100000,32,0
9,33,900,30600,0000100000,32,0
9,34,900,30600,0000100000,32,0
9,35,900,30600,0000011111,31,0
9,36,900,30600,0000100000,32,0
9,37,900,30600,0000100000,32,0
9,38,900,30600,0000100000,32,0
9,39,900,30600,0000100001,33,0
9,40,900,30600,0000100000,32,0
9,41,900,30600,0000100111,39,0
9,42,900,30600,0000100001,33,0
9,43,900,30600,0000100000,32,0
9,44,900,30600,0000100010,34,0
9,45,900,30600,0000100000,32,0
9,46,900,30600,0000100011,35,0
9,47,900,30600,0000100000,32,0
9,48,900,30600,0000100000,32,0
9,49,900,30600,0000100000,32,0
10,0,1000,30500,0000100011,35,0
10,1,1000,30500,0000100100,36,0
10,2,1000,30500,0000101011,43,0
10,3,1000,30500,0000100101,37,0
10,4,1000,30500,0000100110,38,0
10,5,1000,30500,0000100100,36,0
10,6,1000,30500,0000100011,35,0
10,7,1000,30500,0000100011,35,0
10,8,1000,30500,0000100011,35,0
10,9,1000,30500,0000100001,33,0
10,10,1000,30500,0000100011,35,0
10,11,1000,30500,0000100010,34,0
10,12,1000,30500,0000100100,36,0
10,13,1000,30500,0000100011,35,0
10,14,1000,30500,0000100110,38,0
10,15,1000,30500,0000100011,35,0
10,16,1000,30500,0000100100,36,0
10,17,1000,30500,0000100011,35,0
10,18,1000,30500,0000100111,39,0
10,19,1000,30500,0000100101,37,0
10,20,1000,30500,0000100100,36,0
10,21,1000,30500,0000100010,34,0
10,22,1000,30500,0000100011,35,0
10,23,1000,30500,0000100011,35,0
10,24,1000,30500,0000100011,35,0
10,25,1000,30500,0000100000,32,0
10,26,1000,30500,0000100011,35,0
10,27,1000,30500,0000100001,33,0
10,28,1000,30500,0000100011,35,0
10,29,1000,30500,0000100011,35,0
10,30,1000,30500,0000100100,36,0
10,31,1000,30500,0000101000,40,0
10,32,1000,30500,0000100100,36,0
10,33,1000,30500,0000100101,37,0
10,34,1000,30500,0000100011,35,0
10,35,1000,30500,0000100100,36,0
10,36,1000,30500,0000100011,35,0
10,37,1000,30500,0000100100,36,0
10,38,1000,30500,0000100011,35,0
10,39,1000,30500,0000100001,33,0
10,40,1000,30500,0000100010,34,0
10,41,1000,30500,0000100000,32,0
10,42,1000,30500,0000100011,35,0
10,43,1000,30500,0000100011,35,0
10,44,1000,30500,0000100011,35,0
10,45,1000,30500,0000100011,35,0
10,46,1000,30500,0000101010,42,0
10,47,1000,30500,0000100100,36,0
10,48,1000,30500,0000100110,38,0
10,49,1000,30500,0000100110,38,0
11,0,1100,30400,0000101001,41,0
11,1,1100,30400,0000101110,46,0
11,2,1100,30400,0000101000,40,0
11,3,1100,30400,0000100110,38,0
11,4,1100,30400,0000101001,41,0
11,5,1100,30400,0000100110,38,0
11,6,1100,30400,0000101001,41,0
11,7,1100,30400,0000100111,39,0
11,8,1100,30400,0000100111,39,0
11,9,1100,30400,0000100110,38,0
11,10,1100,30400,0000100110,38,0
11,11,1100,30400,0000100100,36,0
11,12,1100,30400,0000100110,38,0
11,13,1100,30400,0000100101,37,0
11,14,1100,30400,0000100110,38,0
11,15,1100,30400,0000100110,38,0
11,16,1100,30400,0000100110,38,0
11,17,1100,30400,0000101100,44,0
11,18,1100,30400,0000101111,47,0
11,19,1100,30400,0000100111,39,0
11,20,1100,30400,0000100111,39,0
11,21,1100,30400,0000100111,39,0
11,22,1100,30400,0000101000,40,0
11,23,1100,30400,0000100111,39,0
11,24,1100,30400,0000100111,39,0
11,25,1100,30400,0000100110,38,0
11,26,1100,30400,0000100111,39,0
11,27,1100,30400,0000100101,37,0
11,28,1100,30400,0000100011,35,0
11,29,1100,30400,0000100111,39,0
11,30,1100,30400,0000100110,38,0
11,31,1100,30400,0000101010,42,0
11,32,1100,30400,0000101110,46,0
11,33,1100,30400,0000101000,40,0
11,34,1100,30400,0000100110,38,0
11,35,1100,30400,0000100110,38,0
11,36,1100,30400,0000101010,42,0
11,37,1100,30400,0000101010,42,0
11,38,1100,30400,0000100111,39,0
11,39,1100,30400,0000100110,38,0
11,40,1100,30400,0000100110,38,0
11,41,1100,30400,0000100111,39,0
11,42,1100,30400,0000100110,38,0
11,43,1100,30400,0000100111,39,0
11,44,1100,30400,0000100011,35,0
11,45,1100,30400,0000100101,37,0
11,46,1100,30400,0000100110,38,0
11,47,1100,30400,0000100110,38,0
11,48,1100,30400,0000101000,40,0
11,49,1100,30400,0000101100,44,0
12,0,1200,30300,0000101100,44,0
12,1,1200,30300,0000101010,42,0
12,2,1200,30300,0000101111,47,0
12,3,1200,30300,0000110011,51,0
12,4,1200,30300,0000101100,44,0
12,5,1200,30300,0000101100,44,0
12,6,1200,30300,0000101100,44,0
12,7,1200,30300,0000101010,42,0
12,8,1200,30300,0000101010,42,0
12,9,1200,30300,0000101010,42,0
12,10,1200,30300,0000100111,39,0
12,11,1200,30300,0000101010,42,0
12,12,1200,30300,0000101001,41,0
12,13,1200,30300,0000101010,42,0
12,14,1200,30300,0000101010,42,0
12,15,1200,30300,0000101100,44,0
12,16,1200,30300,0000101101,45,0
12,17,1200,30300,0000110010,50,0
12,18,1200,30300,0000101011,43,0
12,19,1200,30300,0000101100,44,0
12,20,1200,30300,0000101100,44,0
12,21,1200,30300,0000101011,43,0
12,22,1200,30300,0000101001,41,0
12,23,1200,30300,0000101010,42,0
12,24,1200,30300,0000101000,40,0
12,25,1200,30300,0000101010,42,0
12,26,1200,30300,0000100111,39,0
12,27,1200,30300,0000101010,42,0
12,28,1200,30300,0000101001,41,0
12,29,1200,30300,0000101001,41,0
12,30,1200,30300,0000101011,43,0
12,31,1200,30300,0000101011,43,0
12,32,1200,30300,0000101010,42,0
12,33,1200,30300,0000101011,43,0
12,34,1200,30300,0000110011,51,0
12,35,1200,30300,0000101100,44,0
12,36,1200,30300,0000101101,45,0
12,37,1200,30300,0000101011,43,0
12,38,1200,30300,0000101100,44,0
12,39,1200,30300,0000101011,43,0
12,40,1200,30300,0000101010,42,0
12,41,1200,30300,0000101001,41,0
12,42,1200,30300,0000100111,39,0
12,43,1200,30300,0000100111,39,0
12,44,1200,30300,0000101010,42,0
12,45,1200,30300,0000101010,42,0
12,46,1200,30300,0000101010,42,0
12,47,1200,30300,0000101010,42,0
12,48,1200,30300,0000101100,44,0
12,49,1200,30300,0000110010,50,0
13,0,1300,30200,0000101110,46,0
13,1,1300,30200,0000101110,46,0
13,2,1300,30200,0000101101,45,0
13,3,1300,30200,0000101011,43,0
13,4,1300,30200,0000101101,45,0
13,5,1300,30200,0000101101,45,0
13,6,1300,30200,0000101101,45,0
13,7,1300,30200,0000101101,45,0
13,8,1300,30200,0000110001,49,0
13,9,1300,30200,0000110110,54,0
13,10,1300,30200,0000101111,47,0
13,11,1300,30200,0000101110,46,0
13,12,1300,30200,0000101110,46,0
13,13,1300,30200,0000110001,49,0
13,14,1300,30200,0000101110,46,0
13,15,1300,30200,0000101110,46,0
13,16,1300,30200,0000101101,45,0
13,17,1300,30200,0000101101,45,0
13,18,1300,30200,0000101011,43,0
13,19,1300,30200,0000101100,44,0
13,20,1300,30200,0000101101,45,0
13,21,1300,30200,0000101101,45,0
13,22,1300,30200,0000101111,47,0
13,23,1300,30200,0000101110,46,0
13,24,1300,30200,0000110101,53,0
13,25,1300,30200,0000101110,46,0
13,26,1300,30200,0000110111,55,0
13,27,1300,30200,0000110001,49,0
13,28,1300,30200,0000110001,49,0
13,29,1300,30200,0000110001,49,0
13,30,1300,30200,0000101110,46,0
13,31,1300,30200,0000101101,45,0
13,32,1300,30200,0000110001,49,0
13,33,1300,30200,0000110001,49,0
13,34,1300,30200,0000101111,47,0
13,35,1300,30200,0000101110,46,0
13,36,1300,30200,0000101110,46,0
13,37,1300,30200,0000101101,45,0
13,38,1300,30200,0000101110,46,0
13,39,1300,30200,0000101101,45,0
13,40,1300,30200,0000101011,43,0
13,41,1300,30200,0000101100,44,0
13,42,1300,30200,0000101101,45,0
13,43,1300,30200,0000101110,46,0
13,44,1300,30200,0000101101,45,0
13,45,1300,30200,0000101110,46,0
13,46,1300,30200,0000101110,46,0
13,47,1300,30200,0000101111,47,0
13,48,1300,30200,0000101110,46,0
13,49,1300,30200,0000110001,49,0
14,0,1400,30100,0000110010,50,0
14,1,1400,30100,0000110000,48,0
14,2,1400,30100,0000101101,45,0
14,3,1400,30100,0000110001,49,0
14,4,1400,30100,0000110000,48,0
14,5,1400,30100,0000101111,47,0
14,6,1400,30100,0000101111,47,0
14,7,1400,30100,0000110001,49,0
14,8,1400,30100,0000110001,49,0
14,9,1400,30100,0000110010,50,0
14,10,1400,30100,0000110011,51,0
14,11,1400,30100,0000110111,55,0
14,12,1400,30100,0000110011,51,0
14,13,1400,30100,0000110100,52,0
14,14,1400,30100,0000110010,50,0
14,15,1400,30100,0000110011,51,0
14,16,1400,30100,0000110010,50,0
14,17,1400,30100,0000110100,52,0
14,18,1400,30100,0000110010,50,0
14,19,1400,30100,0000110010,50,0
14,20,1400,30100,0000110010,50,0
14,21,1400,30100,0000110010,50,0
14,22,1400,30100,0000101110,46,0
14,23,1400,30100,0000110001,49,0
14,24,1400,30100,0000110010,50,0
14,25,1400,30100,0000110100,52,0
14,26,1400,30100,0000110010,50,0
14,27,1400,30100,0000110010,50,0
14,28,1400,30100,0000110011,51,0
14,29,1400,30100,0000110001,49,0
14,30,1400,30100,0000110010,50,0
14,31,1400,30100,0000110101,53,0
14,32,1400,30100,0000110010,50,0
14,33,1400,30100,0000110010,50,0
14,34,1400,30100,0000110010,50,0
14,35,1400,30100,0000110010,50,0
14,36,1400,30100,0000110001,49,0
14,37,1400,30100,0000110010,50,0
14,38,1400,30100,0000101110,46,0
14,39,1400,30100,0000110001,49,0
14,40,1400,30100,0000110001,49,0
14,41,1400,30100,0000110001,49,0
14,42,1400,30100,0000110010,50,0
14,43,1400,30100,0000110111,55,0
14,44,1400,30100,0000111011,59,0
14,45,1400,30100,0000110100,52,0
14,46,1400,30100,0000110010,50,0
14,47,1400,30100,0000110010,50,0
14,48,1400,30100,0000110011,51,0
14,49,1400,30100,0000110011,51,0
15,0,1500,30000,0000110101,53,0
15,1,1500,30000,0000110010,50,0
15,2,1500,30000,0000110101,53,0
15,3,1500,30000,0000110101,53,0
15,4,1500,30000,0000110110,54,0
15,5,1500,30000,0000110110,54,0
15,6,1500,30000,0000110101,53,0
15,7,1500,30000,0000111001,57,0
15,8,1500,30000,0000111101,61,0
15,9,1500,30000,0000110111,55,0
15,10,1500,30000,0000110111,55,0
15,11,1500,30000,0000110101,53,0
15,12,1500,30000,0000110101,53,0
15,13,1500,30000,0000111001,57,0
15,14,1500,30000,0000111000,56,0
15,15,1500,30000,0000111000,56,0
15,16,1500,30000,0000110110,54,0
15,17,1500,30000,0000110101,53,0
15,18,1500,30000,0000110110,54,0
15,19,1500,30000,0000110101,53,0
15,20,1500,30000,0000111000,56,0
15,21,1500,30000,0000110110,54,0
15,22,1500,30000,0000110100,52,0
15,23,1500,30000,0000110101,53,0
15,24,1500,30000,0000110101,53,0
15,25,1500,30000,0000110011,51,0
15,26,1500,30000,0000110101,53,0
15,27,1500,30000,0000110101,53,0
15,28,1500,30000,0000110101,53,0
15,29,1500,30000,0000110101,53,0
15,30,1500,30000,0000110111,55,0
15,31,1500,30000,0000111011,59,0
15,32,1500,30000,0000110110,54,0
15,33,1500,30000,0000111110,62,0
15,34,1500,30000,0000110101,53,0
15,35,1500,30000,0000111000,56,0
15,36,1500,30000,0000110111,55,0
15,37,1500,30000,0000110101,53,0
15,38,1500,30000,0000110101,53,0
15,39,1500,30000,0000110101,53,0
15,40,1500,30000,0000110011,51,0
15,41,1500,30000,0000110011,51,0
15,42,1500,30000,0000110100,52,0
15,43,1500,30000,0000110010,50,0
15,44,1500,30000,0000110100,52,0
15,45,1500,30000,0000110101,53,0
15,46,1500,30000,0000110110,54,0
15,47,1500,30000,0000110100,52,0
15,48,1500,30000,0000111000,56,0
15,49,1500,30000,0000111001,57,0
16,0,1600,29900,0000111001,57,0
16,1,1600,29900,0000111000,56,0
16,2,1600,29900,0000111100,60,0
16,3,1600,29900,0000111001,57,0
16,4,1600,29900,0000111100,60,0
16,5,1600,29900,0000111010,58,0
16,6,1600,29900,0000111000,56,0
16,7,1600,29900,0000111000,56,0
16,8,1600,29900,0000110111,55,0
16,9,1600,29900,0000111001,57,0
16,10,1600,29900,0000111000,56,0
16,11,1600,29900,0000110111,55,0
16,12,1600,29900,0000111000,56,0
16,13,1600,29900,0000111010,58,0
16,14,1600,29900,0000111001,57,0
16,15,1600,29900,0000111001,57,0
16,16,1600,29900,0000111110,62,0
16,17,1600,29900,0000111010,58,0
16,18,1600,29900,0000111001,57,0
16,19,1600,29900,0000111001,57,0
16,20,1600,29900,0000111100,60,0
16,21,1600,29900,0000111010,58,0
16,22,1600,29900,0000111001,57,0
16,23,1600,29900,0000111001,57,0
16,24,1600,29900,0000111001,57,0
16,25,1600,29900,0000111010,58,0
16,26,1600,29900,0000111010,58,0
16,27,1600,29900,0000111001,57,0
16,28,1600,29900,0000111001,57,0
16,29,1600,29900,0000111001,57,0
16,30,1600,29900,0000111001,57,0
16,31,1600,29900,0000111001,57,0
16,32,1600,29900,0000111000,56,0
16,33,1600,29900,0000111000,56,0
16,34,1600,29900,0000111001,57,0
16,35,1600,29900,0000111001,57,0
16,36,1600,29900,0000110110,54,0
16,37,1600,29900,0000110111,55,0
16,38,1600,29900,0000111000,56,0
16,39,1600,29900,0000111000,56,0
16,40,1600,29900,0000111000,56,0
16,41,1600,29900,0000110101,53,0
16,42,1600,29900,0000110101,53,0
16,43,1600,29900,0000110110,54,0
16,44,1600,29900,0000111000,56,0
16,45,1600,29900,0000111000,56,0
16,46,1600,29900,0000111000,56,0
16,47,1600,29900,0000111000,56,0
16,48,1600,29900,0000111001,57,0
16,49,1600,29900,0000111001,57,0
17,0,1700,29800,0000111100,60,0
17,1,1700,29800,0000111010,58,0
17,2,1700,29800,0000111100,60,0
17,3,1700,29800,0000111011,59,0
17,4,1700,29800,0000111100,60,0
17,5,1700,29800,0000111101,61,0
17,6,1700,29800,0000111100,60,0
17,7,1700,29800,0001000000,64,0
17,8,1700,29800,0000111100,60,0
17,9,1700,29800,0000111100,60,0
17,10,1700,29800,0000111100,60,0
17,11,1700,29800,0000111100,60,0
17,12,1700,29800,0000111100,60,0
17,13,1700,29800,0001000011,67,0
17,14,1700,29800,0001000011,67,0
17,15,1700,29800,0000111101,61,0
17,16,1700,29800,0000111100,60,0
17,17,1700,29800,0000111100,60,0
17,18,1700,29800,0001000000,64,0
17,19,1700,29800,0001000000,64,0
17,20,1700,29800,0001000000,64,0
17,21,1700,29800,0000111100,60,0
17,22,1700,29800,0000111011,59,0
17,23,1700,29800,0000111110,62,0
17,24,1700,29800,0000111110,62,0
17,25,1700,29800,0000111101,61,0
17,26,1700,29800,0000111100,60,0
17,27,1700,29800,0000111100,60,0
17,28,1700,29800,0000111011,59,0
17,29,1700,29800,0000111001,57,0
17,30,1700,29800,0000111100,60,0
17,31,1700,29800,0000111100,60,0
17,32,1700,29800,0000111011,59,0
17,33,1700,29800,0000111100,60,0
17,34,1700,29800,0000111001,57,0
17,35,1700,29800,0000111001,57,0
17,36,1700,29800,0000111100,60,0
17,37,1700,29800,0000111011,59,0
17,38,1700,29800,0000111100,60,0
17,39,1700,29800,0000111101,61,0
17,40,1700,29800,0000111100,60,0
17,41,1700,29800,0000111100,60,0
17,42,1700,29800,0000111111,63,0
17,43,1700,29800,0000111100,60,0
17,44,1700,29800,0000111011,59,0
17,45,1700,29800,0001000011,67,0
17,46,1700,29800,0000111100,60,0
17,47,1700,29800,0000111101,61,0
17,48,1700,29800,0000111101,61,0
17,49,1700,29800,0000111100,60,0
18,0,1800,29700,0001000101,69,0
18,1,1800,29700,0001000000,64,0
18,2,1800,29700,0001000000,64,0
18,3,1800,29700,0000111111,63,0
18,4,1800,29700,0000111110,62,0
18,5,1800,29700,0001000001,65,0
18,6,1800,29700,0000111111,63,0
18,7,1800,29700,0001000000,64,0
18,8,1800,29700,0000111111,63,0
18,9,1800,29700,0000111111,63,0
18,10,1800,29700,0000111111,63,0
18,11,1800,29700,0000111111,63,0
18,12,1800,29700,0000111111,63,0
18,13,1800,29700,0000111111,63,0
18,14,1800,29700,0000111111,63,0
18,15,1800,29700,0000111110,62,0
18,16,1800,29700,0001000000,64,0
18,17,1800,29700,0000111100,60,0
18,18,1800,29700,0000111100,60,0
18,19,1800,29700,0000111100,60,0
18,20,1800,29700,0000111111,63,0
18,21,1800,29700,0001000000,64,0
18,22,1800,29700,0001000000,64,0
18,23,1800,29700,0000111100,60,0
18,24,1800,29700,0000111100,60,0
18,25,1800,29700,0000111111,63,0
18,26,1800,29700,0001000000,64,0
18,27,1800,29700,0000111111,63,0
18,28,1800,29700,0000111110,62,0
18,29,1800,29700,0000111111,63,0
18,30,1800,29700,0001000000,64,0
18,31,1800,29700,0000111111,63,0
18,32,1800,29700,0000111111,63,0
18,33,1800,29700,0001000110,70,0
18,34,1800,29700,0001000000,64,0
18,35,1800,29700,0000111110,62,0
18,36,1800,29700,0000111111,63,0
18,37,1800,29700,0000111110,62,0
18,38,1800,29700,0001000001,65,0
18,39,1800,29700,0001000001,65,0
18,40,1800,29700,0000111111,63,0
18,41,1800,29700,0000111110,62,0
18,42,1800,29700,0000111111,63,0
18,43,1800,29700,0001000000,64,0
18,44,1800,29700,0001000000,64,0
18,45,1800,29700,0000111111,63,0
18,46,1800,29700,0000111110,62,0
18,47,1800,29700,0001000000,64,0
18,48,1800,29700,0000111111,63,0
18,49,1800,29700,0000111100,60,0
19,0,1900,29600,0001000000,64,0
19,1,1900,29600,0001000001,65,0
19,2,1900,29600,0001000000,64,0
19,3,1900,29600,0001000000,64,0
19,4,1900,29600,0001000000,64,0
19,5,1900,29600,0001000000,64,0
19,6,1900,29600,0001000000,64,0
19,7,1900,29600,0001000000,64,0
19,8,1900,29600,0001000000,64,0
19,9,1900,29600,0001000011,67,0
19,10,1900,29600,0001000000,64,0
19,11,1900,29600,0001000001,65,0
19,12,1900,29600,0001000000,64,0
19,13,1900,29600,0001000000,64,0
19,14,1900,29600,0001000111,71,0
19,15,1900,29600,0001000111,71,0
19,16,1900,29600,0001000111,71,0
19,17,1900,29600,0001000111,71,0
19,18,1900,29600,0001000010,66,0
19,19,1900,29600,0001000000,64,0
19,20,1900,29600,0001000000,64,0
19,21,1900,29600,0001000011,67,0
19,22,1900,29600,0001000010,66,0
19,23,1900,29600,0001000001,65,0
19,24,1900,29600,0001000000,64,0
19,25,1900,29600,0001000011,67,0
19,26,1900,29600,0001000001,65,0
19,27,1900,29600,0001000000,64,0
19,28,1900,29600,0001000000,64,0
19,29,1900,29600,0001000001,65,0
19,30,1900,29600,0001000000,64,0
19,31,1900,29600,0001000000,64,0
19,32,1900,29600,0001000001,65,0
19,33,1900,29600,0001000000,64,0
19,34,1900,29600,0001000000,64,0
19,35,1900,29600,0001000000,64,0
19,36,1900,29600,0001000000,64,0
19,37,1900,29600,0001000000,64,0
19,38,1900,29600,0000111111,63,0
19,39,1900,29600,0000111111,63,0
19,40,1900,29600,0001000000,64,0
19,41,1900,29600,0001000000,64,0
19,42,1900,29600,0001000000,64,0
19,43,1900,29600,0001000000,64,0
19,44,1900,29600,0001000000,64,0
19,45,1900,29600,0001000000,64,0
19,46,1900,29600,0001000001,65,0
19,47,1900,29600,0001000000,64,0
19,48,1900,29600,0001000001,65,0
19,49,1900,29600,0001000000,64,0
20,0,2000,29500,0001000110,70,0
20,1,2000,29500,0001000111,71,0
20,2,2000,29500,0001000110,70,0
20,3,2000,29500,0001000100,68,0
20,4,2000,29500,0001000011,67,0
20,5,2000,29500,0001000100,68,0
20,6,2000,29500,0001000011,67,0
20,7,2000,29500,0001000011,67,0
20,8,2000,29500,0001000011,67,0
20,9,2000,29500,0001000011,67,0
20,10,2000,29500,0001000100,68,0
20,11,2000,29500,0001000001,65,0
20,12,2000,29500,0001000001,65,0
20,13,2000,29500,0001000001,65,0
20,14,2000,29500,0001000000,64,0
20,15,2000,29500,0001000100,68,0
20,16,2000,29500,0001000010,66,0
20,17,2000,29500,0001000011,67,0
20,18,2000,29500,0001000011,67,0
20,19,2000,29500,0001000011,67,0
20,20,2000,29500,0001000011,67,0
20,21,2000,29500,0001000011,67,0
20,22,2000,29500,0001000011,67,0
20,23,2000,29500,0001001000,72,0
20,24,2000,29500,0001000100,68,0
20,25,2000,29500,0001000100,68,0
20,26,2000,29500,0001001011,75,0
20,27,2000,29500,0001000101,69,0
20,28,2000,29500,0001000110,70,0
20,29,2000,29500,0001000100,68,0
20,30,2000,29500,0001000011,67,0
20,31,2000,29500,0001000110,70,0
20,32,2000,29500,0001000100,68,0
20,33,2000,29500,0001000100,68,0
20,34,2000,29500,0001000101,69,0
20,35,2000,29500,0001000101,69,0
20,36,2000,29500,0001000100,68,0
20,37,2000,29500,0001000011,67,0
20,38,2000,29500,0001000100,68,0
20,39,2000,29500,0001000011,67,0
20,40,2000,29500,0001000011,67,0
20,41,2000,29500,0001000011,67,0
20,42,2000,29500,0001000011,67,0
20,43,2000,29500,0001000001,65,0
20,44,2000,29500,0001000011,67,0
20,45,2000,29500,0001000001,65,0
20,46,2000,29500,0001000001,65,0
20,47,2000,29500,0001000011,67,0
20,48,2000,29500,0001000011,67,0
20,49,2000,29500,0001000011,67,0
21,0,2100,29400,0001000110,70,0
21,1,2100,29400,0001000111,71,0
21,2,2100,29400,0001000111,71,0
21,3,2100,29400,0001000110,70,0
21,4,2100,29400,0001000111,71,0
21,5,2100,29400,0001000111,71,0
21,6,2100,29400,0001001000,72,0
21,7,2100,29400,0001000111,71,0
21,8,2100,29400,0001001100,76,0
21,9,2100,29400,0001001100,76,0
21,10,2100,29400,0001001000,72,0
21,11,2100,29400,0001001000,72,0
21,12,2100,29400,0001001000,72,0
21,13,2100,29400,0001001111,79,0
21,14,2100,29400,0001001111,79,0
21,15,2100,29400,0001001111,79,0
21,16,2100,29400,0001001001,73,0
21,17,2100,29400,0001000111,71,0
21,18,2100,29400,0001000111,71,0
21,19,2100,29400,0001001001,73,0
21,20,2100,29400,0001001010,74,0
21,21,2100,29400,0001001000,72,0
21,22,2100,29400,0001000111,71,0
21,23,2100,29400,0001000111,71,0
21,24,2100,29400,0001000111,71,0
21,25,2100,29400,0001001000,72,0
21,26,2100,29400,0001001000,72,0
21,27,2100,29400,0001000111,71,0
21,28,2100,29400,0001000111,71,0
21,29,2100,29400,0001000111,71,0
21,30,2100,29400,0001000111,71,0
21,31,2100,29400,0001000111,71,0
21,32,2100,29400,0001000111,71,0
21,33,2100,29400,0001000111,71,0
21,34,2100,29400,0001000111,71,0
21,35,2100,29400,0001000101,69,0
21,36,2100,29400,0001000101,69,0
21,37,2100,29400,0001000101,69,0
21,38,2100,29400,0001000101,69,0
21,39,2100,29400,0001000101,69,0
21,40,2100,29400,0001000111,71,0
21,41,2100,29400,0001000111,71,0
21,42,2100,29400,0001000101,69,0
21,43,2100,29400,0001000100,68,0
21,44,2100,29400,0001000111,71,0
21,45,2100,29400,0001000111,71,0
21,46,2100,29400,0001000111,71,0
21,47,2100,29400,0001000111,71,0
21,48,2100,29400,0001000111,71,0
21,49,2100,29400,0001001001,73,0
22,0,2200,29300,0001001011,75,0
22,1,2200,29300,0001001110,78,0
22,2,2200,29300,0001001101,77,0
22,3,2200,29300,0001001101,77,0
22,4,2200,29300,0001001011,75,0
22,5,2200,29300,0001001100,76,0
22,6,2200,29300,0001001011,75,0
22,7,2200,29300,0001001011,75,0
22,8,2200,29300,0001001010,74,0
22,9,2200,29300,0001001010,74,0
22,10,2200,29300,0001001010,74,0
22,11,2200,29300,0001001010,74,0
22,12,2200,29300,0001001010,74,0
22,13,2200,29300,0001001011,75,0
22,14,2200,29300,0001001000,72,0
22,15,2200,29300,0001001000,72,0
22,16,2200,29300,0001001001,73,0
22,17,2200,29300,0001001010,74,0
22,18,2200,29300,0001000111,71,0
22,19,2200,29300,0001000111,71,0
22,20,2200,29300,0001001010,74,0
22,21,2200,29300,0001001010,74,0
22,22,2200,29300,0001001010,74,0
22,23,2200,29300,0001001011,75,0
22,24,2200,29300,0001001011,75,0
22,25,2200,29300,0001001011,75,0
22,26,2200,29300,0001001010,74,0
22,27,2200,29300,0001001010,74,0
22,28,2200,29300,0001001101,77,0
22,29,2200,29300,0001001110,78,0
22,30,2200,29300,0001001101,77,0
22,31,2200,29300,0001001011,75,0
22,32,2200,29300,0001010011,83,0
22,33,2200,29300,0001001100,76,0
22,34,2200,29300,0001001010,74,0
22,35,2200,29300,0001001101,77,0
22,36,2200,29300,0001001101,77,0
22,37,2200,29300,0001001101,77,0
22,38,2200,29300,0001001101,77,0
22,39,2200,29300,0001001011,75,0
22,40,2200,29300,0001001101,77,0
22,41,2200,29300,0001001010,74,0
22,42,2200,29300,0001001010,74,0
22,43,2200,29300,0001001001,73,0
22,44,2200,29300,0001001010,74,0
22,45,2200,29300,0001001011,75,0
22,46,2200,29300,0001001011,75,0
22,47,2200,29300,0001001001,73,0
22,48,2200,29300,0001001010,74,0
22,49,2200,29300,0001001001,73,0
23,0,2300,29200,0001001111,79,0
23,1,2300,29200,0001001110,78,0
23,2,2300,29200,0001001110,78,0
23,3,2300,29200,0001001110,78,0
23,4,2300,29200,0001001110,78,0
23,5,2300,29200,0001001110,78,0
23,6,2300,29200,0001001110,78,0
23,7,2300,29200,0001001110,78,0
23,8,2300,29200,0001001110,78,0
23,9,2300,29200,0001001100,76,0
23,10,2300,29200,0001001100,76,0
23,11,2300,29200,0001001100,76,0
23,12,2300,29200,0001001110,78,0
23,13,2300,29200,0001001011,75,0
23,14,2300,29200,0001001011,75,0
23,15,2300,29200,0001001011,75,0
23,16,2300,29200,0001001101,77,0
23,17,2300,29200,0001001110,78,0
23,18,2300,29200,0001001110,78,0
23,19,2300,29200,0001001110,78,0
23,20,2300,29200,0001001111,79,0
23,21,2300,29200,0001001111,79,0
23,22,2300,29200,0001010010,82,0
23,23,2300,29200,0001001110,78,0
23,24,2300,29200,0001001110,78,0
23,25,2300,29200,0001010110,86,0
23,26,2300,29200,0001010001,81,0
23,27,2300,29200,0001001110,78,0
23,28,2300,29200,0001001110,78,0
23,29,2300,29200,0001010010,82,0
23,30,2300,29200,0001001110,78,0
23,31,2300,29200,0001010001,81,0
23,32,2300,29200,0001010001,81,0
23,33,2300,29200,0001010010,82,0
23,34,2300,29200,0001010010,82,0
23,35,2300,29200,0001001111,79,0
23,36,2300,29200,0001001101,77,0
23,37,2300,29200,0001001101,77,0
23,38,2300,29200,0001001110,78,0
23,39,2300,29200,0001001110,78,0
23,40,2300,29200,0001001110,78,0
23,41,2300,29200,0001001110,78,0
23,42,2300,29200,0001001110,78,0
23,43,2300,29200,0001001110,78,0
23,44,2300,29200,0001001110,78,0
23,45,2300,29200,0001001111,79,0
23,46,2300,29200,0001001110,78,0
23,47,2300,29200,0001001110,78,0
23,48,2300,29200,0001001101,77,0
23,49,2300,29200,0001001111,79,0
24,0,2400,29100,0001010010,82,0
24,1,2400,29100,0001010010,82,0
24,2,2400,29100,0001010010,82,0
24,3,2400,29100,0001010010,82,0
24,4,2400,29100,0001010010,82,0
24,5,2400,29100,0001010010,82,0
24,6,2400,29100,0001010010,82,0
24,7,2400,29100,0001010010,82,0
24,8,2400,29100,0001010010,82,0
24,9,2400,29100,0001001111,79,0
24,10,2400,29100,0001001111,79,0
24,11,2400,29100,0001010010,82,0
24,12,2400,29100,0001010010,82,0
24,13,2400,29100,0001001110,78,0
24,14,2400,29100,0001001110,78,0
24,15,2400,29100,0001010011,83,0
24,16,2400,29100,0001010010,82,0
24,17,2400,29100,0001010010,82,0
24,18,2400,29100,0001010010,82,0
24,19,2400,29100,0001010010,82,0
24,20,2400,29100,0001010011,83,0
24,21,2400,29100,0001010011,83,0
24,22,2400,29100,0001010001,81,0
24,23,2400,29100,0001010010,82,0
24,24,2400,29100,0001010010,82,0
24,25,2400,29100,0001010101,85,0
24,26,2400,29100,0001010101,85,0
24,27,2400,29100,0001010011,83,0
24,28,2400,29100,0001011001,89,0
24,29,2400,29100,0001011010,90,0
24,30,2400,29100,0001011001,89,0
24,31,2400,29100,0001010011,83,0
24,32,2400,29100,0001010010,82,0
24,33,2400,29100,0001010010,82,0
24,34,2400,29100,0001010101,85,0
24,35,2400,29100,0001010010,82,0
24,36,2400,29100,0001010101,85,0
24,37,2400,29100,0001010101,85,0
24,38,2400,29100,0001010011,83,0
24,39,2400,29100,0001010011,83,0
24,40,2400,29100,0001010001,81,0
24,41,2400,29100,0001010011,83,0
24,42,2400,29100,0001010010,82,0
24,43,2400,29100,0001010011,83,0
24,44,2400,29100,0001010010,82,0
24,45,2400,29100,0001010010,82,0
24,46,2400,29100,0001010001,81,0
24,47,2400,29100,0001001111,79,0
24,48,2400,29100,0001010011,83,0
24,49,2400,29100,0001010010,82,0
25,0,2500,29000,0001010010,82,0
25,1,2500,29000,0001010101,85,0
25,2,2500,29000,0001010101,85,0
25,3,2500,29000,0001010110,86,0
25,4,2500,29000,0001010110,86,0
25,5,2500,29000,0001010110,86,0
25,6,2500,29000,0001010101,85,0
25,7,2500,29000,0001010110,86,0
25,8,2500,29000,0001011001,89,0
25,9,2500,29000,0001011000,88,0
25,10,2500,29000,0001011000,88,0
25,11,2500,29000,0001010110,86,0
25,12,2500,29000,0001010110,86,0
25,13,2500,29000,0001010110,86,0
25,14,2500,29000,0001011101,93,0
25,15,2500,29000,0001011101,93,0
25,16,2500,29000,0001011000,88,0
25,17,2500,29000,0001010101,85,0
25,18,2500,29000,0001011001,89,0
25,19,2500,29000,0001010110,86,0
25,20,2500,29000,0001010110,86,0
25,21,2500,29000,0001010110,86,0
25,22,2500,29000,0001011000,88,0
25,23,2500,29000,0001011000,88,0
25,24,2500,29000,0001010110,86,0
25,25,2500,29000,0001010101,85,0
25,26,2500,29000,0001010110,86,0
25,27,2500,29000,0001010101,85,0
25,28,2500,29000,0001010101,85,0
25,29,2500,29000,0001010110,86,0
25,30,2500,29000,0001010110,86,0
25,31,2500,29000,0001010110,86,0
25,32,2500,29000,0001010100,84,0
25,33,2500,29000,0001010101,85,0
25,34,2500,29000,0001010100,84,0
25,35,2500,29000,0001010110,86,0
25,36,2500,29000,0001010011,83,0
25,37,2500,29000,0001010011,83,0
25,38,2500,29000,0001010011,83,0
25,39,2500,29000,0001010101,85,0
25,40,2500,29000,0001010101,85,0
25,41,2500,29000,0001010100,84,0
25,42,2500,29000,0001010100,84,0
25,43,2500,29000,0001010100,84,0
25,44,2500,29000,0001010101,85,0
25,45,2500,29000,0001010101,85,0
25,46,2500,29000,0001010101,85,0
25,47,2500,29000,0001010101,85,0
25,48,2500,29000,0001011000,88,0
25,49,2500,29000,0001010110,86,0
26,0,2600,28900,0001011001,89,0
26,1,2600,28900,0001011100,92,0
26,2,2600,28900,0001011100,92,0
26,3,2600,28900,0001011001,89,0
26,4,2600,28900,0001011010,90,0
26,5,2600,28900,0001011001,89,0
26,6,2600,28900,0001011001,89,0
26,7,2600,28900,0001011100,92,0
26,8,2600,28900,0001011010,90,0
26,9,2600,28900,0001011010,90,0
26,10,2600,28900,0001011000,88,0
26,11,2600,28900,0001011001,89,0
26,12,2600,28900,0001011010,90,0
26,13,2600,28900,0001011001,89,0
26,14,2600,28900,0001011001,89,0
26,15,2600,28900,0001011010,90,0
26,16,2600,28900,0001011000,88,0
26,17,2600,28900,0001011000,88,0
26,18,2600,28900,0001011001,89,0
26,19,2600,28900,0001011000,88,0
26,20,2600,28900,0001010110,86,0
26,21,2600,28900,0001010110,86,0
26,22,2600,28900,0001010110,86,0
26,23,2600,28900,0001010110,86,0
26,24,2600,28900,0001010110,86,0
26,25,2600,28900,0001011000,88,0
26,26,2600,28900,0001011001,89,0
26,27,2600,28900,0001011000,88,0
26,28,2600,28900,0001011000,88,0
26,29,2600,28900,0001011000,88,0
26,30,2600,28900,0001011000,88,0
26,31,2600,28900,0001011001,89,0
26,32,2600,28900,0001011001,89,0
26,33,2600,28900,0001011010,90,0
26,34,2600,28900,0001011010,90,0
26,35,2600,28900,0001011001,89,0
26,36,2600,28900,0001011110,94,0
26,37,2600,28900,0001011010,90,0
26,38,2600,28900,0001011011,91,0
26,39,2600,28900,0001100000,96,0
26,40,2600,28900,0001011011,91,0
26,41,2600,28900,0001011010,90,0
26,42,2600,28900,0001011000,88,0
26,43,2600,28900,0001011001,89,0
26,44,2600,28900,0001011001,89,0
26,45,2600,28900,0001011001,89,0
26,46,2600,28900,0001011100,92,0
26,47,2600,28900,0001011100,92,0
26,48,2600,28900,0001011010,90,0
26,49,2600,28900,0001011010,90,0
27,0,2700,28800,0001011100,92,0
27,1,2700,28800,0001011100,92,0
27,2,2700,28800,0001100000,96,0
27,3,2700,28800,0001011100,92,0
27,4,2700,28800,0001100000,96,0
27,5,2700,28800,0001100000,96,0
27,6,2700,28800,0001011100,92,0
27,7,2700,28800,0001011100,92,0
27,8,2700,28800,0001011100,92,0
27,9,2700,28800,0001011100,92,0
27,10,2700,28800,0001011101,93,0
27,11,2700,28800,0001011101,93,0
27,12,2700,28800,0001011100,92,0
27,13,2700,28800,0001011100,92,0
27,14,2700,28800,0001011100,92,0
27,15,2700,28800,0001011011,91,0
27,16,2700,28800,0001011100,92,0
27,17,2700,28800,0001011010,90,0
27,18,2700,28800,0001011100,92,0
27,19,2700,28800,0001011100,92,0
27,20,2700,28800,0001011011,91,0
27,21,2700,28800,0001011011,91,0
27,22,2700,28800,0001011100,92,0
27,23,2700,28800,0001011101,93,0
27,24,2700,28800,0001011100,92,0
27,25,2700,28800,0001011110,94,0
27,26,2700,28800,0001011100,92,0
27,27,2700,28800,0001011101,93,0
27,28,2700,28800,0001011101,93,0
27,29,2700,28800,0001100000,96,0
27,30,2700,28800,0001011100,92,0
27,31,2700,28800,0001100010,98,0
27,32,2700,28800,0001100011,99,0
27,33,2700,28800,0001100010,98,0
27,34,2700,28800,0001100011,99,0
27,35,2700,28800,0001011101,93,0
27,36,2700,28800,0001011101,93,0
27,37,2700,28800,0001011100,92,0
27,38,2700,28800,0001100000,96,0
27,39,2700,28800,0001011111,95,0
27,40,2700,28800,0001100000,96,0
27,41,2700,28800,0001100000,96,0
27,42,2700,28800,0001011011,91,0
27,43,2700,28800,0001011110,94,0
27,44,2700,28800,0001011101,93,0
27,45,2700,28800,0001011101,93,0
27,46,2700,28800,0001011101,93,0
27,47,2700,28800,0001011100,92,0
27,48,2700,28800,0001011100,92,0
27,49,2700,28800,0001011101,93,0
28,0,2800,28700,0001100000,96,0
28,1,2800,28700,0001100000,96,0
28,2,2800,28700,0001011101,93,0
28,3,2800,28700,0001011101,93,0
28,4,2800,28700,0001011101,93,0
28,5,2800,28700,0001100000,96,0
28,6,2800,28700,0001011110,94,0
28,7,2800,28700,0001100000,96,0
28,8,2800,28700,0001011111,95,0
28,9,2800,28700,0001011110,94,0
28,10,2800,28700,0001011111,95,0
28,11,2800,28700,0001011111,95,0
28,12,2800,28700,0001100000,96,0
28,13,2800,28700,0001100000,96,0
28,14,2800,28700,0001011111,95,0
28,15,2800,28700,0001100011,99,0
28,16,2800,28700,0001100011,99,0
28,17,2800,28700,0001100000,96,0
28,18,2800,28700,0001100000,96,0
28,19,2800,28700,0001100100,100,0
28,20,2800,28700,0001100000,96,0
28,21,2800,28700,0001100000,96,0
28,22,2800,28700,0001100000,96,0
28,23,2800,28700,0001100000,96,0
28,24,2800,28700,0001011111,95,0
28,25,2800,28700,0001100000,96,0
28,26,2800,28700,0001100000,96,0
28,27,2800,28700,0001100000,96,0
28,28,2800,28700,0001100000,96,0
28,29,2800,28700,0001100000,96,0
28,30,2800,28700,0001100000,96,0
28,31,2800,28700,0001100000,96,0
28,32,2800,28700,0001011111,95,0
28,33,2800,28700,0001011111,95,0
28,34,2800,28700,0001100000,96,0
28,35,2800,28700,0001011111,95,0
28,36,2800,28700,0001011111,95,0
28,37,2800,28700,0001011111,95,0
28,38,2800,28700,0001011111,95,0
28,39,2800,28700,0001100000,96,0
28,40,2800,28700,0001100000,96,0
28,41,2800,28700,0001011101,93,0
28,42,2800,28700,0001011100,92,0
28,43,2800,28700,0001011110,94,0
28,44,2800,28700,0001100000,96,0
28,45,2800,28700,0001100000,96,0
28,46,2800,28700,0001100000,96,0
28,47,2800,28700,0001100000,96,0
28,48,2800,28700,0001011111,95,0
28,49,2800,28700,0001011111,95,0
29,0,2900,28600,0001100000,96,0
29,1,2900,28600,0001100000,96,0
29,2,2900,28600,0001100000,96,0
29,3,2900,28600,0001100000,96,0
29,4,2900,28600,0001100000,96,0
29,5,2900,28600,0001100000,96,0
29,6,2900,28600,0001100001,97,0
29,7,2900,28600,0001100000,96,0
29,8,2900,28600,0001100101,101,0
29,9,2900,28600,0001100101,101,0
29,10,2900,28600,0001100100,100,0
29,11,2900,28600,0001100100,100,0
29,12,2900,28600,0001100001,97,0
29,13,2900,28600,0001100001,97,0
29,14,2900,28600,0001100111,103,0
29,15,2900,28600,0001100111,103,0
29,16,2900,28600,0001100110,102,0
29,17,2900,28600,0001100111,103,0
29,18,2900,28600,0001100010,98,0
29,19,2900,28600,0001100011,99,0
29,20,2900,28600,0001100000,96,0
29,21,2900,28600,0001100000,96,0
29,22,2900,28600,0001100010,98,0
29,23,2900,28600,0001100010,98,0
29,24,2900,28600,0001100011,99,0
29,25,2900,28600,0001100010,98,0
29,26,2900,28600,0001100001,97,0
29,27,2900,28600,0001100000,96,0
29,28,2900,28600,0001100001,97,0
29,29,2900,28600,0001100001,97,0
29,30,2900,28600,0001100001,97,0
29,31,2900,28600,0001100001,97,0
29,32,2900,28600,0001100000,96,0
29,33,2900,28600,0001100000,96,0
29,34,2900,28600,0001100000,96,0
29,35,2900,28600,0001100000,96,0
29,36,2900,28600,0001100000,96,0
29,37,2900,28600,0001100000,96,0
29,38,2900,28600,0001100000,96,0
29,39,2900,28600,0001100000,96,0
29,40,2900,28600,0001100000,96,0
29,41,2900,28600,0001100000,96,0
29,42,2900,28600,0001100000,96,0
29,43,2900,28600,0001100000,96,0
29,44,2900,28600,0001100000,96,0
29,45,2900,28600,0001100000,96,0
29,46,2900,28600,0001100000,96,0
29,47,2900,28600,0001100000,96,0
29,48,2900,28600,0001100000,96,0
29,49,2900,28600,0001100000,96,0
30,0,3000,28500,0001100011,99,0
30,1,3000,28500,0001100011,99,0
30,2,3000,28500,0001100010,98,0
30,3,3000,28500,0001100010,98,0
30,4,3000,28500,0001100011,99,0
30,5,3000,28500,0001100011,99,0
30,6,3000,28500,0001100011,99,0
30,7,3000,28500,0001100011,99,0
30,8,3000,28500,0001100101,101,0
30,9,3000,28500,0001100101,101,0
30,10,3000,28500,0001100011,99,0
30,11,3000,28500,0001101000,104,0
30,12,3000,28500,0001101000,104,0
30,13,3000,28500,0001100100,100,0
30,14,3000,28500,0001100100,100,0
30,15,3000,28500,0001101011,107,0
30,16,3000,28500,0001100101,101,0
30,17,3000,28500,0001100011,99,0
30,18,3000,28500,0001100100,100,0
30,19,3000,28500,0001100011,99,0
30,20,3000,28500,0001100110,102,0
30,21,3000,28500,0001100011,99,0
30,22,3000,28500,0001100100,100,0
30,23,3000,28500,0001100100,100,0
30,24,3000,28500,0001100011,99,0
30,25,3000,28500,0001100011,99,0
30,26,3000,28500,0001100011,99,0
30,27,3000,28500,0001100011,99,0
30,28,3000,28500,0001100011,99,0
30,29,3000,28500,0001100011,99,0
30,30,3000,28500,0001100001,97,0
30,31,3000,28500,0001100011,99,0
30,32,3000,28500,0001100011,99,0
30,33,3000,28500,0001100001,97,0
30,34,3000,28500,0001100001,97,0
30,35,3000,28500,0001100001,97,0
30,36,3000,28500,0001100010,98,0
30,37,3000,28500,0001100010,98,0
30,38,3000,28500,0111111111,511,0
30,39,3000,28500,0001100100,100,0
30,40,3000,28500,0001100011,99,0
30,41,3000,28500,0001100011,99,0
30,42,3000,28500,0001100100,100,0
30,43,3000,28500,0001100100,100,0
30,44,3000,28500,0001100011,99,0
30,45,3000,28500,0001100011,99,0
30,46,3000,28500,0001100101,101,0
30,47,3000,28500,0001100110,102,0
30,48,3000,28500,0001100100,100,0
30,49,3000,28500,0001100011,99,0
31,0,3100,28400,0001100111,103,0
31,1,3100,28400,0001101000,104,0
31,2,3100,28400,0001101011,107,0
31,3,3100,28400,0001100111,103,0
31,4,3100,28400,0001101000,104,0
31,5,3100,28400,0001011111,95,0
31,6,3100,28400,0001101101,109,0
31,7,3100,28400,0001101001,105,0
31,8,3100,28400,0001100111,103,0
31,9,3100,28400,0001101001,105,0
31,10,3100,28400,0001101001,105,0
31,11,3100,28400,0001100111,103,0
31,12,3100,28400,0001100111,103,0
31,13,3100,28400,0001100111,103,0
31,14,3100,28400,0001101001,105,0
31,15,3100,28400,0001100111,103,0
31,16,3100,28400,0001100111,103,0
31,17,3100,28400,0001100111,103,0
31,18,3100,28400,0001100111,103,0
31,19,3100,28400,0001100110,102,0
31,20,3100,28400,0001100101,101,0
31,21,3100,28400,0001100101,101,0
31,22,3100,28400,0001100100,100,0
31,23,3100,28400,0001100111,103,0
31,24,3100,28400,0001100100,100,0
31,25,3100,28400,0001100100,100,0
31,26,3100,28400,0001100110,102,0
31,27,3100,28400,0001100111,103,0
31,28,3100,28400,0001100111,103,0
31,29,3100,28400,0001100111,103,0
31,30,3100,28400,0001100111,103,0
31,31,3100,28400,0001100111,103,0
31,32,3100,28400,0001100111,103,0
31,33,3100,28400,0001101001,105,0
31,34,3100,28400,0001100111,103,0
31,35,3100,28400,0001100111,103,0
31,36,3100,28400,0001101000,104,0
31,37,3100,28400,0001101000,104,0
31,38,3100,28400,0001101000,104,0
31,39,3100,28400,0001101000,104,0
31,40,3100,28400,0001100111,103,0
31,41,3100,28400,0001101001,105,0
31,42,3100,28400,0001100111,103,0
31,43,3100,28400,0001100111,103,0
31,44,3100,28400,0001101001,105,0
31,45,3100,28400,0001101001,105,0
31,46,3100,28400,0001100111,103,0
31,47,3100,28400,0001100110,102,0
31,48,3100,28400,0001100111,103,0
31,49,3100,28400,0001100111,103,0
32,0,3200,28300,0001101100,108,0
32,1,3200,28300,0001101011,107,0
32,2,3200,28300,0001101011,107,0
32,3,3200,28300,0001101010,106,0
32,4,3200,28300,0001101010,106,0
32,5,3200,28300,0001101010,106,0
32,6,3200,28300,0001101010,106,0
32,7,3200,28300,0001101010,106,0
32,8,3200,28300,0001101011,107,0
32,9,3200,28300,0001101010,106,0
32,10,3200,28300,0001101010,106,0
32,11,3200,28300,0001101000,104,0
32,12,3200,28300,0001101010,106,0
32,13,3200,28300,0001101001,105,0
32,14,3200,28300,0001101000,104,0
32,15,3200,28300,0001101010,106,0
32,16,3200,28300,0001101011,107,0
32,17,3200,28300,0001101010,106,0
32,18,3200,28300,0001100111,103,0
32,19,3200,28300,0001101010,106,0
32,20,3200,28300,0001101001,105,0
32,21,3200,28300,0001101011,107,0
32,22,3200,28300,0001101011,107,0
32,23,3200,28300,0001101010,106,0
32,24,3200,28300,0001101010,106,0
32,25,3200,28300,0001101010,106,0
32,26,3200,28300,0001101101,109,0
32,27,3200,28300,0001101011,107,0
32,28,3200,28300,0001110010,114,0
32,29,3200,28300,0001110010,114,0
32,30,3200,28300,0001110001,113,0
32,31,3200,28300,0001101100,108,0
32,32,3200,28300,0001101100,108,0
32,33,3200,28300,0001101010,106,0
32,34,3200,28300,0001101010,106,0
32,35,3200,28300,0001101100,108,0
32,36,3200,28300,0001101100,108,0
32,37,3200,28300,0001101011,107,0
32,38,3200,28300,0001101010,106,0
32,39,3200,28300,0001101011,107,0
32,40,3200,28300,0001101100,108,0
32,41,3200,28300,0001101011,107,0
32,42,3200,28300,0001101011,107,0
32,43,3200,28300,0001101010,106,0
32,44,3200,28300,0001101001,105,0
32,45,3200,28300,0001101011,107,0
32,46,3200,28300,0001101010,106,0
32,47,3200,28300,0001101001,105,0
32,48,3200,28300,0001101010,106,0
32,49,3200,28300,0001101010,106,0
33,0,3300,28200,0001101100,108,0
33,1,3300,28200,0001101101,109,0
33,2,3300,28200,0001101101,109,0
33,3,3300,28200,0001101011,107,0
33,4,3300,28200,0001101010,106,0
33,5,3300,28200,0001101101,109,0
33,6,3300,28200,0001101110,110,0
33,7,3300,28200,0001101101,109,0
33,8,3300,28200,0001101101,109,0
33,9,3300,28200,0001101110,110,0
33,10,3300,28200,0001101110,110,0
33,11,3300,28200,0001101110,110,0
33,12,3300,28200,0001101110,110,0
33,13,3300,28200,0001110001,113,0
33,14,3300,28200,0001101110,110,0
33,15,3300,28200,0001101110,110,0
33,16,3300,28200,0001101110,110,0
33,17,3300,28200,0001110110,118,0
33,18,3300,28200,0001110101,117,0
33,19,3300,28200,0001101111,111,0
33,20,3300,28200,0001101110,110,0
33,21,3300,28200,0001101110,110,0
33,22,3300,28200,0001110001,113,0
33,23,3300,28200,0001110001,113,0
33,24,3300,28200,0001110001,113,0
33,25,3300,28200,0001101110,110,0
33,26,3300,28200,0001110010,114,0
33,27,3300,28200,0001110001,113,0
33,28,3300,28200,0001110000,112,0
33,29,3300,28200,0001101111,111,0
33,30,3300,28200,0001101101,109,0
33,31,3300,28200,0001101110,110,0
33,32,3300,28200,0001101110,110,0
33,33,3300,28200,0001101110,110,0
33,34,3300,28200,0001101110,110,0
33,35,3300,28200,0001101100,108,0
33,36,3300,28200,0001101100,108,0
33,37,3300,28200,0001101110,110,0
33,38,3300,28200,0001101110,110,0
33,39,3300,28200,0001101011,107,0
33,40,3300,28200,0001101011,107,0
33,41,3300,28200,0001101011,107,0
33,42,3300,28200,0001101011,107,0
33,43,3300,28200,0001101101,109,0
33,44,3300,28200,0001101100,108,0
33,45,3300,28200,0001101100,108,0
33,46,3300,28200,0001101110,110,0
33,47,3300,28200,0001101110,110,0
33,48,3300,28200,0001101111,111,0
33,49,3300,28200,0001101111,111,0
34,0,3400,28100,0001110010,114,0
34,1,3400,28100,0001110010,114,0
34,2,3400,28100,0001110010,114,0
34,3,3400,28100,0001110100,116,0
34,4,3400,28100,0001110010,114,0
34,5,3400,28100,0001110010,114,0
34,6,3400,28100,0001110011,115,0
34,7,3400,28100,0001110010,114,0
34,8,3400,28100,0001111001,121,0
34,9,3400,28100,0001111001,121,0
34,10,3400,28100,0001111001,121,0
34,11,3400,28100,0001111010,122,0
34,12,3400,28100,0001111001,121,0
34,13,3400,28100,0001111001,121,0
34,14,3400,28100,0001110011,115,0
34,15,3400,28100,0001110011,115,0
34,16,3400,28100,0001110100,116,0
34,17,3400,28100,0001110010,114,0
34,18,3400,28100,0001110010,114,0
34,19,3400,28100,0001110001,113,0
34,20,3400,28100,0001110100,116,0
34,21,3400,28100,0001110100,116,0
34,22,3400,28100,0001110011,115,0
34,23,3400,28100,0001110010,114,0
34,24,3400,28100,0001110011,115,0
34,25,3400,28100,0001110010,114,0
34,26,3400,28100,0001110100,116,0
34,27,3400,28100,0001110101,117,0
34,28,3400,28100,0001110011,115,0
34,29,3400,28100,0001110011,115,0
34,30,3400,28100,0001110010,114,0
34,31,3400,28100,0001110001,113,0
34,32,3400,28100,0001110010,114,0
34,33,3400,28100,0001110011,115,0
34,34,3400,28100,0001110001,113,0
34,35,3400,28100,0001101110,110,0
34,36,3400,28100,0001110001,113,0
34,37,3400,28100,0001110000,112,0
34,38,3400,28100,0001110001,113,0
34,39,3400,28100,0001110010,114,0
34,40,3400,28100,0001110010,114,0
34,41,3400,28100,0001110110,118,0
34,42,3400,28100,0001111010,122,0
34,43,3400,28100,0001110010,114,0
34,44,3400,28100,0001110101,117,0
34,45,3400,28100,0001110011,115,0
34,46,3400,28100,0001110011,115,0
34,47,3400,28100,0001110011,115,0
34,48,3400,28100,0001110001,113,0
34,49,3400,28100,0001110010,114,0
35,0,3500,28000,0001110111,119,0
35,1,3500,28000,0001111000,120,0
35,2,3500,28000,0001110110,118,0
35,3,3500,28000,0001111000,120,0
35,4,3500,28000,0001110110,118,0
35,5,3500,28000,0001110111,119,0
35,6,3500,28000,0001110110,118,0
35,7,3500,28000,0001110101,117,0
35,8,3500,28000,0001110011,115,0
35,9,3500,28000,0001110011,115,0
35,10,3500,28000,0001110101,117,0
35,11,3500,28000,0001110101,117,0
35,12,3500,28000,0001110110,118,0
35,13,3500,28000,0001110101,117,0
35,14,3500,28000,0001111000,120,0
35,15,3500,28000,0001110110,118,0
35,16,3500,28000,0001111101,125,0
35,17,3500,28000,0001110110,118,0
35,18,3500,28000,0001110101,117,0
35,19,3500,28000,0001111000,120,0
35,20,3500,28000,0001111000,120,0
35,21,3500,28000,0001110110,118,0
35,22,3500,28000,0001111000,120,0
35,23,3500,28000,0001110110,118,0
35,24,3500,28000,0001110101,117,0
35,25,3500,28000,0001110101,117,0
35,26,3500,28000,0001110100,116,0
35,27,3500,28000,0001110010,114,0
35,28,3500,28000,0001110101,117,0
35,29,3500,28000,0001110100,116,0
35,30,3500,28000,0001110101,117,0
35,31,3500,28000,0001110110,118,0
35,32,3500,28000,0001110101,117,0
35,33,3500,28000,0001110111,119,0
35,34,3500,28000,0001110101,117,0
35,35,3500,28000,0001110110,118,0
35,36,3500,28000,0001111110,126,0
35,37,3500,28000,0001111000,120,0
35,38,3500,28000,0001110101,117,0
35,39,3500,28000,0001111000,120,0
35,40,3500,28000,0001110110,118,0
35,41,3500,28000,0001110110,118,0
35,42,3500,28000,0001110111,119,0
35,43,3500,28000,0001110110,118,0
35,44,3500,28000,0001110101,117,0
35,45,3500,28000,0001110101,117,0
35,46,3500,28000,0001110011,115,0
35,47,3500,28000,0001110010,114,0
35,48,3500,28000,0001110101,117,0
35,49,3500,28000,0001110110,118,0
36,0,3600,27900,0001110111,119,0
36,1,3600,27900,0001110110,118,0
36,2,3600,27900,0001111001,121,0
36,3,3600,27900,0001111000,120,0
36,4,3600,27900,0001111001,121,0
36,5,3600,27900,0001111001,121,0
36,6,3600,27900,0001111100,124,0
36,7,3600,27900,0010000000,128,0
36,8,3600,27900,0001111001,121,0
36,9,3600,27900,0001111001,121,0
36,10,3600,27900,0001111001,121,0
36,11,3600,27900,0001111100,124,0
36,12,3600,27900,0001111010,122,0
36,13,3600,27900,0001111001,121,0
36,14,3600,27900,0001111001,121,0
36,15,3600,27900,0001111000,120,0
36,16,3600,27900,0001111001,121,0
36,17,3600,27900,0001110110,118,0
36,18,3600,27900,0001111000,120,0
36,19,3600,27900,0001111001,121,0
36,20,3600,27900,0001111010,122,0
36,21,3600,27900,0001111001,121,0
36,22,3600,27900,0001111010,122,0
36,23,3600,27900,0010000000,128,0
36,24,3600,27900,0001111010,122,0
36,25,3600,27900,0001111010,122,0
36,26,3600,27900,0001111100,124,0
36,27,3600,27900,0001111001,121,0
36,28,3600,27900,0001111010,122,0
36,29,3600,27900,0001111001,121,0
36,30,3600,27900,0001111001,121,0
36,31,3600,27900,0001110111,119,0
36,32,3600,27900,0001110110,118,0
36,33,3600,27900,0001111001,121,0
36,34,3600,27900,0001110110,118,0
36,35,3600,27900,0001111000,120,0
36,36,3600,27900,0001111001,121,0
36,37,3600,27900,0001111001,121,0
36,38,3600,27900,0001111001,121,0
36,39,3600,27900,0001111001,121,0
36,40,3600,27900,0010000000,128,0
36,41,3600,27900,0001111000,120,0
36,42,3600,27900,0001111001,121,0
36,43,3600,27900,0001111100,124,0
36,44,3600,27900,0001111001,121,0
36,45,3600,27900,0001111010,122,0
36,46,3600,27900,0001111000,120,0
36,47,3600,27900,0001111001,121,0
36,48,3600,27900,0001111000,120,0
36,49,3600,27900,0001110110,118,0
37,0,3700,27800,0001111100,124,0
37,1,3700,27800,0001111110,126,0
37,2,3700,27800,0001111101,125,0
37,3,3700,27800,0010000000,128,0
37,4,3700,27800,0010000000,128,0
37,5,3700,27800,0001111100,124,0
37,6,3700,27800,0001111100,124,0
37,7,3700,27800,0010000100,132,0
37,8,3700,27800,0010000011,131,0
37,9,3700,27800,0001111101,125,0
37,10,3700,27800,0001111110,126,0
37,11,3700,27800,0001111100,124,0
37,12,3700,27800,0001111100,124,0
37,13,3700,27800,0001111101,125,0
37,14,3700,27800,0010000000,128,0
37,15,3700,27800,0001111100,124,0
37,16,3700,27800,0001111101,125,0
37,17,3700,27800,0001111101,125,0
37,18,3700,27800,0001111100,124,0
37,19,3700,27800,0001111101,125,0
37,20,3700,27800,0001111100,124,0
37,21,3700,27800,0001111010,122,0
37,22,3700,27800,0001111010,122,0
37,23,3700,27800,0001111100,124,0
37,24,3700,27800,0001111100,124,0
37,25,3700,27800,0001111100,124,0
37,26,3700,27800,0001111111,127,0
37,27,3700,27800,0010000011,131,0
37,28,3700,27800,0010000011,131,0
37,29,3700,27800,0001111100,124,0
37,30,3700,27800,0010000000,128,0
37,31,3700,27800,0001111100,124,0
37,32,3700,27800,0001111110,126,0
37,33,3700,27800,0001111100,124,0
37,34,3700,27800,0001111101,125,0
37,35,3700,27800,0001111101,125,0
37,36,3700,27800,0001111011,123,0
37,37,3700,27800,0001111011,123,0
37,38,3700,27800,0001111001,121,0
37,39,3700,27800,0001111100,124,0
37,40,3700,27800,0001111100,124,0
37,41,3700,27800,0010000000,128,0
37,42,3700,27800,0001111100,124,0
37,43,3700,27800,0010000100,132,0
37,44,3700,27800,0001111110,126,0
37,45,3700,27800,0001111100,124,0
37,46,3700,27800,0001111100,124,0
37,47,3700,27800,0001111110,126,0
37,48,3700,27800,0001111101,125,0
37,49,3700,27800,0001111100,124,0
38,0,3800,27700,0010000000,128,0
38,1,3800,27700,0010000000,128,0
38,2,3800,27700,0010000000,128,0
38,3,3800,27700,0001111111,127,0
38,4,3800,27700,0001111111,127,0
38,5,3800,27700,0001111111,127,0
38,6,3800,27700,0010000000,128,0
38,7,3800,27700,0001111111,127,0
38,8,3800,27700,0001111111,127,0
38,9,3800,27700,0001111101,125,0
38,10,3800,27700,0010000000,128,0
38,11,3800,27700,0001111100,124,0
38,12,3800,27700,0001111111,127,0
38,13,3800,27700,0010000000,128,0
38,14,3800,27700,0001111111,127,0
38,15,3800,27700,0001111111,127,0
38,16,3800,27700,0010000000,128,0
38,17,3800,27700,0001111111,127,0
38,18,3800,27700,0010000001,129,0
38,19,3800,27700,0001111111,127,0
38,20,3800,27700,0001111111,127,0
38,21,3800,27700,0010000000,128,0
38,22,3800,27700,0010000000,128,0
38,23,3800,27700,0010000000,128,0
38,24,3800,27700,0010000000,128,0
38,25,3800,27700,0010000000,128,0
38,26,3800,27700,0001111101,125,0
38,27,3800,27700,0001111111,127,0
38,28,3800,27700,0001111101,125,0
38,29,3800,27700,0001111110,126,0
38,30,3800,27700,0010000100,132,0
38,31,3800,27700,0010000000,128,0
38,32,3800,27700,0010000101,133,0
38,33,3800,27700,0010000000,128,0
38,34,3800,27700,0010000001,129,0
38,35,3800,27700,0001111111,127,0
38,36,3800,27700,0010000000,128,0
38,37,3800,27700,0001111111,127,0
38,38,3800,27700,0010000000,128,0
38,39,3800,27700,0010000000,128,0
38,40,3800,27700,0001111111,127,0
38,41,3800,27700,0001111110,126,0
38,42,3800,27700,0010000000,128,0
38,43,3800,27700,0001111111,127,0
38,44,3800,27700,0001111101,125,0
38,45,3800,27700,0001111111,127,0
38,46,3800,27700,0001111100,124,0
38,47,3800,27700,0001111100,124,0
38,48,3800,27700,0010000000,128,0
38,49,3800,27700,0001111111,127,0
39,0,3900,27600,0010000000,128,0
39,1,3900,27600,0010000001,129,0
39,2,3900,27600,0010000000,128,0
39,3,3900,27600,0010000000,128,0
39,4,3900,27600,0010000001,129,0
39,5,3900,27600,0010000001,129,0
39,6,3900,27600,0010000001,129,0
39,7,3900,27600,0010000100,132,0
39,8,3900,27600,0010000001,129,0
39,9,3900,27600,0010000111,135,0
39,10,3900,27600,0010000111,135,0
39,11,3900,27600,0010000111,135,0
39,12,3900,27600,0010000010,130,0
39,13,3900,27600,0010000001,129,0
39,14,3900,27600,0010000000,128,0
39,15,3900,27600,0010000010,130,0
39,16,3900,27600,0010000011,131,0
39,17,3900,27600,0010000000,128,0
39,18,3900,27600,0010000001,129,0
39,19,3900,27600,0010000000,128,0
39,20,3900,27600,0010000000,128,0
39,21,3900,27600,0010000001,129,0
39,22,3900,27600,0001111111,127,0
39,23,3900,27600,0010000000,128,0
39,24,3900,27600,0010000000,128,0
39,25,3900,27600,0010000000,128,0
39,26,3900,27600,0010000001,129,0
39,27,3900,27600,0010000101,133,0
39,28,3900,27600,0010000001,129,0
39,29,3900,27600,0010001000,136,0
39,30,3900,27600,0010000010,130,0
39,31,3900,27600,0010000001,129,0
39,32,3900,27600,0010000001,129,0
39,33,3900,27600,0010000011,131,0
39,34,3900,27600,0010000001,129,0
39,35,3900,27600,0010000001,129,0
39,36,3900,27600,0010000001,129,0
39,37,3900,27600,0010000001,129,0
39,38,3900,27600,0010000001,129,0
39,39,3900,27600,0010000001,129,0
39,40,3900,27600,0010000001,129,0
39,41,3900,27600,0010000000,128,0
39,42,3900,27600,0010000001,129,0
39,43,3900,27600,0010000000,128,0
39,44,3900,27600,0010000000,128,0
39,45,3900,27600,0010000000,128,0
39,46,3900,27600,0010000000,128,0
39,47,3900,27600,0010000000,128,0
39,48,3900,27600,0001111111,127,0
39,49,3900,27600,0010000001,129,0
40,0,4000,27500,0010000010,130,0
40,1,4000,27500,0010000010,130,0
40,2,4000,27500,0010000100,132,0
40,3,4000,27500,0010000011,131,0
40,4,4000,27500,0010000100,132,0
40,5,4000,27500,0010000100,132,0
40,6,4000,27500,0010001000,136,0
40,7,4000,27500,0010001000,136,0
40,8,4000,27500,0010000100,132,0
40,9,4000,27500,0010000101,133,0
40,10,4000,27500,0010001100,140,0
40,11,4000,27500,0010000100,132,0
40,12,4000,27500,0010000111,135,0
40,13,4000,27500,0010000101,133,0
40,14,4000,27500,0010000100,132,0
40,15,4000,27500,0010000101,133,0
40,16,4000,27500,0010000101,133,0
40,17,4000,27500,0010000101,133,0
40,18,4000,27500,0010000100,132,0
40,19,4000,27500,0010000100,132,0
40,20,4000,27500,0010000100,132,0
40,21,4000,27500,0010000010,130,0
40,22,4000,27500,0010000100,132,0
40,23,4000,27500,0010000100,132,0
40,24,4000,27500,0010000100,132,0
40,25,4000,27500,0010000011,131,0
40,26,4000,27500,0010000100,132,0
40,27,4000,27500,0010000100,132,0
40,28,4000,27500,0010000110,134,0
40,29,4000,27500,0010000100,132,0
40,30,4000,27500,0010001011,139,0
40,31,4000,27500,0010000100,132,0
40,32,4000,27500,0010000110,134,0
40,33,4000,27500,0010000110,134,0
40,34,4000,27500,0010000101,133,0
40,35,4000,27500,0010000100,132,0
40,36,4000,27500,0010000100,132,0
40,37,4000,27500,0010000100,132,0
40,38,4000,27500,0010000100,132,0
40,39,4000,27500,0010000100,132,0
40,40,4000,27500,0010000010,130,0
40,41,4000,27500,0010000010,130,0
40,42,4000,27500,0010000100,132,0
40,43,4000,27500,0010000101,133,0
40,44,4000,27500,0010000100,132,0
40,45,4000,27500,0010001001,137,0
40,46,4000,27500,0010001000,136,0
40,47,4000,27500,0010000101,133,0
40,48,4000,27500,0010000101,133,0
40,49,4000,27500,0010000100,132,0
41,0,4100,27400,0010001001,137,0
41,1,4100,27400,0010000111,135,0
41,2,4100,27400,0010001010,138,0
41,3,4100,27400,0010000111,135,0
41,4,4100,27400,0010001000,136,0
41,5,4100,27400,0010001010,138,0
41,6,4100,27400,0010001010,138,0
41,7,4100,27400,0010001000,136,0
41,8,4100,27400,0010000111,135,0
41,9,4100,27400,0010000111,135,0
41,10,4100,27400,0010001000,136,0
41,11,4100,27400,0010001000,136,0
41,12,4100,27400,0010000110,134,0
41,13,4100,27400,0010000101,133,0
41,14,4100,27400,0010000100,132,0
41,15,4100,27400,0010000111,135,0
41,16,4100,27400,0010001000,136,0
41,17,4100,27400,0010000111,135,0
41,18,4100,27400,0010000110,134,0
41,19,4100,27400,0010000110,134,0
41,20,4100,27400,0010000111,135,0
41,21,4100,27400,0010000111,135,0
41,22,4100,27400,0010000111,135,0
41,23,4100,27400,0010000111,135,0
41,24,4100,27400,0010001000,136,0
41,25,4100,27400,0010001100,140,0
41,26,4100,27400,0010001111,143,0
41,27,4100,27400,0010001001,137,0
41,28,4100,27400,0010001000,136,0
41,29,4100,27400,0010001010,138,0
41,30,4100,27400,0010001000,136,0
41,31,4100,27400,0010001000,136,0
41,32,4100,27400,0010001000,136,0
41,33,4100,27400,0010001000,136,0
41,34,4100,27400,0010001000,136,0
41,35,4100,27400,0010000111,135,0
41,36,4100,27400,0010000111,135,0
41,37,4100,27400,0010000111,135,0
41,38,4100,27400,0010001000,136,0
41,39,4100,27400,0010000111,135,0
41,40,4100,27400,0010000110,134,0
41,41,4100,27400,0010000111,135,0
41,42,4100,27400,0010001001,137,0
41,43,4100,27400,0010000111,135,0
41,44,4100,27400,0010000111,135,0
41,45,4100,27400,0010000111,135,0
41,46,4100,27400,0010000101,133,0
41,47,4100,27400,0010000101,133,0
41,48,4100,27400,0010000111,135,0
41,49,4100,27400,0010000111,135,0
42,0,4200,27300,0010001011,139,0
42,1,4200,27300,0010001111,143,0
42,2,4200,27300,0010001111,143,0
42,3,4200,27300,0010010011,147,0
42,4,4200,27300,0010001100,140,0
42,5,4200,27300,0010001011,139,0
42,6,4200,27300,0010001110,142,0
42,7,4200,27300,0010001101,141,0
42,8,4200,27300,0010001100,140,0
42,9,4200,27300,0010001100,140,0
42,10,4200,27300,0010001011,139,0
42,11,4200,27300,0010001011,139,0
42,12,4200,27300,0010001011,139,0
42,13,4200,27300,0010001001,137,0
42,14,4200,27300,0010001001,137,0
42,15,4200,27300,0010001010,138,0
42,16,4200,27300,0010001011,139,0
42,17,4200,27300,0010001011,139,0
42,18,4200,27300,0010001000,136,0
42,19,4200,27300,0010001011,139,0
42,20,4200,27300,0010001011,139,0
42,21,4200,27300,0010001011,139,0
42,22,4200,27300,0010001101,141,0
42,23,4200,27300,0010001100,140,0
42,24,4200,27300,0010010011,147,0
42,25,4200,27300,0010001101,141,0
42,26,4200,27300,0010001011,139,0
42,27,4200,27300,0010001100,140,0
42,28,4200,27300,0010001110,142,0
42,29,4200,27300,0010001100,140,0
42,30,4200,27300,0010001011,139,0
42,31,4200,27300,0010001011,139,0
42,32,4200,27300,0010001011,139,0
42,33,4200,27300,0010001011,139,0
42,34,4200,27300,0010001000,136,0
42,35,4200,27300,0010001000,136,0
42,36,4200,27300,0010001010,138,0
42,37,4200,27300,0010001011,139,0
42,38,4200,27300,0010001100,140,0
42,39,4200,27300,0010001011,139,0
42,40,4200,27300,0010001111,143,0
42,41,4200,27300,0010001100,140,0
42,42,4200,27300,0010010011,147,0
42,43,4200,27300,0010001011,139,0
42,44,4200,27300,0010001100,140,0
42,45,4200,27300,0010001100,140,0
42,46,4200,27300,0010001100,140,0
42,47,4200,27300,0010001100,140,0
42,48,4200,27300,0010001011,139,0
42,49,4200,27300,0010001011,139,0
43,0,4300,27200,0010001110,142,0
43,1,4300,27200,0010010100,148,0
43,2,4300,27200,0010010111,151,0
43,3,4300,27200,0010010111,151,0
43,4,4300,27200,0010001111,143,0
43,5,4300,27200,0010010010,146,0
43,6,4300,27200,0010001111,143,0
43,7,4300,27200,0010010001,145,0
43,8,4300,27200,0010001111,143,0
43,9,4300,27200,0010001110,142,0
43,10,4300,27200,0010001110,142,0
43,11,4300,27200,0010001111,143,0
43,12,4300,27200,0010001100,140,0
43,13,4300,27200,0010001110,142,0
43,14,4300,27200,0010001110,142,0
43,15,4300,27200,0010001111,143,0
43,16,4300,27200,0010010010,146,0
43,17,4300,27200,0010001111,143,0
43,18,4300,27200,0010010110,150,0
43,19,4300,27200,0010010001,145,0
43,20,4300,27200,0010001111,143,0
43,21,4300,27200,0010001110,142,0
43,22,4300,27200,0010010010,146,0
43,23,4300,27200,0010001111,143,0
43,24,4300,27200,0010010001,145,0
43,25,4300,27200,0010001111,143,0
43,26,4300,27200,0010001110,142,0
43,27,4300,27200,0010001111,143,0
43,28,4300,27200,0010001110,142,0
43,29,4300,27200,0010001101,141,0
43,30,4300,27200,0010001110,142,0
43,31,4300,27200,0010001110,142,0
43,32,4300,27200,0011111111,255,0
43,33,4300,27200,0010001110,142,0
43,34,4300,27200,0010001110,142,0
43,35,4300,27200,0010001110,142,0
43,36,4300,27200,0010001100,140,0
43,37,4300,27200,0010001110,142,0
43,38,4300,27200,0010001111,143,0
43,39,4300,27200,0010001110,142,0
43,40,4300,27200,0010001110,142,0
43,41,4300,27200,0010001110,142,0
43,42,4300,27200,0010001110,142,0
43,43,4300,27200,0010010100,148,0
43,44,4300,27200,0010010100,148,0
43,45,4300,27200,0010001111,143,0
43,46,4300,27200,0010010111,151,0
43,47,4300,27200,0010010010,146,0
43,48,4300,27200,0010010010,146,0
43,49,4300,27200,0010010001,145,0
44,0,4400,27100,0010011010,154,0
44,1,4400,27100,0010010100,148,0
44,2,4400,27100,0010010101,149,0
44,3,4400,27100,0010010101,149,0
44,4,4400,27100,0010010011,147,0
44,5,4400,27100,0010010101,149,0
44,6,4400,27100,0010010101,149,0
44,7,4400,27100,0010010101,149,0
44,8,4400,27100,0010010110,150,0
44,9,4400,27100,0010010110,150,0
44,10,4400,27100,0010010011,147,0
44,11,4400,27100,0010010011,147,0
44,12,4400,27100,0010010011,147,0
44,13,4400,27100,0010010100,148,0
44,14,4400,27100,0010010011,147,0
44,15,4400,27100,0010010011,147,0
44,16,4400,27100,0010010011,147,0
44,17,4400,27100,0010010011,147,0
44,18,4400,27100,0010010011,147,0
44,19,4400,27100,0010010011,147,0
44,20,4400,27100,0010010010,146,0
44,21,4400,27100,0010010011,147,0
44,22,4400,27100,0010010011,147,0
44,23,4400,27100,0010010001,145,0
44,24,4400,27100,0010010001,145,0
44,25,4400,27100,0010010011,147,0
44,26,4400,27100,0010010011,147,0
44,27,4400,27100,0010001111,143,0
44,28,4400,27100,0010001111,143,0
44,29,4400,27100,0010001111,143,0
44,30,4400,27100,0010001111,143,0
44,31,4400,27100,0010010011,147,0
44,32,4400,27100,0010010001,145,0
44,33,4400,27100,0010010011,147,0
44,34,4400,27100,0010010010,146,0
44,35,4400,27100,0010010010,146,0
44,36,4400,27100,0010010011,147,0
44,37,4400,27100,0010010110,150,0
44,38,4400,27100,0010010011,147,0
44,39,4400,27100,0010011001,153,0
44,40,4400,27100,0010010100,148,0
44,41,4400,27100,0010010100,148,0
44,42,4400,27100,0010010100,148,0
44,43,4400,27100,0010010010,146,0
44,44,4400,27100,0010010011,147,0
44,45,4400,27100,0010010011,147,0
44,46,4400,27100,0010010011,147,0
44,47,4400,27100,0010010101,149,0
44,48,4400,27100,0010010011,147,0
44,49,4400,27100,0010010010,146,0
45,0,4500,27000,0010010101,149,0
45,1,4500,27000,0010010101,149,0
45,2,4500,27000,0010010110,150,0
45,3,4500,27000,0010010100,148,0
45,4,4500,27000,0010010011,147,0
45,5,4500,27000,0010010110,150,0
45,6,4500,27000,0010010110,150,0
45,7,4500,27000,0010010110,150,0
45,8,4500,27000,0010010101,149,0
45,9,4500,27000,0010010100,148,0
45,10,4500,27000,0010010110,150,0
45,11,4500,27000,0010010110,150,0
45,12,4500,27000,0010010110,150,0
45,13,4500,27000,0010010110,150,0
45,14,4500,27000,0010011000,152,0
45,15,4500,27000,0010010111,151,0
45,16,4500,27000,0010011000,152,0
45,17,4500,27000,0010010111,151,0
45,18,4500,27000,0010010111,151,0
45,19,4500,27000,0010010110,150,0
45,20,4500,27000,0010010110,150,0
45,21,4500,27000,0010010110,150,0
45,22,4500,27000,0010011011,155,0
45,23,4500,27000,0010010111,151,0
45,24,4500,27000,0010011101,157,0
45,25,4500,27000,0010011110,158,0
45,26,4500,27000,0010011110,158,0
45,27,4500,27000,0010011001,153,0
45,28,4500,27000,0010011000,152,0
45,29,4500,27000,0010010110,150,0
45,30,4500,27000,0010010110,150,0
45,31,4500,27000,0010011001,153,0
45,32,4500,27000,0010011001,153,0
45,33,4500,27000,0010011001,153,0
45,34,4500,27000,0010011001,153,0
45,35,4500,27000,0010010111,151,0
45,36,4500,27000,0010010111,151,0
45,37,4500,27000,0010011000,152,0
45,38,4500,27000,0010010111,151,0
45,39,4500,27000,0010010111,151,0
45,40,4500,27000,0010010111,151,0
45,41,4500,27000,0010010110,150,0
45,42,4500,27000,0010010110,150,0
45,43,4500,27000,0010010110,150,0
45,44,4500,27000,0010010110,150,0
45,45,4500,27000,0010010110,150,0
45,46,4500,27000,0010010110,150,0
45,47,4500,27000,0010010110,150,0
45,48,4500,27000,0010010110,150,0
45,49,4500,27000,0010010110,150,0
46,0,4600,26900,0010011111,159,0
46,1,4600,26900,0010100000,160,0
46,2,4600,26900,0010100000,160,0
46,3,4600,26900,0010100000,160,0
46,4,4600,26900,0010100000,160,0
46,5,4600,26900,0010011011,155,0
46,6,4600,26900,0010011001,153,0
46,7,4600,26900,0010011010,154,0
46,8,4600,26900,0010011001,153,0
46,9,4600,26900,0010011001,153,0
46,10,4600,26900,0010011100,156,0
46,11,4600,26900,0010011100,156,0
46,12,4600,26900,0010011100,156,0
46,13,4600,26900,0010011010,154,0
46,14,4600,26900,0010011010,154,0
46,15,4600,26900,0010011100,156,0
46,16,4600,26900,0010011100,156,0
46,17,4600,26900,0010011100,156,0
46,18,4600,26900,0010011011,155,0
46,19,4600,26900,0010011001,153,0
46,20,4600,26900,0010011001,153,0
46,21,4600,26900,0010011001,153,0
46,22,4600,26900,0010011001,153,0
46,23,4600,26900,0010011010,154,0
46,24,4600,26900,0010011001,153,0
46,25,4600,26900,0010011001,153,0
46,26,4600,26900,0010011010,154,0
46,27,4600,26900,0010011000,152,0
46,28,4600,26900,0010011001,153,0
46,29,4600,26900,0010011001,153,0
46,30,4600,26900,0010011010,154,0
46,31,4600,26900,0010011001,153,0
46,32,4600,26900,0010010111,151,0
46,33,4600,26900,0010011001,153,0
46,34,4600,26900,0010011001,153,0
46,35,4600,26900,0010011001,153,0
46,36,4600,26900,0010011010,154,0
46,37,4600,26900,0010011001,153,0
46,38,4600,26900,0010011001,153,0
46,39,4600,26900,0010011011,155,0
46,40,4600,26900,0010011011,155,0
46,41,4600,26900,0010011010,154,0
46,42,4600,26900,0010011110,158,0
46,43,4600,26900,0010100000,160,0
46,44,4600,26900,0010011011,155,0
46,45,4600,26900,0010011010,154,0
46,46,4600,26900,0010011001,153,0
46,47,4600,26900,0010011010,154,0
46,48,4600,26900,0010011011,155,0
46,49,4600,26900,0010011010,154,0
47,0,4700,26800,0010011110,158,0
47,1,4700,26800,0010011101,157,0
47,2,4700,26800,0010011101,157,0
47,3,4700,26800,0010011101,157,0
47,4,4700,26800,0010011101,157,0
47,5,4700,26800,0010011010,154,0
47,6,4700,26800,0010011100,156,0
47,7,4700,26800,0010011101,157,0
47,8,4700,26800,0010011101,157,0
47,9,4700,26800,0010011110,158,0
47,10,4700,26800,0010011110,158,0
47,11,4700,26800,0010011101,157,0
47,12,4700,26800,0010100000,160,0
47,13,4700,26800,0010011100,156,0
47,14,4700,26800,0010011101,157,0
47,15,4700,26800,0010011101,157,0
47,16,4700,26800,0010100000,160,0
47,17,4700,26800,0010100000,160,0
47,18,4700,26800,0010011101,157,0
47,19,4700,26800,0010011100,156,0
47,20,4700,26800,0010011101,157,0
47,21,4700,26800,0010011100,156,0
47,22,4700,26800,0010011101,157,0
47,23,4700,26800,0010011010,154,0
47,24,4700,26800,0010011110,158,0
47,25,4700,26800,0010011100,156,0
47,26,4700,26800,0010011011,155,0
47,27,4700,26800,0010011101,157,0
47,28,4700,26800,0010011110,158,0
47,29,4700,26800,0010011110,158,0
47,30,4700,26800,0010100000,160,0
47,31,4700,26800,0010100010,162,0
47,32,4700,26800,0010011110,158,0
47,33,4700,26800,0010011110,158,0
47,34,4700,26800,0010011101,157,0
47,35,4700,26800,0010100000,160,0
47,36,4700,26800,0010011101,157,0
47,37,4700,26800,0010011110,158,0
47,38,4700,26800,0010011101,157,0
47,39,4700,26800,0010011101,157,0
47,40,4700,26800,0010011101,157,0
47,41,4700,26800,0010011101,157,0
47,42,4700,26800,0010011101,157,0
47,43,4700,26800,0010011010,154,0
47,44,4700,26800,0010011100,156,0
47,45,4700,26800,0010011110,158,0
47,46,4700,26800,0010011101,157,0
47,47,4700,26800,0010011101,157,0
47,48,4700,26800,0010100000,160,0
47,49,4700,26800,0010011101,157,0
48,0,4800,26700,0010100011,163,0
48,1,4800,26700,0010100000,160,0
48,2,4800,26700,0010011111,159,0
48,3,4800,26700,0010100000,160,0
48,4,4800,26700,0010100000,160,0
48,5,4800,26700,0010100000,160,0
48,6,4800,26700,0010100000,160,0
48,7,4800,26700,0010100000,160,0
48,8,4800,26700,0010011110,158,0
48,9,4800,26700,0010100000,160,0
48,10,4800,26700,0010100000,160,0
48,11,4800,26700,0010100000,160,0
48,12,4800,26700,0010011111,159,0
48,13,4800,26700,0010100000,160,0
48,14,4800,26700,0010011101,157,0
48,15,4800,26700,0010011111,159,0
48,16,4800,26700,0010100000,160,0
48,17,4800,26700,0010011111,159,0
48,18,4800,26700,0010100000,160,0
48,19,4800,26700,0010011111,159,0
48,20,4800,26700,0010100000,160,0
48,21,4800,26700,0010100010,162,0
48,22,4800,26700,0010100000,160,0
48,23,4800,26700,0010100011,163,0
48,24,4800,26700,0010100000,160,0
48,25,4800,26700,0010100000,160,0
48,26,4800,26700,0010100000,160,0
48,27,4800,26700,0010100001,161,0
48,28,4800,26700,0010100000,160,0
48,29,4800,26700,0010011111,159,0
48,30,4800,26700,0010100000,160,0
48,31,4800,26700,0010100000,160,0
48,32,4800,26700,0010011110,158,0
48,33,4800,26700,0010100000,160,0
48,34,4800,26700,0010100000,160,0
48,35,4800,26700,0010100000,160,0
48,36,4800,26700,0010100000,160,0
48,37,4800,26700,0010100000,160,0
48,38,4800,26700,0010011111,159,0
48,39,4800,26700,0010011111,159,0
48,40,4800,26700,0010100000,160,0
48,41,4800,26700,0010100000,160,0
48,42,4800,26700,0010100000,160,0
48,43,4800,26700,0010100100,164,0
48,44,4800,26700,0010100000,160,0
48,45,4800,26700,0010011111,159,0
48,46,4800,26700,0010100000,160,0
48,47,4800,26700,0010100000,160,0
48,48,4800,26700,0010100000,160,0
48,49,4800,26700,0010100000,160,0
49,0,4900,26600,0010100000,160,0
49,1,4900,26600,0010100001,161,0
49,2,4900,26600,0010100000,160,0
49,3,4900,26600,0010100000,160,0
49,4,4900,26600,0010100000,160,0
49,5,4900,26600,0010100000,160,0
49,6,4900,26600,0010100000,160,0
49,7,4900,26600,0010100000,160,0
49,8,4900,26600,0010100000,160,0
49,9,4900,26600,0010100000,160,0
49,10,4900,26600,0010100000,160,0
49,11,4900,26600,0010100000,160,0
49,12,4900,26600,0010100001,161,0
49,13,4900,26600,0010100001,161,0
49,14,4900,26600,0010100000,160,0
49,15,4900,26600,0010100001,161,0
49,16,4900,26600,0010100001,161,0
49,17,4900,26600,0010100111,167,0
49,18,4900,26600,0010100010,162,0
49,19,4900,26600,0010100011,163,0
49,20,4900,26600,0010100001,161,0
49,21,4900,26600,0010100010,162,0
49,22,4900,26600,0010100001,161,0
49,23,4900,26600,0010100000,160,0
49,24,4900,26600,0010100000,160,0
49,25,4900,26600,0010100000,160,0
49,26,4900,26600,0010100000,160,0
49,27,4900,26600,0010100000,160,0
49,28,4900,26600,0010100000,160,0
49,29,4900,26600,0010100000,160,0
49,30,4900,26600,0010100000,160,0
49,31,4900,26600,0010100001,161,0
49,32,4900,26600,0010100000,160,0
49,33,4900,26600,0010100000,160,0
49,34,4900,26600,0010100011,163,0
49,35,4900,26600,0010100111,167,0
49,36,4900,26600,0010100001,161,0
49,37,4900,26600,0010100000,160,0
49,38,4900,26600,0010100010,162,0
49,39,4900,26600,0010100001,161,0
49,40,4900,26600,0010100011,163,0
49,41,4900,26600,0010100000,160,0
49,42,4900,26600,0010100000,160,0
49,43,4900,26600,0010100000,160,0
49,44,4900,26600,0010100000,160,0
49,45,4900,26600,0010100000,160,0
49,46,4900,26600,0010100000,160,0
49,47,4900,26600,0010100000,160,0
49,48,4900,26600,0010100000,160,0
49,49,4900,26600,0010100001,161,0
50,0,5000,26500,0010100101,165,0
50,1,5000,26500,0010100100,164,0
50,2,5000,26500,0010100011,163,0
50,3,5000,26500,0010100100,164,0
50,4,5000,26500,0010100001,161,0
50,5,5000,26500,0010100100,164,0
50,6,5000,26500,0010100100,164,0
50,7,5000,26500,0010100100,164,0
50,8,5000,26500,0010100011,163,0
50,9,5000,26500,0010100110,166,0
50,10,5000,26500,0010100100,164,0
50,11,5000,26500,0010100100,164,0
50,12,5000,26500,0010101010,170,0
50,13,5000,26500,0010101010,170,0
50,14,5000,26500,0010100101,165,0
50,15,5000,26500,0010100011,163,0
50,16,5000,26500,0010100110,166,0
50,17,5000,26500,0010100100,164,0
50,18,5000,26500,0010100110,166,0
50,19,5000,26500,0010100100,164,0
50,20,5000,26500,0010100100,164,0
50,21,5000,26500,0010100011,163,0
50,22,5000,26500,0010100100,164,0
50,23,5000,26500,0010100011,163,0
50,24,5000,26500,0010100010,162,0
50,25,5000,26500,0010101111,175,0
50,26,5000,26500,0010100001,161,0
50,27,5000,26500,0010100010,162,0
50,28,5000,26500,0010100011,163,0
50,29,5000,26500,0010100010,162,0
50,30,5000,26500,0010100011,163,0
50,31,5000,26500,0010100100,164,0
50,32,5000,26500,0010100101,165,0
50,33,5000,26500,0010100100,164,0
50,34,5000,26500,0010101000,168,0
50,35,5000,26500,0010100100,164,0
50,36,5000,26500,0010100100,164,0
50,37,5000,26500,0010100110,166,0
50,38,5000,26500,0010100110,166,0
50,39,5000,26500,0010100100,164,0
50,40,5000,26500,0010100100,164,0
50,41,5000,26500,0010100100,164,0
50,42,5000,26500,0010100100,164,0
50,43,5000,26500,0010100100,164,0
50,44,5000,26500,0010100011,163,0
50,45,5000,26500,0010100100,164,0
50,46,5000,26500,0010100100,164,0
50,47,5000,26500,0010100001,161,0
50,48,5000,26500,0010100011,163,0
50,49,5000,26500,0010100011,163,0
51,0,5100,26400,0010100110,166,0
51,1,5100,26400,0010100111,167,0
51,2,5100,26400,0010100111,167,0
51,3,5100,26400,0010100111,167,0
51,4,5100,26400,0010101010,170,0
51,5,5100,26400,0010101001,169,0
51,6,5100,26400,0010100111,167,0
51,7,5100,26400,0010101110,174,0
51,8,5100,26400,0010101000,168,0
51,9,5100,26400,0010101001,169,0
51,10,5100,26400,0010100111,167,0
51,11,5100,26400,0010101010,170,0
51,12,5100,26400,0010101000,168,0
51,13,5100,26400,0010101000,168,0
51,14,5100,26400,0010100111,167,0
51,15,5100,26400,0010100111,167,0
51,16,5100,26400,0010100101,165,0
51,17,5100,26400,0010100101,165,0
51,18,5100,26400,0010100111,167,0
51,19,5100,26400,0010100111,167,0
51,20,5100,26400,0010100110,166,0
51,21,5100,26400,0010100111,167,0
51,22,5100,26400,0010100111,167,0
51,23,5100,26400,0010101000,168,0
51,24,5100,26400,0010101100,172,0
51,25,5100,26400,0010101000,168,0
51,26,5100,26400,0010101101,173,0
51,27,5100,26400,0010101001,169,0
51,28,5100,26400,0010100111,167,0
51,29,5100,26400,0010101000,168,0
51,30,5100,26400,0010101001,169,0
51,31,5100,26400,0010100111,167,0
51,32,5100,26400,0010100111,167,0
51,33,5100,26400,0010100111,167,0
51,34,5100,26400,0010100111,167,0
51,35,5100,26400,0010100111,167,0
51,36,5100,26400,0010100111,167,0
51,37,5100,26400,0010100111,167,0
51,38,5100,26400,0010100111,167,0
51,39,5100,26400,0010100110,166,0
51,40,5100,26400,0010100111,167,0
51,41,5100,26400,0010100101,165,0
51,42,5100,26400,0010100110,166,0
51,43,5100,26400,0010100111,167,0
51,44,5100,26400,0010100111,167,0
51,45,5100,26400,0010101000,168,0
51,46,5100,26400,0010100111,167,0
51,47,5100,26400,0010100111,167,0
51,48,5100,26400,0010101001,169,0
51,49,5100,26400,0010101000,168,0
52,0,5200,26300,0010101011,171,0
52,1,5200,26300,0010101011,171,0
52,2,5200,26300,0010101010,170,0
52,3,5200,26300,0010101010,170,0
52,4,5200,26300,0010101011,171,0
52,5,5200,26300,0010101000,168,0
52,6,5200,26300,0010101010,170,0
52,7,5200,26300,0010101010,170,0
52,8,5200,26300,0010101010,170,0
52,9,5200,26300,0010101010,170,0
52,10,5200,26300,0010101010,170,0
52,11,5200,26300,0010101100,172,0
52,12,5200,26300,0010101111,175,0
52,13,5200,26300,0010101011,171,0
52,14,5200,26300,0010101101,173,0
52,15,5200,26300,0010101010,170,0
52,16,5200,26300,0010101011,171,0
52,17,5200,26300,0010101100,172,0
52,18,5200,26300,0010101010,170,0
52,19,5200,26300,0010101011,171,0
52,20,5200,26300,0010101011,171,0
52,21,5200,26300,0010101010,170,0
52,22,5200,26300,0010101001,169,0
52,23,5200,26300,0010101011,171,0
52,24,5200,26300,0010101010,170,0
52,25,5200,26300,0010101010,170,0
52,26,5200,26300,0010101011,171,0
52,27,5200,26300,0010101010,170,0
52,28,5200,26300,0010101011,171,0
52,29,5200,26300,0010110010,178,0
52,30,5200,26300,0010101011,171,0
52,31,5200,26300,0010101101,173,0
52,32,5200,26300,0010101010,170,0
52,33,5200,26300,0010101101,173,0
52,34,5200,26300,0010101011,171,0
52,35,5200,26300,0010101100,172,0
52,36,5200,26300,0010101011,171,0
52,37,5200,26300,0010101011,171,0
52,38,5200,26300,0010101010,170,0
52,39,5200,26300,0010101000,168,0
52,40,5200,26300,0010101011,171,0
52,41,5200,26300,0010101010,170,0
52,42,5200,26300,0010101001,169,0
52,43,5200,26300,0010101010,170,0
52,44,5200,26300,0010101100,172,0
52,45,5200,26300,0010101011,171,0
52,46,5200,26300,0010101111,175,0
52,47,5200,26300,0010110011,179,0
52,48,5200,26300,0010101101,173,0
52,49,5200,26300,0010101100,172,0
53,0,5300,26200,0010101110,174,0
53,1,5300,26200,0010101110,174,0
53,2,5300,26200,0010101110,174,0
53,3,5300,26200,0010101110,174,0
53,4,5300,26200,0010101110,174,0
53,5,5300,26200,0010101100,172,0
53,6,5300,26200,0010101110,174,0
53,7,5300,26200,0010101011,171,0
53,8,5300,26200,0010101110,174,0
53,9,5300,26200,0010101110,174,0
53,10,5300,26200,0010101110,174,0
53,11,5300,26200,0010101110,174,0
53,12,5300,26200,0010110010,178,0
53,13,5300,26200,0010110001,177,0
53,14,5300,26200,0010110101,181,0
53,15,5300,26200,0010110001,177,0
53,16,5300,26200,0010101111,175,0
53,17,5300,26200,0010110001,177,0
53,18,5300,26200,0010101110,174,0
53,19,5300,26200,0010110001,177,0
53,20,5300,26200,0010110001,177,0
53,21,5300,26200,0010101111,175,0
53,22,5300,26200,0010101111,175,0
53,23,5300,26200,0010101110,174,0
53,24,5300,26200,0010101110,174,0
53,25,5300,26200,0010101110,174,0
53,26,5300,26200,0010101110,174,0
53,27,5300,26200,0010101110,174,0
53,28,5300,26200,0010101111,175,0
53,29,5300,26200,0010101101,173,0
53,30,5300,26200,0010101101,173,0
53,31,5300,26200,0010101110,174,0
53,32,5300,26200,0010101110,174,0
53,33,5300,26200,0010101100,172,0
53,34,5300,26200,0010101100,172,0
53,35,5300,26200,0010101110,174,0
53,36,5300,26200,0010101101,173,0
53,37,5300,26200,0010101101,173,0
53,38,5300,26200,0010101110,174,0
53,39,5300,26200,0010101110,174,0
53,40,5300,26200,0010101111,175,0
53,41,5300,26200,0010110011,179,0
53,42,5300,26200,0010110011,179,0
53,43,5300,26200,0010101111,175,0
53,44,5300,26200,0010101111,175,0
53,45,5300,26200,0010110000,176,0
53,46,5300,26200,0010110110,182,0
53,47,5300,26200,0010110110,182,0
53,48,5300,26200,0010110110,182,0
53,49,5300,26200,0010110000,176,0
54,0,5400,26100,0010110010,178,0
54,1,5400,26100,0010110011,179,0
54,2,5400,26100,0010110011,179,0
54,3,5400,26100,0010110011,179,0
54,4,5400,26100,0010110111,183,0
54,5,5400,26100,0010110100,180,0
54,6,5400,26100,0010110011,179,0
54,7,5400,26100,0010110100,180,0
54,8,5400,26100,0010110010,178,0
54,9,5400,26100,0010110101,181,0
54,10,5400,26100,0010110011,179,0
54,11,5400,26100,0010110100,180,0
54,12,5400,26100,0010110100,180,0
54,13,5400,26100,0010110100,180,0
54,14,5400,26100,0010110011,179,0
54,15,5400,26100,0010110011,179,0
54,16,5400,26100,0010110001,177,0
54,17,5400,26100,0010110011,179,0
54,18,5400,26100,0010110000,176,0
54,19,5400,26100,0010110000,176,0
54,20,5400,26100,0010110010,178,0
54,21,5400,26100,0010101111,175,0
54,22,5400,26100,0010110010,178,0
54,23,5400,26100,0010110010,178,0
54,24,5400,26100,0010110010,178,0
54,25,5400,26100,0010110101,181,0
54,26,5400,26100,0010110100,180,0
54,27,5400,26100,0010110011,179,0
54,28,5400,26100,0010111001,185,0
54,29,5400,26100,0010110100,180,0
54,30,5400,26100,0010110011,179,0
54,31,5400,26100,0010110010,178,0
54,32,5400,26100,0010110101,181,0
54,33,5400,26100,0010110011,179,0
54,34,5400,26100,0010110010,178,0
54,35,5400,26100,0010110010,178,0
54,36,5400,26100,0010110011,179,0
54,37,5400,26100,0010110010,178,0
54,38,5400,26100,0010110001,177,0
54,39,5400,26100,0010110010,178,0
54,40,5400,26100,0010110010,178,0
54,41,5400,26100,0010110010,178,0
54,42,5400,26100,0010110010,178,0
54,43,5400,26100,0010110010,178,0
54,44,5400,26100,0010110011,179,0
54,45,5400,26100,0010110010,178,0
54,46,5400,26100,0010110111,183,0
54,47,5400,26100,0010110100,180,0
54,48,5400,26100,0010110100,180,0
54,49,5400,26100,0010110011,179,0
55,0,5500,26000,0010110110,182,0
55,1,5500,26000,0010110111,183,0
55,2,5500,26000,0010110111,183,0
55,3,5500,26000,0010110110,182,0
55,4,5500,26000,0010110110,182,0
55,5,5500,26000,0010110110,182,0
55,6,5500,26000,0010110101,181,0
55,7,5500,26000,0010110100,180,0
55,8,5500,26000,0010110100,180,0
55,9,5500,26000,0010110110,182,0
55,10,5500,26000,0010110110,182,0
55,11,5500,26000,0010110110,182,0
55,12,5500,26000,0010110011,179,0
55,13,5500,26000,0010110101,181,0
55,14,5500,26000,0010110110,182,0
55,15,5500,26000,0010110111,183,0
55,16,5500,26000,0010110110,182,0
55,17,5500,26000,0010111001,185,0
55,18,5500,26000,0010110110,182,0
55,19,5500,26000,0010111101,189,0
55,20,5500,26000,0010110111,183,0
55,21,5500,26000,0010111000,184,0
55,22,5500,26000,0010110110,182,0
55,23,5500,26000,0010111000,184,0
55,24,5500,26000,0010110111,183,0
55,25,5500,26000,0010110110,182,0
55,26,5500,26000,0010110110,182,0
55,27,5500,26000,0010110101,181,0
55,28,5500,26000,0010110011,179,0
55,29,5500,26000,0010110110,182,0
55,30,5500,26000,0010110110,182,0
55,31,5500,26000,0010110100,180,0
55,32,5500,26000,0010110110,182,0
55,33,5500,26000,0010110101,181,0
55,34,5500,26000,0010110110,182,0
55,35,5500,26000,0010110111,183,0
55,36,5500,26000,0010111010,186,0
55,37,5500,26000,0010110110,182,0
55,38,5500,26000,0010111110,190,0
55,39,5500,26000,0010110110,182,0
55,40,5500,26000,0010111001,185,0
55,41,5500,26000,0010110111,183,0
55,42,5500,26000,0010111000,184,0
55,43,5500,26000,0010110110,182,0
55,44,5500,26000,0010110101,181,0
55,45,5500,26000,0010110110,182,0
55,46,5500,26000,0010110100,180,0
55,47,5500,26000,0010110110,182,0
55,48,5500,26000,0010110011,179,0
55,49,5500,26000,0010110110,182,0
56,0,5600,25900,0010111001,185,0
56,1,5600,25900,0010111100,188,0
56,2,5600,25900,0011000000,192,0
56,3,5600,25900,0011000000,192,0
56,4,5600,25900,0010111001,185,0
56,5,5600,25900,0010111010,186,0
56,6,5600,25900,0010111001,185,0
56,7,5600,25900,0010111001,185,0
56,8,5600,25900,0010111100,188,0
56,9,5600,25900,0010111100,188,0
56,10,5600,25900,0010111100,188,0
56,11,5600,25900,0010111010,186,0
56,12,5600,25900,0010111100,188,0
56,13,5600,25900,0010111100,188,0
56,14,5600,25900,0010111010,186,0
56,15,5600,25900,0010111000,184,0
56,16,5600,25900,0010111010,186,0
56,17,5600,25900,0010111001,185,0
56,18,5600,25900,0010111000,184,0
56,19,5600,25900,0010111001,185,0
56,20,5600,25900,0010110111,183,0
56,21,5600,25900,0010111000,184,0
56,22,5600,25900,0010111001,185,0
56,23,5600,25900,0010111001,185,0
56,24,5600,25900,0010111001,185,0
56,25,5600,25900,0010111011,187,0
56,26,5600,25900,0010111001,185,0
56,27,5600,25900,0010111110,190,0
56,28,5600,25900,0010111010,186,0
56,29,5600,25900,0010111010,186,0
56,30,5600,25900,0010111001,185,0
56,31,5600,25900,0010111001,185,0
56,32,5600,25900,0010111100,188,0
56,33,5600,25900,0010111011,187,0
56,34,5600,25900,0010111001,185,0
56,35,5600,25900,0010111001,185,0
56,36,5600,25900,0010111001,185,0
56,37,5600,25900,0010111001,185,0
56,38,5600,25900,0010111000,184,0
56,39,5600,25900,0010110111,183,0
56,40,5600,25900,0010111001,185,0
56,41,5600,25900,0010111011,187,0
56,42,5600,25900,0010111010,186,0
56,43,5600,25900,0010111001,185,0
56,44,5600,25900,0010111001,185,0
56,45,5600,25900,0010111100,188,0
56,46,5600,25900,0010111100,188,0
56,47,5600,25900,0010111010,186,0
56,48,5600,25900,0011000000,192,0
56,49,5600,25900,0010111001,185,0
57,0,5700,25800,0010111101,189,0
57,1,5700,25800,0010111111,191,0
57,2,5700,25800,0010111100,188,0
57,3,5700,25800,0010111111,191,0
57,4,5700,25800,0010111111,191,0
57,5,5700,25800,0010111101,189,0
57,6,5700,25800,0010111101,189,0
57,7,5700,25800,0010111101,189,0
57,8,5700,25800,0010111100,188,0
57,9,5700,25800,0010111101,189,0
57,10,5700,25800,0010111101,189,0
57,11,5700,25800,0010111101,189,0
57,12,5700,25800,0010111101,189,0
57,13,5700,25800,0010111101,189,0
57,14,5700,25800,0010111011,187,0
57,15,5700,25800,0010111100,188,0
57,16,5700,25800,0010111101,189,0
57,17,5700,25800,0010111010,186,0
57,18,5700,25800,0010111100,188,0
57,19,5700,25800,0010111100,188,0
57,20,5700,25800,0010111100,188,0
57,21,5700,25800,0010111011,187,0
57,22,5700,25800,0010111100,188,0
57,23,5700,25800,0010111101,189,0
57,24,5700,25800,0010111110,190,0
57,25,5700,25800,0010111110,190,0
57,26,5700,25800,0010111101,189,0
57,27,5700,25800,0011000011,195,0
57,28,5700,25800,0010111110,190,0
57,29,5700,25800,0010111110,190,0
57,30,5700,25800,0010111101,189,0
57,31,5700,25800,0011000000,192,0
57,32,5700,25800,0010111100,188,0
57,33,5700,25800,0010111100,188,0
57,34,5700,25800,0010111110,190,0
57,35,5700,25800,0010111110,190,0
57,36,5700,25800,0010111101,189,0
57,37,5700,25800,0010111101,189,0
57,38,5700,25800,0010111100,188,0
57,39,5700,25800,0010111100,188,0
57,40,5700,25800,0010111101,189,0
57,41,5700,25800,0010111011,187,0
57,42,5700,25800,0010111011,187,0
57,43,5700,25800,0010111100,188,0
57,44,5700,25800,0010111101,189,0
57,45,5700,25800,0010111010,186,0
57,46,5700,25800,0010111011,187,0
57,47,5700,25800,0010111100,188,0
57,48,5700,25800,0010111101,189,0
57,49,5700,25800,0010111101,189,0
58,0,5800,25700,0011000000,192,0
58,1,5800,25700,0010111111,191,0
58,2,5800,25700,0010111111,191,0
58,3,5800,25700,0011000000,192,0
58,4,5800,25700,0010111111,191,0
58,5,5800,25700,0011000000,192,0
58,6,5800,25700,0010111111,191,0
58,7,5800,25700,0011000010,194,0
58,8,5800,25700,0011000010,194,0
58,9,5800,25700,0011000000,192,0
58,10,5800,25700,0011000000,192,0
58,11,5800,25700,0010111111,191,0
58,12,5800,25700,0010111111,191,0
58,13,5800,25700,0011000000,192,0
58,14,5800,25700,0011000000,192,0
58,15,5800,25700,0010111111,191,0
58,16,5800,25700,0011000000,192,0
58,17,5800,25700,0011000000,192,0
58,18,5800,25700,0010111111,191,0
58,19,5800,25700,0011000000,192,0
58,20,5800,25700,0010111101,189,0
58,21,5800,25700,0011000000,192,0
58,22,5800,25700,0010111110,190,0
58,23,5800,25700,0011000000,192,0
58,24,5800,25700,0010111111,191,0
58,25,5800,25700,0011000000,192,0
58,26,5800,25700,0011000011,195,0
58,27,5800,25700,0011000011,195,0
58,28,5800,25700,0011000000,192,0
58,29,5800,25700,0011000000,192,0
58,30,5800,25700,0011000000,192,0
58,31,5800,25700,0011000000,192,0
58,32,5800,25700,0011000000,192,0
58,33,5800,25700,0011000000,192,0
58,34,5800,25700,0010111110,190,0
58,35,5800,25700,0011000000,192,0
58,36,5800,25700,0010111101,189,0
58,37,5800,25700,0010111110,190,0
58,38,5800,25700,0011000000,192,0
58,39,5800,25700,0011000000,192,0
58,40,5800,25700,0011000000,192,0
58,41,5800,25700,0010111111,191,0
58,42,5800,25700,0011000001,193,0
58,43,5800,25700,0011000000,192,0
58,44,5800,25700,0011000100,196,0
58,45,5800,25700,0011000000,192,0
58,46,5800,25700,0010111111,191,0
58,47,5800,25700,0011000000,192,0
58,48,5800,25700,0011000000,192,0
58,49,5800,25700,0011000000,192,0
59,0,5900,25600,0011000001,193,0
59,1,5900,25600,0011000001,193,0
59,2,5900,25600,0011000000,192,0
59,3,5900,25600,0011000000,192,0
59,4,5900,25600,0011000001,193,0
59,5,5900,25600,0011000000,192,0
59,6,5900,25600,0011000000,192,0
59,7,5900,25600,0011000001,193,0
59,8,5900,25600,0011000001,193,0
59,9,5900,25600,0011000011,195,0
59,10,5900,25600,0011000001,193,0
59,11,5900,25600,0011000111,199,0
59,12,5900,25600,0011000011,195,0
59,13,5900,25600,0011000001,193,0
59,14,5900,25600,0011000011,195,0
59,15,5900,25600,0011000001,193,0
59,16,5900,25600,0011000001,193,0
59,17,5900,25600,0011000011,195,0
59,18,5900,25600,0011000011,195,0
59,19,5900,25600,0011000000,192,0
59,20,5900,25600,0011000001,193,0
59,21,5900,25600,0011000001,193,0
59,22,5900,25600,0011000000,192,0
59,23,5900,25600,0011000001,193,0
59,24,5900,25600,0011000001,193,0
59,25,5900,25600,0011000000,192,0
59,26,5900,25600,0011000000,192,0
59,27,5900,25600,0011000001,193,0
59,28,5900,25600,0011000001,193,0
59,29,5900,25600,0011000001,193,0
59,30,5900,25600,0011000010,194,0
59,31,5900,25600,0011000000,192,0
59,32,5900,25600,0011000101,197,0
59,33,5900,25600,0011000010,194,0
59,34,5900,25600,0011000111,199,0
59,35,5900,25600,0011000011,195,0
59,36,5900,25600,0011000011,195,0
59,37,5900,25600,0011000011,195,0
59,38,5900,25600,0011000001,193,0
59,39,5900,25600,0011000010,194,0
59,40,5900,25600,0011000001,193,0
59,41,5900,25600,0011000001,193,0
59,42,5900,25600,0011000001,193,0
59,43,5900,25600,0011000000,192,0
59,44,5900,25600,0011000000,192,0
59,45,5900,25600,0011000001,193,0
59,46,5900,25600,0011000001,193,0
59,47,5900,25600,0011000001,193,0
59,48,5900,25600,0011000001,193,0
59,49,5900,25600,0011000001,193,0
60,0,6000,25500,0011000110,198,0
60,1,6000,25500,0011000100,196,0
60,2,6000,25500,0011000111,199,0
60,3,6000,25500,0011000111,199,0
60,4,6000,25500,0011000111,199,0
60,5,6000,25500,0011000101,197,0
60,6,6000,25500,0011000110,198,0
60,7,6000,25500,0011000110,198,0
60,8,6000,25500,0011000101,197,0
60,9,6000,25500,0011000011,195,0
60,10,6000,25500,0011000100,196,0
60,11,6000,25500,0011000100,196,0
60,12,6000,25500,0011000100,196,0
60,13,6000,25500,0011000011,195,0
60,14,6000,25500,0011000010,194,0
60,15,6000,25500,0011000100,196,0
60,16,6000,25500,0011000011,195,0
60,17,6000,25500,0011000011,195,0
60,18,6000,25500,0011000100,196,0
60,19,6000,25500,0011000100,196,0
60,20,6000,25500,0011000110,198,0
60,21,6000,25500,0011000100,196,0
60,22,6000,25500,0011001000,200,0
60,23,6000,25500,0011001000,200,0
60,24,6000,25500,0011000101,197,0
60,25,6000,25500,0011001010,202,0
60,26,6000,25500,0011000101,197,0
60,27,6000,25500,0011000111,199,0
60,28,6000,25500,0011000101,197,0
60,29,6000,25500,0011000101,197,0
60,30,6000,25500,0011000101,197,0
60,31,6000,25500,0011000101,197,0
60,32,6000,25500,0011000100,196,0
60,33,6000,25500,0011000101,197,0
60,34,6000,25500,0011000100,196,0
60,35,6000,25500,0011000010,194,0
60,36,6000,25500,0011000100,196,0
60,37,6000,25500,0011000100,196,0
60,38,6000,25500,0011000100,196,0
60,39,6000,25500,0011000100,196,0
60,40,6000,25500,0011000111,199,0
60,41,6000,25500,0011000101,197,0
60,42,6000,25500,0011001010,202,0
60,43,6000,25500,0011000101,197,0
60,44,6000,25500,0011000100,196,0
60,45,6000,25500,0011000101,197,0
60,46,6000,25500,0011000111,199,0
60,47,6000,25500,0011000101,197,0
60,48,6000,25500,0011000111,199,0
60,49,6000,25500,0011000101,197,0
61,0,6100,25400,0011001000,200,0
61,1,6100,25400,0011000111,199,0
61,2,6100,25400,0011001000,200,0
61,3,6100,25400,0011000101,197,0
61,4,6100,25400,0011000111,199,0
61,5,6100,25400,0011000111,199,0
61,6,6100,25400,0011001000,200,0
61,7,6100,25400,0011001000,200,0
61,8,6100,25400,0011001000,200,0
61,9,6100,25400,0011001000,200,0
61,10,6100,25400,0011001010,202,0
61,11,6100,25400,0011001000,200,0
61,12,6100,25400,0011001100,204,0
61,13,6100,25400,0011001000,200,0
61,14,6100,25400,0011001110,206,0
61,15,6100,25400,0011001110,206,0
61,16,6100,25400,0011001010,202,0
61,17,6100,25400,0011001000,200,0
61,18,6100,25400,0011001000,200,0
61,19,6100,25400,0011001001,201,0
61,20,6100,25400,0011001000,200,0
61,21,6100,25400,0011001000,200,0
61,22,6100,25400,0011001000,200,0
61,23,6100,25400,0011000111,199,0
61,24,6100,25400,0011001000,200,0
61,25,6100,25400,0011001000,200,0
61,26,6100,25400,0011000110,198,0
61,27,6100,25400,0011001000,200,0
61,28,6100,25400,0011000111,199,0
61,29,6100,25400,0011000111,199,0
61,30,6100,25400,0011001000,200,0
61,31,6100,25400,0011000111,199,0
61,32,6100,25400,0011001000,200,0
61,33,6100,25400,0011001100,204,0
61,34,6100,25400,0011001001,201,0
61,35,6100,25400,0011001000,200,0
61,36,6100,25400,0011001000,200,0
61,37,6100,25400,0011001010,202,0
61,38,6100,25400,0011001010,202,0
61,39,6100,25400,0011001010,202,0
61,40,6100,25400,0011001000,200,0
61,41,6100,25400,0011001000,200,0
61,42,6100,25400,0011001000,200,0
61,43,6100,25400,0011001000,200,0
61,44,6100,25400,0011001000,200,0
61,45,6100,25400,0011001000,200,0
61,46,6100,25400,0011000111,199,0
61,47,6100,25400,0011001000,200,0
61,48,6100,25400,0011000111,199,0
61,49,6100,25400,0011001000,200,0
62,0,6200,25300,0011010010,210,0
62,1,6200,25300,0011001100,204,0
62,2,6200,25300,0011001011,203,0
62,3,6200,25300,0011001110,206,0
62,4,6200,25300,0011001100,204,0
62,5,6200,25300,0011001110,206,0
62,6,6200,25300,0011001100,204,0
62,7,6200,25300,0011001100,204,0
62,8,6200,25300,0011001011,203,0
62,9,6200,25300,0011001100,204,0
62,10,6200,25300,0011001011,203,0
62,11,6200,25300,0011001010,202,0
62,12,6200,25300,0011001010,202,0
62,13,6200,25300,0011001011,203,0
62,14,6200,25300,0011001011,203,0
62,15,6200,25300,0011001010,202,0
62,16,6200,25300,0011001011,203,0
62,17,6200,25300,0011001011,203,0
62,18,6200,25300,0011001011,203,0
62,19,6200,25300,0011001100,204,0
62,20,6200,25300,0011001111,207,0
62,21,6200,25300,0011001100,204,0
62,22,6200,25300,0011010011,211,0
62,23,6200,25300,0011001101,205,0
62,24,6200,25300,0011001100,204,0
62,25,6200,25300,0011001101,205,0
62,26,6200,25300,0011001100,204,0
62,27,6200,25300,0011001100,204,0
62,28,6200,25300,0011001100,204,0
62,29,6200,25300,0011001100,204,0
62,30,6200,25300,0011001011,203,0
62,31,6200,25300,0011001011,203,0
62,32,6200,25300,0011001011,203,0
62,33,6200,25300,0011001001,201,0
62,34,6200,25300,0011001010,202,0
62,35,6200,25300,0011001011,203,0
62,36,6200,25300,0011001000,200,0
62,37,6200,25300,0011001001,201,0
62,38,6200,25300,0011001011,203,0
62,39,6200,25300,0011001011,203,0
62,40,6200,25300,0011001100,204,0
62,41,6200,25300,0011001100,204,0
62,42,6200,25300,0011001110,206,0
62,43,6200,25300,0011001100,204,0
62,44,6200,25300,0011010011,211,0
62,45,6200,25300,0011001100,204,0
62,46,6200,25300,0011001101,205,0
62,47,6200,25300,0011001101,205,0
62,48,6200,25300,0011001100,204,0
62,49,6200,25300,0011001100,204,0
63,0,6300,25200,0011010010,210,0
63,1,6300,25200,0011010011,211,0
63,2,6300,25200,0011001111,207,0
63,3,6300,25200,0011001111,207,0
63,4,6300,25200,0011001110,206,0
63,5,6300,25200,0011001111,207,0
63,6,6300,25200,0011001100,204,0
63,7,6300,25200,0011001100,204,0
63,8,6300,25200,0011001111,207,0
63,9,6300,25200,0011001111,207,0
63,10,6300,25200,0011010001,209,0
63,11,6300,25200,0011010011,211,0
63,12,6300,25200,0011010100,212,0
63,13,6300,25200,0011010001,209,0
63,14,6300,25200,0011010110,214,0
63,15,6300,25200,0011001110,206,0
63,16,6300,25200,0011001111,207,0
63,17,6300,25200,0011010001,209,0
63,18,6300,25200,0011001111,207,0
63,19,6300,25200,0011001111,207,0
63,20,6300,25200,0011001111,207,0
63,21,6300,25200,0011001101,205,0
63,22,6300,25200,0011001111,207,0
63,23,6300,25200,0011001100,204,0
63,24,6300,25200,0011001110,206,0
63,25,6300,25200,0011001111,207,0
63,26,6300,25200,0011001111,207,0
63,27,6300,25200,0011010010,210,0
63,28,6300,25200,0011010010,210,0
63,29,6300,25200,0011010010,210,0
63,30,6300,25200,0011001111,207,0
63,31,6300,25200,0011010110,214,0
63,32,6300,25200,0011010001,209,0
63,33,6300,25200,0011010001,209,0
63,34,6300,25200,0011001110,206,0
63,35,6300,25200,0011001111,207,0
63,36,6300,25200,0011010010,210,0
63,37,6300,25200,0011010010,210,0
63,38,6300,25200,0011001111,207,0
63,39,6300,25200,0011001111,207,0
63,40,6300,25200,0011001111,207,0
63,41,6300,25200,0011010010,210,0
63,42,6300,25200,0011010010,210,0
63,43,6300,25200,0011010010,210,0
63,44,6300,25200,0011010010,210,0
63,45,6300,25200,0011001111,207,0
63,46,6300,25200,0011001111,207,0
63,47,6300,25200,0011001111,207,0
63,48,6300,25200,0011001111,207,0
63,49,6300,25200,0011001110,206,0
64,0,6400,25100,0011011010,218,0
64,1,6400,25100,0011010101,213,0
64,2,6400,25100,0011010101,213,0
64,3,6400,25100,0011010110,214,0
64,4,6400,25100,0011010101,213,0
64,5,6400,25100,0011010011,211,0
64,6,6400,25100,0011010011,211,0
64,7,6400,25100,0011010100,212,0
64,8,6400,25100,0011010100,212,0
64,9,6400,25100,0011010011,211,0
64,10,6400,25100,0011010011,211,0
64,11,6400,25100,0011010100,212,0
64,12,6400,25100,0011010011,211,0
64,13,6400,25100,0011010011,211,0
64,14,6400,25100,0011010011,211,0
64,15,6400,25100,0011010011,211,0
64,16,6400,25100,0011010011,211,0
64,17,6400,25100,0011010011,211,0
64,18,6400,25100,0011010011,211,0
64,19,6400,25100,0011010001,209,0
64,20,6400,25100,0011010011,211,0
64,21,6400,25100,0011010011,211,0
64,22,6400,25100,0011010001,209,0
64,23,6400,25100,0011010011,211,0
64,24,6400,25100,0011010011,211,0
64,25,6400,25100,0011010011,211,0
64,26,6400,25100,0011010011,211,0
64,27,6400,25100,0011010011,211,0
64,28,6400,25100,0011010011,211,0
64,29,6400,25100,0011010010,210,0
64,30,6400,25100,0011010011,211,0
64,31,6400,25100,0011010011,211,0
64,32,6400,25100,0011010011,211,0
64,33,6400,25100,0011010011,211,0
64,34,6400,25100,0011010101,213,0
64,35,6400,25100,0011010101,213,0
64,36,6400,25100,0011011001,217,0
64,37,6400,25100,0011011001,217,0
64,38,6400,25100,0011011001,217,0
64,39,6400,25100,0011011001,217,0
64,40,6400,25100,0011011000,216,0
64,41,6400,25100,0011010100,212,0
64,42,6400,25100,0011010011,211,0
64,43,6400,25100,0011010110,214,0
64,44,6400,25100,0011010101,213,0
64,45,6400,25100,0011010011,211,0
64,46,6400,25100,0011010011,211,0
64,47,6400,25100,0011010101,213,0
64,48,6400,25100,0011010100,212,0
64,49,6400,25100,0011010011,211,0
65,0,6500,25000,0011011000,216,0
65,1,6500,25000,0011011000,216,0
65,2,6500,25000,0011011000,216,0
65,3,6500,25000,0011010111,215,0
65,4,6500,25000,0011010111,215,0
65,5,6500,25000,0011010110,214,0
65,6,6500,25000,0011010110,214,0
65,7,6500,25000,0011010110,214,0
65,8,6500,25000,0011010111,215,0
65,9,6500,25000,0011010111,215,0
65,10,6500,25000,0011010100,212,0
65,11,6500,25000,0011010100,212,0
65,12,6500,25000,0011010100,212,0
65,13,6500,25000,0011010101,213,0
65,14,6500,25000,0011010100,212,0
65,15,6500,25000,0011010110,214,0
65,16,6500,25000,0011010101,213,0
65,17,6500,25000,0011010110,214,0
65,18,6500,25000,0011010110,214,0
65,19,6500,25000,0011010110,214,0
65,20,6500,25000,0011010100,212,0
65,21,6500,25000,0011010100,212,0
65,22,6500,25000,0011010110,214,0
65,23,6500,25000,0011010110,214,0
65,24,6500,25000,0011010110,214,0
65,25,6500,25000,0011010111,215,0
65,26,6500,25000,0011010111,215,0
65,27,6500,25000,0011010111,215,0
65,28,6500,25000,0011010111,215,0
65,29,6500,25000,0011010110,214,0
65,30,6500,25000,0011010111,215,0
65,31,6500,25000,0011011001,217,0
65,32,6500,25000,0011010111,215,0
65,33,6500,25000,0011010111,215,0
65,34,6500,25000,0011010111,215,0
65,35,6500,25000,0011011110,222,0
65,36,6500,25000,0011011101,221,0
65,37,6500,25000,0011011000,216,0
65,38,6500,25000,0011011000,216,0
65,39,6500,25000,0011011000,216,0
65,40,6500,25000,0011010111,215,0
65,41,6500,25000,0011010110,214,0
65,42,6500,25000,0011011001,217,0
65,43,6500,25000,0011011001,217,0
65,44,6500,25000,0011011001,217,0
65,45,6500,25000,0011011001,217,0
65,46,6500,25000,0011011001,217,0
65,47,6500,25000,0011010111,215,0
65,48,6500,25000,0011010111,215,0
65,49,6500,25000,0011011001,217,0
66,0,6600,24900,0011011010,218,0
66,1,6600,24900,0011011010,218,0
66,2,6600,24900,0011010111,215,0
66,3,6600,24900,0011010111,215,0
66,4,6600,24900,0011011010,218,0
66,5,6600,24900,0011011010,218,0
66,6,6600,24900,0011011010,218,0
66,7,6600,24900,0011011010,218,0
66,8,6600,24900,0011011001,217,0
66,9,6600,24900,0011011010,218,0
66,10,6600,24900,0011011010,218,0
66,11,6600,24900,0011011001,217,0
66,12,6600,24900,0011011100,220,0
66,13,6600,24900,0011011100,220,0
66,14,6600,24900,0011011100,220,0
66,15,6600,24900,0011011010,218,0
66,16,6600,24900,0011011010,218,0
66,17,6600,24900,0011100000,224,0
66,18,6600,24900,0011011010,218,0
66,19,6600,24900,0011011011,219,0
66,20,6600,24900,0011011010,218,0
66,21,6600,24900,0011011011,219,0
66,22,6600,24900,0011011010,218,0
66,23,6600,24900,0011011101,221,0
66,24,6600,24900,0011011100,220,0
66,25,6600,24900,0011011100,220,0
66,26,6600,24900,0011011010,218,0
66,27,6600,24900,0011011100,220,0
66,28,6600,24900,0011011010,218,0
66,29,6600,24900,0011011011,219,0
66,30,6600,24900,0011011011,219,0
66,31,6600,24900,0011011011,219,0
66,32,6600,24900,0011011001,217,0
66,33,6600,24900,0011011010,218,0
66,34,6600,24900,0011011001,217,0
66,35,6600,24900,0011011010,218,0
66,36,6600,24900,0011011001,217,0
66,37,6600,24900,0011010111,215,0
66,38,6600,24900,0011010111,215,0
66,39,6600,24900,0011011001,217,0
66,40,6600,24900,0011011001,217,0
66,41,6600,24900,0011011000,216,0
66,42,6600,24900,0011011001,217,0
66,43,6600,24900,0011011010,218,0
66,44,6600,24900,0011011010,218,0
66,45,6600,24900,0011011001,217,0
66,46,6600,24900,0011011011,219,0
66,47,6600,24900,0011011010,218,0
66,48,6600,24900,0011011110,222,0
66,49,6600,24900,0011011110,222,0
67,0,6700,24800,0011011100,220,0
67,1,6700,24800,0011011101,221,0
67,2,6700,24800,0011011101,221,0
67,3,6700,24800,0011011110,222,0
67,4,6700,24800,0011011110,222,0
67,5,6700,24800,0011011110,222,0
67,6,6700,24800,0011011101,221,0
67,7,6700,24800,0011100000,224,0
67,8,6700,24800,0011011101,221,0
67,9,6700,24800,0011011101,221,0
67,10,6700,24800,0011100010,226,0
67,11,6700,24800,0011100001,225,0
67,12,6700,24800,0011011110,222,0
67,13,6700,24800,0011011101,221,0
67,14,6700,24800,0011011110,222,0
67,15,6700,24800,0011011110,222,0
67,16,6700,24800,0011011101,221,0
67,17,6700,24800,0011100000,224,0
67,18,6700,24800,0011100000,224,0
67,19,6700,24800,0011011101,221,0
67,20,6700,24800,0011011100,220,0
67,21,6700,24800,0011100000,224,0
67,22,6700,24800,0011011101,221,0
67,23,6700,24800,0011011101,221,0
67,24,6700,24800,0011011101,221,0
67,25,6700,24800,0011011101,221,0
67,26,6700,24800,0011011110,222,0
67,27,6700,24800,0011011101,221,0
67,28,6700,24800,0011011101,221,0
67,29,6700,24800,0011011101,221,0
67,30,6700,24800,0011011100,220,0
67,31,6700,24800,0011011101,221,0
67,32,6700,24800,0011011011,219,0
67,33,6700,24800,0011011011,219,0
67,34,6700,24800,0011011011,219,0
67,35,6700,24800,0011011011,219,0
67,36,6700,24800,0011011011,219,0
67,37,6700,24800,0011011101,221,0
67,38,6700,24800,0011011100,220,0
67,39,6700,24800,0011011100,220,0
67,40,6700,24800,0011011101,221,0
67,41,6700,24800,0011011101,221,0
67,42,6700,24800,0011011101,221,0
67,43,6700,24800,0011011101,221,0
67,44,6700,24800,0011011101,221,0
67,45,6700,24800,0011011110,222,0
67,46,6700,24800,0011011111,223,0
67,47,6700,24800,0011011101,221,0
67,48,6700,24800,0011011110,222,0
67,49,6700,24800,0011011110,222,0
68,0,6800,24700,0011100000,224,0
68,1,6800,24700,0011100000,224,0
68,2,6800,24700,0011100011,227,0
68,3,6800,24700,0011100011,227,0
68,4,6800,24700,0011100011,227,0
68,5,6800,24700,0011100011,227,0
68,6,6800,24700,0011100000,224,0
68,7,6800,24700,0011100000,224,0
68,8,6800,24700,0011100000,224,0
68,9,6800,24700,0011100000,224,0
68,10,6800,24700,0011100000,224,0
68,11,6800,24700,0011100000,224,0
68,12,6800,24700,0011100000,224,0
68,13,6800,24700,0011100000,224,0
68,14,6800,24700,0011100000,224,0
68,15,6800,24700,0011100000,224,0
68,16,6800,24700,0011100000,224,0
68,17,6800,24700,0011100000,224,0
68,18,6800,24700,0011100000,224,0
68,19,6800,24700,0011100000,224,0
68,20,6800,24700,0011100000,224,0
68,21,6800,24700,0011100000,224,0
68,22,6800,24700,0011100000,224,0
68,23,6800,24700,0011100000,224,0
68,24,6800,24700,0011100000,224,0
68,25,6800,24700,0011100000,224,0
68,26,6800,24700,0011011110,222,0
68,27,6800,24700,0011011110,222,0
68,28,6800,24700,0011100000,224,0
68,29,6800,24700,0011100000,224,0
68,30,6800,24700,0011100000,224,0
68,31,6800,24700,0011100000,224,0
68,32,6800,24700,0011011111,223,0
68,33,6800,24700,0011011111,223,0
68,34,6800,24700,0011011111,223,0
68,35,6800,24700,0011011111,223,0
68,36,6800,24700,0011011111,223,0
68,37,6800,24700,0011011111,223,0
68,38,6800,24700,0011011111,223,0
68,39,6800,24700,0011100000,224,0
68,40,6800,24700,0011100000,224,0
68,41,6800,24700,0011100000,224,0
68,42,6800,24700,0011100000,224,0
68,43,6800,24700,0011100000,224,0
68,44,6800,24700,0011100000,224,0
68,45,6800,24700,0011100000,224,0
68,46,6800,24700,0011100001,225,0
68,47,6800,24700,0011100000,224,0
68,48,6800,24700,0011100011,227,0
68,49,6800,24700,0011100000,224,0
69,0,6900,24600,0011100101,229,0
69,1,6900,24600,0011100001,225,0
69,2,6900,24600,0011100110,230,0
69,3,6900,24600,0011100111,231,0
69,4,6900,24600,0011100011,227,0
69,5,6900,24600,0011100011,227,0
69,6,6900,24600,0011100001,225,0
69,7,6900,24600,0011100001,225,0
69,8,6900,24600,0011100010,226,0
69,9,6900,24600,0011100001,225,0
69,10,6900,24600,0011100001,225,0
69,11,6900,24600,0011100000,224,0
69,12,6900,24600,0011100001,225,0
69,13,6900,24600,0011100001,225,0
69,14,6900,24600,0011100000,224,0
69,15,6900,24600,0011100000,224,0
69,16,6900,24600,0011100000,224,0
69,17,6900,24600,0011100001,225,0
69,18,6900,24600,0011100001,225,0
69,19,6900,24600,0011100000,224,0
69,20,6900,24600,0011100001,225,0
69,21,6900,24600,0011100001,225,0
69,22,6900,24600,0011100001,225,0
69,23,6900,24600,0011100011,227,0
69,24,6900,24600,0011100110,230,0
69,25,6900,24600,0011100010,226,0
69,26,6900,24600,0011100010,226,0
69,27,6900,24600,0011100001,225,0
69,28,6900,24600,0011100001,225,0
69,29,6900,24600,0011100011,227,0
69,30,6900,24600,0011100001,225,0
69,31,6900,24600,0011100011,227,0
69,32,6900,24600,0011100001,225,0
69,33,6900,24600,0011100000,224,0
69,34,6900,24600,0011100001,225,0
69,35,6900,24600,0011100001,225,0
69,36,6900,24600,0011100001,225,0
69,37,6900,24600,0011100001,225,0
69,38,6900,24600,0011100001,225,0
69,39,6900,24600,0011100001,225,0
69,40,6900,24600,0011100001,225,0
69,41,6900,24600,0011100000,224,0
69,42,6900,24600,0011100000,224,0
69,43,6900,24600,0011100000,224,0
69,44,6900,24600,0011100001,225,0
69,45,6900,24600,0011100001,225,0
69,46,6900,24600,0011100000,224,0
69,47,6900,24600,0011100000,224,0
69,48,6900,24600,0011100000,224,0
69,49,6900,24600,0011100000,224,0
70,0,7000,24500,0011100100,228,0
70,1,7000,24500,0011100100,228,0
70,2,7000,24500,0011100100,228,0
70,3,7000,24500,0011100111,231,0
70,4,7000,24500,0011100101,229,0
70,5,7000,24500,0011100100,228,0
70,6,7000,24500,0011100110,230,0
70,7,7000,24500,0011100101,229,0
70,8,7000,24500,0011100100,228,0
70,9,7000,24500,0011100100,228,0
70,10,7000,24500,0011100100,228,0
70,11,7000,24500,0011100100,228,0
70,12,7000,24500,0011100010,226,0
70,13,7000,24500,0011100010,226,0
70,14,7000,24500,0011100100,228,0
70,15,7000,24500,0011100100,228,0
70,16,7000,24500,0011100010,226,0
70,17,7000,24500,0011100100,228,0
70,18,7000,24500,0011100100,228,0
70,19,7000,24500,0011100100,228,0
70,20,7000,24500,0011100101,229,0
70,21,7000,24500,0011100100,228,0
70,22,7000,24500,0011100100,228,0
70,23,7000,24500,0011100100,228,0
70,24,7000,24500,0011100110,230,0
70,25,7000,24500,0011100110,230,0
70,26,7000,24500,0011100110,230,0
70,27,7000,24500,0011100101,229,0
70,28,7000,24500,0011100100,228,0
70,29,7000,24500,0011101010,234,0
70,30,7000,24500,0011100100,228,0
70,31,7000,24500,0011100110,230,0
70,32,7000,24500,0011100101,229,0
70,33,7000,24500,0011100100,228,0
70,34,7000,24500,0011100111,231,0
70,35,7000,24500,0011100101,229,0
70,36,7000,24500,0011100100,228,0
70,37,7000,24500,0011100100,228,0
70,38,7000,24500,0011100011,227,0
70,39,7000,24500,0011100010,226,0
70,40,7000,24500,0011100100,228,0
70,41,7000,24500,0011100011,227,0
70,42,7000,24500,0011100100,228,0
70,43,7000,24500,0011100101,229,0
70,44,7000,24500,0011100101,229,0
70,45,7000,24500,0011100100,228,0
70,46,7000,24500,0011100100,228,0
70,47,7000,24500,0011100101,229,0
70,48,7000,24500,0011101010,234,0
70,49,7000,24500,0011100110,230,0
71,0,7100,24400,0011101001,233,0
71,1,7100,24400,0011101010,234,0
71,2,7100,24400,0011101000,232,0
71,3,7100,24400,0011101001,233,0
71,4,7100,24400,0011101000,232,0
71,5,7100,24400,0011101000,232,0
71,6,7100,24400,0011101000,232,0
71,7,7100,24400,0011100111,231,0
71,8,7100,24400,0011100110,230,0
71,9,7100,24400,0011101000,232,0
71,10,7100,24400,0011101000,232,0
71,11,7100,24400,0011100101,229,0
71,12,7100,24400,0011100111,231,0
71,13,7100,24400,0011100111,231,0
71,14,7100,24400,0011101000,232,0
71,15,7100,24400,0011101000,232,0
71,16,7100,24400,0011101000,232,0
71,17,7100,24400,0011101010,234,0
71,18,7100,24400,0011101000,232,0
71,19,7100,24400,0011101101,237,0
71,20,7100,24400,0011100111,231,0
71,21,7100,24400,0011101010,234,0
71,22,7100,24400,0011101000,232,0
71,23,7100,24400,0011101010,234,0
71,24,7100,24400,0011101000,232,0
71,25,7100,24400,0011101000,232,0
71,26,7100,24400,0011100111,231,0
71,27,7100,24400,0011101000,232,0
71,28,7100,24400,0011100111,231,0
71,29,7100,24400,0011100111,231,0
71,30,7100,24400,0011100111,231,0
71,31,7100,24400,0011101000,232,0
71,32,7100,24400,0011100111,231,0
71,33,7100,24400,0011100110,230,0
71,34,7100,24400,0011100111,231,0
71,35,7100,24400,0011101000,232,0
71,36,7100,24400,0011101001,233,0
71,37,7100,24400,0011101000,232,0
71,38,7100,24400,0011100111,231,0
71,39,7100,24400,0011101110,238,0
71,40,7100,24400,0011101001,233,0
71,41,7100,24400,0011100111,231,0
71,42,7100,24400,0011101010,234,0
71,43,7100,24400,0011101010,234,0
71,44,7100,24400,0011101000,232,0
71,45,7100,24400,0011101001,233,0
71,46,7100,24400,0011101000,232,0
71,47,7100,24400,0011101000,232,0
71,48,7100,24400,0011100111,231,0
71,49,7100,24400,0011101000,232,0
72,0,7200,24300,0011101011,235,0
72,1,7200,24300,0011101011,235,0
72,2,7200,24300,0011101001,233,0
72,3,7200,24300,0011101011,235,0
72,4,7200,24300,0011101011,235,0
72,5,7200,24300,0011101000,232,0
72,6,7200,24300,0011101011,235,0
72,7,7200,24300,0011101011,235,0
72,8,7200,24300,0011101011,235,0
72,9,7200,24300,0011101101,237,0
72,10,7200,24300,0011101100,236,0
72,11,7200,24300,0011110001,241,0
72,12,7200,24300,0011110001,241,0
72,13,7200,24300,0011101100,236,0
72,14,7200,24300,0011101100,236,0
72,15,7200,24300,0011101100,236,0
72,16,7200,24300,0011101101,237,0
72,17,7200,24300,0011101100,236,0
72,18,7200,24300,0011101011,235,0
72,19,7200,24300,0011101100,236,0
72,20,7200,24300,0011101011,235,0
72,21,7200,24300,0011101010,234,0
72,22,7200,24300,0011101011,235,0
72,23,7200,24300,0011101001,233,0
72,24,7200,24300,0011101011,235,0
72,25,7200,24300,0011101010,234,0
72,26,7200,24300,0011101010,234,0
72,27,7200,24300,0011101011,235,0
72,28,7200,24300,0011101100,236,0
72,29,7200,24300,0011101111,239,0
72,30,7200,24300,0011101111,239,0
72,31,7200,24300,0011101100,236,0
72,32,7200,24300,0011101101,237,0
72,33,7200,24300,0011101100,236,0
72,34,7200,24300,0011101011,235,0
72,35,7200,24300,0011101101,237,0
72,36,7200,24300,0011101100,236,0
72,37,7200,24300,0011101011,235,0
72,38,7200,24300,0011101011,235,0
72,39,7200,24300,0011101011,235,0
72,40,7200,24300,0011101011,235,0
72,41,7200,24300,0011101011,235,0
72,42,7200,24300,0011101001,233,0
72,43,7200,24300,0011101000,232,0
72,44,7200,24300,0011101011,235,0
72,45,7200,24300,0011101011,235,0
72,46,7200,24300,0011101101,237,0
72,47,7200,24300,0011101101,237,0
72,48,7200,24300,0011101100,236,0
72,49,7200,24300,0011110010,242,0
73,0,7300,24200,0011110001,241,0
73,1,7300,24200,0011101110,238,0
73,2,7300,24200,0011101110,238,0
73,3,7300,24200,0011101110,238,0
73,4,7300,24200,0011101110,238,0
73,5,7300,24200,0011101110,238,0
73,6,7300,24200,0011101100,236,0
73,7,7300,24200,0011101101,237,0
73,8,7300,24200,0011101110,238,0
73,9,7300,24200,0011110001,241,0
73,10,7300,24200,0011101111,239,0
73,11,7300,24200,0011110100,244,0
73,12,7300,24200,0011110110,246,0
73,13,7300,24200,0011110010,242,0
73,14,7300,24200,0011101111,239,0
73,15,7300,24200,0011110010,242,0
73,16,7300,24200,0011101111,239,0
73,17,7300,24200,0011110001,241,0
73,18,7300,24200,0011101111,239,0
73,19,7300,24200,0011101111,239,0
73,20,7300,24200,0011101111,239,0
73,21,7300,24200,0011101111,239,0
73,22,7300,24200,0011101100,236,0
73,23,7300,24200,0011101100,236,0
73,24,7300,24200,0011101110,238,0
73,25,7300,24200,0011101110,238,0
73,26,7300,24200,0011101110,238,0
73,27,7300,24200,0011101110,238,0
73,28,7300,24200,0011101111,239,0
73,29,7300,24200,0011101111,239,0
73,30,7300,24200,0011101111,239,0
73,31,7300,24200,0011101111,239,0
73,32,7300,24200,0011110010,242,0
73,33,7300,24200,0011110101,245,0
73,34,7300,24200,0011110001,241,0
73,35,7300,24200,0011101111,239,0
73,36,7300,24200,0011110001,241,0
73,37,7300,24200,0011101111,239,0
73,38,7300,24200,0011110010,242,0
73,39,7300,24200,0011101111,239,0
73,40,7300,24200,0011101110,238,0
73,41,7300,24200,0011101110,238,0
73,42,7300,24200,0011101111,239,0
73,43,7300,24200,0011101110,238,0
73,44,7300,24200,0011101111,239,0
73,45,7300,24200,0011101100,236,0
73,46,7300,24200,0011101110,238,0
73,47,7300,24200,0011101110,238,0
73,48,7300,24200,0011101110,238,0
73,49,7300,24200,0011101110,238,0
74,0,7400,24100,0011110010,242,0
74,1,7400,24100,0011110011,243,0
74,2,7400,24100,0011110011,243,0
74,3,7400,24100,0011110100,244,0
74,4,7400,24100,0011110011,243,0
74,5,7400,24100,0011110011,243,0
74,6,7400,24100,0011111001,249,0
74,7,7400,24100,0011111001,249,0
74,8,7400,24100,0011111001,249,0
74,9,7400,24100,0011110100,244,0
74,10,7400,24100,0011110011,243,0
74,11,7400,24100,0011110011,243,0
74,12,7400,24100,0011110100,244,0
74,13,7400,24100,0011110011,243,0
74,14,7400,24100,0011110011,243,0
74,15,7400,24100,0011110011,243,0
74,16,7400,24100,0011110001,241,0
74,17,7400,24100,0011110001,241,0
74,18,7400,24100,0011110011,243,0
74,19,7400,24100,0011110011,243,0
74,20,7400,24100,0011110011,243,0
74,21,7400,24100,0011110110,246,0
74,22,7400,24100,0011110101,245,0
74,23,7400,24100,0011110011,243,0
74,24,7400,24100,0011110100,244,0
74,25,7400,24100,0011110011,243,0
74,26,7400,24100,0011110101,245,0
74,27,7400,24100,0011110011,243,0
74,28,7400,24100,0011110011,243,0
74,29,7400,24100,0011110011,243,0
74,30,7400,24100,0011110011,243,0
74,31,7400,24100,0011110010,242,0
74,32,7400,24100,0011110011,243,0
74,33,7400,24100,0011110011,243,0
74,34,7400,24100,0011110001,241,0
74,35,7400,24100,0011110011,243,0
74,36,7400,24100,0011110011,243,0
74,37,7400,24100,0011110011,243,0
74,38,7400,24100,0011110011,243,0
74,39,7400,24100,0011110100,244,0
74,40,7400,24100,0011110011,243,0
74,41,7400,24100,0011111001,249,0
74,42,7400,24100,0011110101,245,0
74,43,7400,24100,0011110011,243,0
74,44,7400,24100,0011110110,246,0
74,45,7400,24100,0011110100,244,0
74,46,7400,24100,0011110011,243,0
74,47,7400,24100,0011110011,243,0
74,48,7400,24100,0011110011,243,0
74,49,7400,24100,0011110011,243,0
75,0,7500,24000,0011111001,249,0
75,1,7500,24000,0011111000,248,0
75,2,7500,24000,0011110111,247,0
75,3,7500,24000,0011110110,246,0
75,4,7500,24000,0011110111,247,0
75,5,7500,24000,0011110111,247,0
75,6,7500,24000,0011110110,246,0
75,7,7500,24000,0011110110,246,0
75,8,7500,24000,0011110110,246,0
75,9,7500,24000,0011110111,247,0
75,10,7500,24000,0011110111,247,0
75,11,7500,24000,0011110111,247,0
75,12,7500,24000,0011111101,253,0
75,13,7500,24000,0011111101,253,0
75,14,7500,24000,0011111000,248,0
75,15,7500,24000,0011110110,246,0
75,16,7500,24000,0011110111,247,0
75,17,7500,24000,0011110111,247,0
75,18,7500,24000,0011111000,248,0
75,19,7500,24000,0011110111,247,0
75,20,7500,24000,0011110111,247,0
75,21,7500,24000,0011110110,246,0
75,22,7500,24000,0011110111,247,0
75,23,7500,24000,0011110110,246,0
75,24,7500,24000,0011110100,244,0
75,25,7500,24000,0011110101,245,0
75,26,7500,24000,0011110110,246,0
75,27,7500,24000,0011110110,246,0
75,28,7500,24000,0011110110,246,0
75,29,7500,24000,0011111000,248,0
75,30,7500,24000,0011110111,247,0
75,31,7500,24000,0011111010,250,0
75,32,7500,24000,0011111101,253,0
75,33,7500,24000,0011110110,246,0
75,34,7500,24000,0011111001,249,0
75,35,7500,24000,0011110111,247,0
75,36,7500,24000,0011111000,248,0
75,37,7500,24000,0011110111,247,0
75,38,7500,24000,0011110110,246,0
75,39,7500,24000,0011110110,246,0
75,40,7500,24000,0011110110,246,0
75,41,7500,24000,0011110100,244,0
75,42,7500,24000,0011110100,244,0
75,43,7500,24000,0011110110,246,0
75,44,7500,24000,0011110110,246,0
75,45,7500,24000,0011111001,249,0
75,46,7500,24000,0011110111,247,0
75,47,7500,24000,0011111101,253,0
75,48,7500,24000,0011110110,246,0
75,49,7500,24000,0011111001,249,0
76,0,7600,23900,0011111100,252,0
76,1,7600,23900,0100000000,256,0
76,2,7600,23900,0011111010,250,0
76,3,7600,23900,0011111001,249,0
76,4,7600,23900,0011111100,252,0
76,5,7600,23900,0011111010,250,0
76,6,7600,23900,0011111100,252,0
76,7,7600,23900,0011111001,249,0
76,8,7600,23900,0011111010,250,0
76,9,7600,23900,0011111000,248,0
76,10,7600,23900,0011111000,248,0
76,11,7600,23900,0011111010,250,0
76,12,7600,23900,0011111000,248,0
76,13,7600,23900,0011111010,250,0
76,14,7600,23900,0011111000,248,0
76,15,7600,23900,0011111000,248,0
76,16,7600,23900,0011111010,250,0
76,17,7600,23900,0011111011,251,0
76,18,7600,23900,0011111010,250,0
76,19,7600,23900,0011111010,250,0
76,20,7600,23900,0011111010,250,0
76,21,7600,23900,0100000000,256,0
76,22,7600,23900,0011111011,251,0
76,23,7600,23900,0011111010,250,0
76,24,7600,23900,0011111010,250,0
76,25,7600,23900,0011111100,252,0
76,26,7600,23900,0011111100,252,0
76,27,7600,23900,0011111010,250,0
76,28,7600,23900,0011111011,251,0
76,29,7600,23900,0011111011,251,0
76,30,7600,23900,0011111010,250,0
76,31,7600,23900,0011111001,249,0
76,32,7600,23900,0011111010,250,0
76,33,7600,23900,0011111000,248,0
76,34,7600,23900,0011111010,250,0
76,35,7600,23900,0011111001,249,0
76,36,7600,23900,0011111010,250,0
76,37,7600,23900,0011111001,249,0
76,38,7600,23900,0011111100,252,0
76,39,7600,23900,0011111100,252,0
76,40,7600,23900,0011111100,252,0
76,41,7600,23900,0011111010,250,0
76,42,7600,23900,0011111010,250,0
76,43,7600,23900,0011111100,252,0
76,44,7600,23900,0011111010,250,0
76,45,7600,23900,0011111100,252,0
76,46,7600,23900,0011111100,252,0
76,47,7600,23900,0011111100,252,0
76,48,7600,23900,0011111001,249,0
76,49,7600,23900,0011111010,250,0
77,0,7700,23800,0011111110,254,0
77,1,7700,23800,0011111101,253,0
77,2,7700,23800,0011111101,253,0
77,3,7700,23800,0100000001,257,0
77,4,7700,23800,0011111101,253,0
77,5,7700,23800,0100000100,260,0
77,6,7700,23800,0011111110,254,0
77,7,7700,23800,0011111101,253,0
77,8,7700,23800,0100000000,256,0
77,9,7700,23800,0011111101,253,0
77,10,7700,23800,0011111101,253,0
77,11,7700,23800,0011111110,254,0
77,12,7700,23800,0011111110,254,0
77,13,7700,23800,0011111110,254,0
77,14,7700,23800,0011111110,254,0
77,15,7700,23800,0011111011,251,0
77,16,7700,23800,0011111011,251,0
77,17,7700,23800,0011111101,253,0
77,18,7700,23800,0011111101,253,0
77,19,7700,23800,0011111011,251,0
77,20,7700,23800,0011111101,253,0
77,21,7700,23800,0011111101,253,0
77,22,7700,23800,0011111110,254,0
77,23,7700,23800,0011111101,253,0
77,24,7700,23800,0011111101,253,0
77,25,7700,23800,0100000000,256,0
77,26,7700,23800,0011111101,253,0
77,27,7700,23800,0011111101,253,0
77,28,7700,23800,0011111101,253,0
77,29,7700,23800,0011111101,253,0
77,30,7700,23800,0100000000,256,0
77,31,7700,23800,0100000000,256,0
77,32,7700,23800,0011111101,253,0
77,33,7700,23800,0011111111,255,0
77,34,7700,23800,0011111101,253,0
77,35,7700,23800,0011111101,253,0
77,36,7700,23800,0011111100,252,0
77,37,7700,23800,0011111011,251,0
77,38,7700,23800,0011111101,253,0
77,39,7700,23800,0011111101,253,0
77,40,7700,23800,0011111101,253,0
77,41,7700,23800,0011111101,253,0
77,42,7700,23800,0011111101,253,0
77,43,7700,23800,0011111110,254,0
77,44,7700,23800,0100000001,257,0
77,45,7700,23800,0100000001,257,0
77,46,7700,23800,0011111101,253,0
77,47,7700,23800,0100000100,260,0
77,48,7700,23800,0100000100,260,0
77,49,7700,23800,0011111110,254,0
78,0,7800,23700,0100000000,256,0
78,1,7800,23700,0100000000,256,0
78,2,7800,23700,0100000000,256,0
78,3,7800,23700,0011111110,254,0
78,4,7800,23700,0100000000,256,0
78,5,7800,23700,0011111110,254,0
78,6,7800,23700,0100000000,256,0
78,7,7800,23700,0100000000,256,0
78,8,7800,23700,0100000000,256,0
78,9,7800,23700,0100000000,256,0
78,10,7800,23700,0011111111,255,0
78,11,7800,23700,0100000010,258,0
78,12,7800,23700,0100000000,256,0
78,13,7800,23700,0100000100,260,0
78,14,7800,23700,0100000000,256,0
78,15,7800,23700,0011111111,255,0
78,16,7800,23700,0100000000,256,0
78,17,7800,23700,0100000001,257,0
78,18,7800,23700,0100000000,256,0
78,19,7800,23700,0100000000,256,0
78,20,7800,23700,0011111111,255,0
78,21,7800,23700,0100000000,256,0
78,22,7800,23700,0100000001,257,0
78,23,7800,23700,0011111111,255,0
78,24,7800,23700,0011111111,255,0
78,25,7800,23700,0011111111,255,0
78,26,7800,23700,0100000000,256,0
78,27,7800,23700,0011111110,254,0
78,28,7800,23700,0100000000,256,0
78,29,7800,23700,0100000000,256,0
78,30,7800,23700,0011111111,255,0
78,31,7800,23700,0100000000,256,0
78,32,7800,23700,0100000000,256,0
78,33,7800,23700,0011111111,255,0
78,34,7800,23700,0011111111,255,0
78,35,7800,23700,0011111111,255,0
78,36,7800,23700,0100000010,258,0
78,37,7800,23700,0100000000,256,0
78,38,7800,23700,0100000100,260,0
78,39,7800,23700,0100000001,257,0
78,40,7800,23700,0011111111,255,0
78,41,7800,23700,0100000001,257,0
78,42,7800,23700,0100000001,257,0
78,43,7800,23700,0100000000,256,0
78,44,7800,23700,0100000000,256,0
78,45,7800,23700,0011111111,255,0
78,46,7800,23700,0011111111,255,0
78,47,7800,23700,0100000000,256,0
78,48,7800,23700,0011111110,254,0
78,49,7800,23700,0100000000,256,0
79,0,7900,23600,0100000011,259,0
79,1,7900,23600,0100000011,259,0
79,2,7900,23600,0100000011,259,0
79,3,7900,23600,0100000010,258,0
79,4,7900,23600,0100000010,258,0
79,5,7900,23600,0100000011,259,0
79,6,7900,23600,0100000011,259,0
79,7,7900,23600,0100000001,257,0
79,8,7900,23600,0100000001,257,0
79,9,7900,23600,0100000000,256,0
79,10,7900,23600,0100000010,258,0
79,11,7900,23600,0100000010,258,0
79,12,7900,23600,0100000010,258,0
79,13,7900,23600,0100000011,259,0
79,14,7900,23600,0100000010,258,0
79,15,7900,23600,0100000011,259,0
79,16,7900,23600,0100000010,258,0
79,17,7900,23600,0100000010,258,0
79,18,7900,23600,0100000100,260,0
79,19,7900,23600,0100000101,261,0
79,20,7900,23600,0100000111,263,0
79,21,7900,23600,0100000111,263,0
79,22,7900,23600,0100000111,263,0
79,23,7900,23600,0100000011,259,0
79,24,7900,23600,0100000010,258,0
79,25,7900,23600,0100000010,258,0
79,26,7900,23600,0100000011,259,0
79,27,7900,23600,0100000011,259,0
79,28,7900,23600,0100000100,260,0
79,29,7900,23600,0100000011,259,0
79,30,7900,23600,0100000011,259,0
79,31,7900,23600,0100000010,258,0
79,32,7900,23600,0100000010,258,0
79,33,7900,23600,0100000010,258,0
79,34,7900,23600,0100000011,259,0
79,35,7900,23600,0100000010,258,0
79,36,7900,23600,0100000010,258,0
79,37,7900,23600,0100000010,258,0
79,38,7900,23600,0100000001,257,0
79,39,7900,23600,0100000010,258,0
79,40,7900,23600,0100000001,257,0
79,41,7900,23600,0100000010,258,0
79,42,7900,23600,0100000011,259,0
79,43,7900,23600,0100000010,258,0
79,44,7900,23600,0100000010,258,0
79,45,7900,23600,0100000011,259,0
79,46,7900,23600,0100000011,259,0
79,47,7900,23600,0100000010,258,0
79,48,7900,23600,0100000000,256,0
79,49,7900,23600,0100000010,258,0
80,0,8000,23500,0100000110,262,0
80,1,8000,23500,0100000110,262,0
80,2,8000,23500,0100000110,262,0
80,3,8000,23500,0100000110,262,0
80,4,8000,23500,0100000110,262,0
80,5,8000,23500,0100001000,264,0
80,6,8000,23500,0100000110,262,0
80,7,8000,23500,0100000110,262,0
80,8,8000,23500,0100000110,262,0
80,9,8000,23500,0100000110,262,0
80,10,8000,23500,0100001011,267,0
80,11,8000,23500,0100001010,266,0
80,12,8000,23500,0100000111,263,0
80,13,8000,23500,0100000110,262,0
80,14,8000,23500,0100000110,262,0
80,15,8000,23500,0100000110,262,0
80,16,8000,23500,0100000110,262,0
80,17,8000,23500,0100000110,262,0
80,18,8000,23500,0100000111,263,0
80,19,8000,23500,0100001000,264,0
80,20,8000,23500,0100000110,262,0
80,21,8000,23500,0100001000,264,0
80,22,8000,23500,0100001000,264,0
80,23,8000,23500,0100001000,264,0
80,24,8000,23500,0100000111,263,0
80,25,8000,23500,0100000110,262,0
80,26,8000,23500,0100000101,261,0
80,27,8000,23500,0100000101,261,0
80,28,8000,23500,0100000110,262,0
80,29,8000,23500,0100000110,262,0
80,30,8000,23500,0100000110,262,0
80,31,8000,23500,0100000110,262,0
80,32,8000,23500,0100000101,261,0
80,33,8000,23500,0100000101,261,0
80,34,8000,23500,0100000101,261,0
80,35,8000,23500,0100000101,261,0
80,36,8000,23500,0100000101,261,0
80,37,8000,23500,0100000101,261,0
80,38,8000,23500,0100000110,262,0
80,39,8000,23500,0100000011,259,0
80,40,8000,23500,0100000100,260,0
80,41,8000,23500,0100000101,261,0
80,42,8000,23500,0100000101,261,0
80,43,8000,23500,0100000100,260,0
80,44,8000,23500,0100000100,260,0
80,45,8000,23500,0100000101,261,0
80,46,8000,23500,0100000101,261,0
80,47,8000,23500,0100000110,262,0
80,48,8000,23500,0100000110,262,0
80,49,8000,23500,0100000110,262,0
81,0,8100,23400,0100001010,266,0
81,1,8100,23400,0100001001,265,0
81,2,8100,23400,0100001001,265,0
81,3,8100,23400,0100001011,267,0
81,4,8100,23400,0100001011,267,0
81,5,8100,23400,0100001011,267,0
81,6,8100,23400,0100001010,266,0
81,7,8100,23400,0100001010,266,0
81,8,8100,23400,0100001011,267,0
81,9,8100,23400,0100001010,266,0
81,10,8100,23400,0100001000,264,0
81,11,8100,23400,0100001001,265,0
81,12,8100,23400,0100001001,265,0
81,13,8100,23400,0100001001,265,0
81,14,8100,23400,0100001001,265,0
81,15,8100,23400,0100001000,264,0
81,16,8100,23400,0100001000,264,0
81,17,8100,23400,0100001001,265,0
81,18,8100,23400,0100000111,263,0
81,19,8100,23400,0100000111,263,0
81,20,8100,23400,0100000111,263,0
81,21,8100,23400,0100001001,265,0
81,22,8100,23400,0100001001,265,0
81,23,8100,23400,0100001001,265,0
81,24,8100,23400,0100001000,264,0
81,25,8100,23400,0100001000,264,0
81,26,8100,23400,0100001001,265,0
81,27,8100,23400,0100001001,265,0
81,28,8100,23400,0100001001,265,0
81,29,8100,23400,0100001001,265,0
81,30,8100,23400,0100001010,266,0
81,31,8100,23400,0100001010,266,0
81,32,8100,23400,0100001001,265,0
81,33,8100,23400,0100001001,265,0
81,34,8100,23400,0100001100,268,0
81,35,8100,23400,0100001101,269,0
81,36,8100,23400,0100001010,266,0
81,37,8100,23400,0100001011,267,0
81,38,8100,23400,0100001011,267,0
81,39,8100,23400,0100001010,266,0
81,40,8100,23400,0100001100,268,0
81,41,8100,23400,0100001011,267,0
81,42,8100,23400,0100001001,265,0
81,43,8100,23400,0100001001,265,0
81,44,8100,23400,0100001010,266,0
81,45,8100,23400,0100001010,266,0
81,46,8100,23400,0100001001,265,0
81,47,8100,23400,0100001011,267,0
81,48,8100,23400,0100001010,266,0
81,49,8100,23400,0100001011,267,0
82,0,8200,23300,0100001101,269,0
82,1,8200,23300,0100001100,268,0
82,2,8200,23300,0100001100,268,0
82,3,8200,23300,0100001100,268,0
82,4,8200,23300,0100001101,269,0
82,5,8200,23300,0100001011,267,0
82,6,8200,23300,0100001010,266,0
82,7,8200,23300,0100001011,267,0
82,8,8200,23300,0100001100,268,0
82,9,8200,23300,0100001100,268,0
82,10,8200,23300,0100001100,268,0
82,11,8200,23300,0100001100,268,0
82,12,8200,23300,0100001101,269,0
82,13,8200,23300,0100001100,268,0
82,14,8200,23300,0100001100,268,0
82,15,8200,23300,0100001100,268,0
82,16,8200,23300,0100001100,268,0
82,17,8200,23300,0100001110,270,0
82,18,8200,23300,0100001110,270,0
82,19,8200,23300,0100001101,269,0
82,20,8200,23300,0100001101,269,0
82,21,8200,23300,0100001101,269,0
82,22,8200,23300,0100010001,273,0
82,23,8200,23300,0100001101,269,0
82,24,8200,23300,0100001101,269,0
82,25,8200,23300,0100010100,276,0
82,26,8200,23300,0100001110,270,0
82,27,8200,23300,0100001111,271,0
82,28,8200,23300,0100001111,271,0
82,29,8200,23300,0100001101,269,0
82,30,8200,23300,0100001111,271,0
82,31,8200,23300,0100001111,271,0
82,32,8200,23300,0100001111,271,0
82,33,8200,23300,0100001111,271,0
82,34,8200,23300,0100001101,269,0
82,35,8200,23300,0100001101,269,0
82,36,8200,23300,0100001110,270,0
82,37,8200,23300,0100001110,270,0
82,38,8200,23300,0100001110,270,0
82,39,8200,23300,0100001101,269,0
82,40,8200,23300,0100001101,269,0
82,41,8200,23300,0100001101,269,0
82,42,8200,23300,0100001100,268,0
82,43,8200,23300,0100001100,268,0
82,44,8200,23300,0100001100,268,0
82,45,8200,23300,0100001011,267,0
82,46,8200,23300,0100001100,268,0
82,47,8200,23300,0100001100,268,0
82,48,8200,23300,0100001100,268,0
82,49,8200,23300,0100001011,267,0
83,0,8300,23200,0100010001,273,0
83,1,8300,23200,0100010010,274,0
83,2,8300,23200,0100010001,273,0
83,3,8300,23200,0100010001,273,0
83,4,8300,23200,0100010100,276,0
83,5,8300,23200,0100010010,274,0
83,6,8300,23200,0100010010,274,0
83,7,8300,23200,0100010111,279,0
83,8,8300,23200,0100010111,279,0
83,9,8300,23200,0100010111,279,0
83,10,8300,23200,0100010011,275,0
83,11,8300,23200,0100010001,273,0
83,12,8300,23200,0100010011,275,0
83,13,8300,23200,0100010011,275,0
83,14,8300,23200,0100010010,274,0
83,15,8300,23200,0100010001,273,0
83,16,8300,23200,0100010010,274,0
83,17,8300,23200,0100010010,274,0
83,18,8300,23200,0100010010,274,0
83,19,8300,23200,0100010001,273,0
83,20,8300,23200,0100010001,273,0
83,21,8300,23200,0100010010,274,0
83,22,8300,23200,0100010001,273,0
83,23,8300,23200,0100010001,273,0
83,24,8300,23200,0100010001,273,0
83,25,8300,23200,0100010001,273,0
83,26,8300,23200,0100010001,273,0
83,27,8300,23200,0100001111,271,0
83,28,8300,23200,0100010001,273,0
83,29,8300,23200,0100001110,270,0
83,30,8300,23200,0100001111,271,0
83,31,8300,23200,0100001110,270,0
83,32,8300,23200,0100001111,271,0
83,33,8300,23200,0100001110,270,0
83,34,8300,23200,0100001110,270,0
83,35,8300,23200,0100010001,273,0
83,36,8300,23200,0100010001,273,0
83,37,8300,23200,0100010001,273,0
83,38,8300,23200,0100010001,273,0
83,39,8300,23200,0100010001,273,0
83,40,8300,23200,0100010001,273,0
83,41,8300,23200,0100010001,273,0
83,42,8300,23200,0100010001,273,0
83,43,8300,23200,0100010000,272,0
83,44,8300,23200,0100010001,273,0
83,45,8300,23200,0100010011,275,0
83,46,8300,23200,0100010011,275,0
83,47,8300,23200,0100010001,273,0
83,48,8300,23200,0100010110,278,0
83,49,8300,23200,0100010110,278,0
84,0,8400,23100,0100010100,276,0
84,1,8400,23100,0100010100,276,0
84,2,8400,23100,0100010100,276,0
84,3,8400,23100,0100010100,276,0
84,4,8400,23100,0100010101,277,0
84,5,8400,23100,0100011000,280,0
84,6,8400,23100,0100010101,277,0
84,7,8400,23100,0100010101,277,0
84,8,8400,23100,0100010101,277,0
84,9,8400,23100,0100011010,282,0
84,10,8400,23100,0100011010,282,0
84,11,8400,23100,0100011010,282,0
84,12,8400,23100,0100010110,278,0
84,13,8400,23100,0100010110,278,0
84,14,8400,23100,0100010110,278,0
84,15,8400,23100,0100010100,276,0
84,16,8400,23100,0100010100,276,0
84,17,8400,23100,0100010110,278,0
84,18,8400,23100,0100010111,279,0
84,19,8400,23100,0100010101,277,0
84,20,8400,23100,0100010101,277,0
84,21,8400,23100,0100010101,277,0
84,22,8400,23100,0100010101,277,0
84,23,8400,23100,0100010110,278,0
84,24,8400,23100,0100010110,278,0
84,25,8400,23100,0100010101,277,0
84,26,8400,23100,0100010100,276,0
84,27,8400,23100,0100010100,276,0
84,28,8400,23100,0100010100,276,0
84,29,8400,23100,0100010100,276,0
84,30,8400,23100,0100010010,274,0
84,31,8400,23100,0100010011,275,0
84,32,8400,23100,0100010100,276,0
84,33,8400,23100,0100010011,275,0
84,34,8400,23100,0100010100,276,0
84,35,8400,23100,0100010100,276,0
84,36,8400,23100,0100010100,276,0
84,37,8400,23100,0100010100,276,0
84,38,8400,23100,0100010100,276,0
84,39,8400,23100,0100010100,276,0
84,40,8400,23100,0100010101,277,0
84,41,8400,23100,0100010101,277,0
84,42,8400,23100,0100010100,276,0
84,43,8400,23100,0100010110,278,0
84,44,8400,23100,0100010110,278,0
84,45,8400,23100,0100010101,277,0
84,46,8400,23100,0100010101,277,0
84,47,8400,23100,0100011001,281,0
84,48,8400,23100,0100010110,278,0
84,49,8400,23100,0100010110,278,0
85,0,8500,23000,0100011010,282,0
85,1,8500,23000,0100011000,280,0
85,2,8500,23000,0100011000,280,0
85,3,8500,23000,0100011000,280,0
85,4,8500,23000,0100011001,281,0
85,5,8500,23000,0100011000,280,0
85,6,8500,23000,0100011000,280,0
85,7,8500,23000,0100011000,280,0
85,8,8500,23000,0100011000,280,0
85,9,8500,23000,0100011000,280,0
85,10,8500,23000,0100011000,280,0
85,11,8500,23000,0100011000,280,0
85,12,8500,23000,0100011000,280,0
85,13,8500,23000,0100011000,280,0
85,14,8500,23000,0100011000,280,0
85,15,8500,23000,0100011000,280,0
85,16,8500,23000,0100011000,280,0
85,17,8500,23000,0100011000,280,0
85,18,8500,23000,0100010111,279,0
85,19,8500,23000,0100011000,280,0
85,20,8500,23000,0100011000,280,0
85,21,8500,23000,0100010110,278,0
85,22,8500,23000,0100010110,278,0
85,23,8500,23000,0100011000,280,0
85,24,8500,23000,0100011000,280,0
85,25,8500,23000,0100011000,280,0
85,26,8500,23000,0100010110,278,0
85,27,8500,23000,0100010110,278,0
85,28,8500,23000,0100011000,280,0
85,29,8500,23000,0100011000,280,0
85,30,8500,23000,0100011000,280,0
85,31,8500,23000,0100011000,280,0
85,32,8500,23000,0100011000,280,0
85,33,8500,23000,0100011000,280,0
85,34,8500,23000,0100011010,282,0
85,35,8500,23000,0100011010,282,0
85,36,8500,23000,0100011010,282,0
85,37,8500,23000,0100011010,282,0
85,38,8500,23000,0100011000,280,0
85,39,8500,23000,0100011000,280,0
85,40,8500,23000,0100011101,285,0
85,41,8500,23000,0100011101,285,0
85,42,8500,23000,0100011110,286,0
85,43,8500,23000,0100011001,281,0
85,44,8500,23000,0100011001,281,0
85,45,8500,23000,0100011000,280,0
85,46,8500,23000,0100011000,280,0
85,47,8500,23000,0100011010,282,0
85,48,8500,23000,0100011000,280,0
85,49,8500,23000,0100011000,280,0
86,0,8600,22900,0100011110,286,0
86,1,8600,22900,0100011100,284,0
86,2,8600,22900,0100011100,284,0
86,3,8600,22900,0100011100,284,0
86,4,8600,22900,0100011100,284,0
86,5,8600,22900,0100011011,283,0
86,6,8600,22900,0100011011,283,0
86,7,8600,22900,0100011011,283,0
86,8,8600,22900,0100011100,284,0
86,9,8600,22900,0100011011,283,0
86,10,8600,22900,0100011011,283,0
86,11,8600,22900,0100011010,282,0
86,12,8600,22900,0100011100,284,0
86,13,8600,22900,0100011011,283,0
86,14,8600,22900,0100011011,283,0
86,15,8600,22900,0100011001,281,0
86,16,8600,22900,0100011001,281,0
86,17,8600,22900,0100011011,283,0
86,18,8600,22900,0100011011,283,0
86,19,8600,22900,0100011011,283,0
86,20,8600,22900,0100011011,283,0
86,21,8600,22900,0100011100,284,0
86,22,8600,22900,0100011011,283,0
86,23,8600,22900,0100011100,284,0
86,24,8600,22900,0100011100,284,0
86,25,8600,22900,0100011011,283,0
86,26,8600,22900,0100011011,283,0
86,27,8600,22900,0100011100,284,0
86,28,8600,22900,0100011110,286,0
86,29,8600,22900,0100011110,286,0
86,30,8600,22900,0100011011,283,0
86,31,8600,22900,0100011100,284,0
86,32,8600,22900,0100011100,284,0
86,33,8600,22900,0100100000,288,0
86,34,8600,22900,0100100000,288,0
86,35,8600,22900,0100011011,283,0
86,36,8600,22900,0100011011,283,0
86,37,8600,22900,0100011011,283,0
86,38,8600,22900,0100011011,283,0
86,39,8600,22900,0100011110,286,0
86,40,8600,22900,0100011101,285,0
86,41,8600,22900,0100011110,286,0
86,42,8600,22900,0100011100,284,0
86,43,8600,22900,0100011100,284,0
86,44,8600,22900,0100011110,286,0
86,45,8600,22900,0100011101,285,0
86,46,8600,22900,0100011110,286,0
86,47,8600,22900,0100011100,284,0
86,48,8600,22900,0100011011,283,0
86,49,8600,22900,0100011011,283,0
87,0,8700,22800,0100011110,286,0
87,1,8700,22800,0100011111,287,0
87,2,8700,22800,0100011111,287,0
87,3,8700,22800,0100011111,287,0
87,4,8700,22800,0100011111,287,0
87,5,8700,22800,0100011111,287,0
87,6,8700,22800,0100011111,287,0
87,7,8700,22800,0100011111,287,0
87,8,8700,22800,0100011101,285,0
87,9,8700,22800,0100011101,285,0
87,10,8700,22800,0100011111,287,0
87,11,8700,22800,0100011101,285,0
87,12,8700,22800,0100011110,286,0
87,13,8700,22800,0100011111,287,0
87,14,8700,22800,0100011111,287,0
87,15,8700,22800,0100011111,287,0
87,16,8700,22800,0100011110,286,0
87,17,8700,22800,0100100000,288,0
87,18,8700,22800,0100100000,288,0
87,19,8700,22800,0100011110,286,0
87,20,8700,22800,0100011111,287,0
87,21,8700,22800,0100100010,290,0
87,22,8700,22800,0100011111,287,0
87,23,8700,22800,0100011111,287,0
87,24,8700,22800,0100011111,287,0
87,25,8700,22800,0100011111,287,0
87,26,8700,22800,0100011111,287,0
87,27,8700,22800,0100011111,287,0
87,28,8700,22800,0100100000,288,0
87,29,8700,22800,0100100000,288,0
87,30,8700,22800,0100100000,288,0
87,31,8700,22800,0100011110,286,0
87,32,8700,22800,0100011110,286,0
87,33,8700,22800,0100011110,286,0
87,34,8700,22800,0100011110,286,0
87,35,8700,22800,0100100000,288,0
87,36,8700,22800,0100011111,287,0
87,37,8700,22800,0100011111,287,0
87,38,8700,22800,0100011110,286,0
87,39,8700,22800,0100011110,286,0
87,40,8700,22800,0100011111,287,0
87,41,8700,22800,0100011111,287,0
87,42,8700,22800,0100011110,286,0
87,43,8700,22800,0100011110,286,0
87,44,8700,22800,0100011111,287,0
87,45,8700,22800,0100011111,287,0
87,46,8700,22800,0100011110,286,0
87,47,8700,22800,0100011101,285,0
87,48,8700,22800,0100011110,286,0
87,49,8700,22800,0100011111,287,0
88,0,8800,22700,0100100000,288,0
88,1,8800,22700,0100100000,288,0
88,2,8800,22700,0100100000,288,0
88,3,8800,22700,0100100000,288,0
88,4,8800,22700,0100100000,288,0
88,5,8800,22700,0100100000,288,0
88,6,8800,22700,0100100000,288,0
88,7,8800,22700,0100100000,288,0
88,8,8800,22700,0100100000,288,0
88,9,8800,22700,0100100000,288,0
88,10,8800,22700,0100100000,288,0
88,11,8800,22700,0100100000,288,0
88,12,8800,22700,0100100000,288,0
88,13,8800,22700,0100100000,288,0
88,14,8800,22700,0100100000,288,0
88,15,8800,22700,0100100000,288,0
88,16,8800,22700,0100100000,288,0
88,17,8800,22700,0100100000,288,0
88,18,8800,22700,0100100000,288,0
88,19,8800,22700,0100100000,288,0
88,20,8800,22700,0100100000,288,0
88,21,8800,22700,0100100000,288,0
88,22,8800,22700,0100100000,288,0
88,23,8800,22700,0100100000,288,0
88,24,8800,22700,0100100000,288,0
88,25,8800,22700,0100100000,288,0
88,26,8800,22700,0100100000,288,0
88,27,8800,22700,0100100000,288,0
88,28,8800,22700,0100100000,288,0
88,29,8800,22700,0100100000,288,0
88,30,8800,22700,0100100000,288,0
88,31,8800,22700,0100100000,288,0
88,32,8800,22700,0100100000,288,0
88,33,8800,22700,0100100001,289,0
88,34,8800,22700,0100100001,289,0
88,35,8800,22700,0100100000,288,0
88,36,8800,22700,0100100000,288,0
88,37,8800,22700,0100100000,288,0
88,38,8800,22700,0100100011,291,0
88,39,8800,22700,0100100011,291,0
88,40,8800,22700,0100100000,288,0
88,41,8800,22700,0100100000,288,0
88,42,8800,22700,0100100000,288,0
88,43,8800,22700,0100100000,288,0
88,44,8800,22700,0100100000,288,0
88,45,8800,22700,0100100000,288,0
88,46,8800,22700,0100100000,288,0
88,47,8800,22700,0100100001,289,0
88,48,8800,22700,0100100000,288,0
88,49,8800,22700,0100100000,288,0
89,0,8900,22600,0100100011,291,0
89,1,8900,22600,0100100010,290,0
89,2,8900,22600,0100100011,291,0
89,3,8900,22600,0100100010,290,0
89,4,8900,22600,0100100010,290,0
89,5,8900,22600,0100100011,291,0
89,6,8900,22600,0100100010,290,0
89,7,8900,22600,0100100010,290,0
89,8,8900,22600,0100100010,290,0
89,9,8900,22600,0100100010,290,0
89,10,8900,22600,0100100010,290,0
89,11,8900,22600,0100100001,289,0
89,12,8900,22600,0100100001,289,0
89,13,8900,22600,0100100111,295,0
89,14,8900,22600,0100100001,289,0
89,15,8900,22600,0100100010,290,0
89,16,8900,22600,0100100000,288,0
89,17,8900,22600,0100100000,288,0
89,18,8900,22600,0100100010,290,0
89,19,8900,22600,0100100010,290,0
89,20,8900,22600,0100100010,290,0
89,21,8900,22600,0100100010,290,0
89,22,8900,22600,0100100011,291,0
89,23,8900,22600,0100100011,291,0
89,24,8900,22600,0100100010,290,0
89,25,8900,22600,0100100011,291,0
89,26,8900,22600,0100100011,291,0
89,27,8900,22600,0100100010,290,0
89,28,8900,22600,0100100100,292,0
89,29,8900,22600,0100100010,290,0
89,30,8900,22600,0100100011,291,0
89,31,8900,22600,0100100111,295,0
89,32,8900,22600,0100100111,295,0
89,33,8900,22600,0100100111,295,0
89,34,8900,22600,0100100011,291,0
89,35,8900,22600,0100100010,290,0
89,36,8900,22600,0100100100,292,0
89,37,8900,22600,0100100100,292,0
89,38,8900,22600,0100100010,290,0
89,39,8900,22600,0100100010,290,0
89,40,8900,22600,0100100010,290,0
89,41,8900,22600,0100100011,291,0
89,42,8900,22600,0100100100,292,0
89,43,8900,22600,0100100100,292,0
89,44,8900,22600,0100100011,291,0
89,45,8900,22600,0100100011,291,0
89,46,8900,22600,0100100010,290,0
89,47,8900,22600,0100100010,290,0
89,48,8900,22600,0100100010,290,0
89,49,8900,22600,0100100010,290,0
90,0,9000,22500,0100100100,292,0
90,1,9000,22500,0100100100,292,0
90,2,9000,22500,0100100101,293,0
90,3,9000,22500,0100100101,293,0
90,4,9000,22500,0100100101,293,0
90,5,9000,22500,0100100101,293,0
90,6,9000,22500,0100100110,294,0
90,7,9000,22500,0100100110,294,0
90,8,9000,22500,0100100101,293,0
90,9,9000,22500,0100100110,294,0
90,10,9000,22500,0100100111,295,0
90,11,9000,22500,0100100110,294,0
90,12,9000,22500,0100100110,294,0
90,13,9000,22500,0100101010,298,0
90,14,9000,22500,0100101010,298,0
90,15,9000,22500,0100100110,294,0
90,16,9000,22500,0100100110,294,0
90,17,9000,22500,0100100110,294,0
90,18,9000,22500,0100100111,295,0
90,19,9000,22500,0100100111,295,0
90,20,9000,22500,0100100110,294,0
90,21,9000,22500,0100100110,294,0
90,22,9000,22500,0100100111,295,0
90,23,9000,22500,0100100111,295,0
90,24,9000,22500,0100100111,295,0
90,25,9000,22500,0100100110,294,0
90,26,9000,22500,0100100110,294,0
90,27,9000,22500,0100100101,293,0
90,28,9000,22500,0100100101,293,0
90,29,9000,22500,0100100110,294,0
90,30,9000,22500,0100100110,294,0
90,31,9000,22500,0100100101,293,0
90,32,9000,22500,0100100110,294,0
90,33,9000,22500,0100100110,294,0
90,34,9000,22500,0100100101,293,0
90,35,9000,22500,0100100101,293,0
90,36,9000,22500,0100100101,293,0
90,37,9000,22500,0100100110,294,0
90,38,9000,22500,0100100101,293,0
90,39,9000,22500,0100100100,292,0
90,40,9000,22500,0100100100,292,0
90,41,9000,22500,0100100100,292,0
90,42,9000,22500,0100100100,292,0
90,43,9000,22500,0100100101,293,0
90,44,9000,22500,0100100110,294,0
90,45,9000,22500,0100100101,293,0
90,46,9000,22500,0100100100,292,0
90,47,9000,22500,0100100101,293,0
90,48,9000,22500,0100100101,293,0
90,49,9000,22500,0100100101,293,0
91,0,9100,22400,0100101001,297,0
91,1,9100,22400,0100101001,297,0
91,2,9100,22400,0100101001,297,0
91,3,9100,22400,0100101001,297,0
91,4,9100,22400,0100101011,299,0
91,5,9100,22400,0100101011,299,0
91,6,9100,22400,0100101011,299,0
91,7,9100,22400,0100101001,297,0
91,8,9100,22400,0100101001,297,0
91,9,9100,22400,0100101010,298,0
91,10,9100,22400,0100101001,297,0
91,11,9100,22400,0100101101,301,0
91,12,9100,22400,0100101110,302,0
91,13,9100,22400,0100101010,298,0
91,14,9100,22400,0100101001,297,0
91,15,9100,22400,0100101011,299,0
91,16,9100,22400,0100101011,299,0
91,17,9100,22400,0100101001,297,0
91,18,9100,22400,0100101001,297,0
91,19,9100,22400,0100101010,298,0
91,20,9100,22400,0100101001,297,0
91,21,9100,22400,0100101000,296,0
91,22,9100,22400,0100101001,297,0
91,23,9100,22400,0100101001,297,0
91,24,9100,22400,0100101001,297,0
91,25,9100,22400,0100101001,297,0
91,26,9100,22400,0100101000,296,0
91,27,9100,22400,0100101000,296,0
91,28,9100,22400,0100101001,297,0
91,29,9100,22400,0100101001,297,0
91,30,9100,22400,0100100111,295,0
91,31,9100,22400,0100101001,297,0
91,32,9100,22400,0100101001,297,0
91,33,9100,22400,0100101000,296,0
91,34,9100,22400,0100101000,296,0
91,35,9100,22400,0100101001,297,0
91,36,9100,22400,0100101001,297,0
91,37,9100,22400,0100101001,297,0
91,38,9100,22400,0100101001,297,0
91,39,9100,22400,0100101010,298,0
91,40,9100,22400,0100101010,298,0
91,41,9100,22400,0100101010,298,0
91,42,9100,22400,0100101001,297,0
91,43,9100,22400,0100101001,297,0
91,44,9100,22400,0100101100,300,0
91,45,9100,22400,0100101010,298,0
91,46,9100,22400,0100101110,302,0
91,47,9100,22400,0100101011,299,0
91,48,9100,22400,0100101001,297,0
91,49,9100,22400,0100101011,299,0
92,0,9200,22300,0100101100,300,0
92,1,9200,22300,0100101100,300,0
92,2,9200,22300,0100101100,300,0
92,3,9200,22300,0100101100,300,0
92,4,9200,22300,0100101100,300,0
92,5,9200,22300,0100101100,300,0
92,6,9200,22300,0100101101,301,0
92,7,9200,22300,0100101101,301,0
92,8,9200,22300,0100101100,300,0
92,9,9200,22300,0100101101,301,0
92,10,9200,22300,0100101100,300,0
92,11,9200,22300,0100101100,300,0
92,12,9200,22300,0100101100,300,0
92,13,9200,22300,0100101100,300,0
92,14,9200,22300,0100101100,300,0
92,15,9200,22300,0100101010,298,0
92,16,9200,22300,0100101010,298,0
92,17,9200,22300,0100101011,299,0
92,18,9200,22300,0100101100,300,0
92,19,9200,22300,0100101100,300,0
92,20,9200,22300,0100101100,300,0
92,21,9200,22300,0100101100,300,0
92,22,9200,22300,0100101011,299,0
92,23,9200,22300,0100101011,299,0
92,24,9200,22300,0100101100,300,0
92,25,9200,22300,0100101100,300,0
92,26,9200,22300,0100101100,300,0
92,27,9200,22300,0100101100,300,0
92,28,9200,22300,0100101101,301,0
92,29,9200,22300,0100101101,301,0
92,30,9200,22300,0100101100,300,0
92,31,9200,22300,0100110000,304,0
92,32,9200,22300,0100110001,305,0
92,33,9200,22300,0100110001,305,0
92,34,9200,22300,0100101101,301,0
92,35,9200,22300,0100101101,301,0
92,36,9200,22300,0100101101,301,0
92,37,9200,22300,0100110011,307,0
92,38,9200,22300,0100101111,303,0
92,39,9200,22300,0100101110,302,0
92,40,9200,22300,0100101100,300,0
92,41,9200,22300,0100101100,300,0
92,42,9200,22300,0100101111,303,0
92,43,9200,22300,0100101110,302,0
92,44,9200,22300,0100101101,301,0
92,45,9200,22300,0100101101,301,0
92,46,9200,22300,0100101101,301,0
92,47,9200,22300,0100101101,301,0
92,48,9200,22300,0100101101,301,0
92,49,9200,22300,0100101101,301,0
93,0,9300,22200,0100110000,304,0
93,1,9300,22200,0100110000,304,0
93,2,9300,22200,0100110001,305,0
93,3,9300,22200,0100110001,305,0
93,4,9300,22200,0100101111,303,0
93,5,9300,22200,0100101111,303,0
93,6,9300,22200,0100110000,304,0
93,7,9300,22200,0100101110,302,0
93,8,9300,22200,0100101110,302,0
93,9,9300,22200,0100101110,302,0
93,10,9300,22200,0100110000,304,0
93,11,9300,22200,0100101111,303,0
93,12,9300,22200,0100101111,303,0
93,13,9300,22200,0100101111,303,0
93,14,9300,22200,0100110001,305,0
93,15,9300,22200,0100110000,304,0
93,16,9300,22200,0100110000,304,0
93,17,9300,22200,0100110000,304,0
93,18,9300,22200,0100110010,306,0
93,19,9300,22200,0100110010,306,0
93,20,9300,22200,0100110010,306,0
93,21,9300,22200,0100110001,305,0
93,22,9300,22200,0100110001,305,0
93,23,9300,22200,0100110100,308,0
93,24,9300,22200,0100110001,305,0
93,25,9300,22200,0100110001,305,0
93,26,9300,22200,0100110001,305,0
93,27,9300,22200,0100110001,305,0
93,28,9300,22200,0100110111,311,0
93,29,9300,22200,0100110010,306,0
93,30,9300,22200,0100110001,305,0
93,31,9300,22200,0100110011,307,0
93,32,9300,22200,0100110011,307,0
93,33,9300,22200,0100110001,305,0
93,34,9300,22200,0100110010,306,0
93,35,9300,22200,0100110010,306,0
93,36,9300,22200,0100110001,305,0
93,37,9300,22200,0100110001,305,0
93,38,9300,22200,0100110001,305,0
93,39,9300,22200,0100110001,305,0
93,40,9300,22200,0100110001,305,0
93,41,9300,22200,0100110000,304,0
93,42,9300,22200,0100110001,305,0
93,43,9300,22200,0100101111,303,0
93,44,9300,22200,0100101110,302,0
93,45,9300,22200,0100110000,304,0
93,46,9300,22200,0100110000,304,0
93,47,9300,22200,0100110001,305,0
93,48,9300,22200,0100101110,302,0
93,49,9300,22200,0100101110,302,0
94,0,9400,22100,0100110100,308,0
94,1,9400,22100,0100110010,306,0
94,2,9400,22100,0100110100,308,0
94,3,9400,22100,0100110011,307,0
94,4,9400,22100,0100110100,308,0
94,5,9400,22100,0100110100,308,0
94,6,9400,22100,0100110100,308,0
94,7,9400,22100,0100110100,308,0
94,8,9400,22100,0100110100,308,0
94,9,9400,22100,0100110100,308,0
94,10,9400,22100,0100110111,311,0
94,11,9400,22100,0100111000,312,0
94,12,9400,22100,0100111000,312,0
94,13,9400,22100,0100110101,309,0
94,14,9400,22100,0100110101,309,0
94,15,9400,22100,0100111010,314,0
94,16,9400,22100,0100110110,310,0
94,17,9400,22100,0100110110,310,0
94,18,9400,22100,0100110110,310,0
94,19,9400,22100,0100110101,309,0
94,20,9400,22100,0100110100,308,0
94,21,9400,22100,0100110110,310,0
94,22,9400,22100,0100110101,309,0
94,23,9400,22100,0100110101,309,0
94,24,9400,22100,0100110101,309,0
94,25,9400,22100,0100110101,309,0
94,26,9400,22100,0100110101,309,0
94,27,9400,22100,0100110110,310,0
94,28,9400,22100,0100110101,309,0
94,29,9400,22100,0100110100,308,0
94,30,9400,22100,0100110100,308,0
94,31,9400,22100,0100110100,308,0
94,32,9400,22100,0100110100,308,0
94,33,9400,22100,0100110100,308,0
94,34,9400,22100,0100110100,308,0
94,35,9400,22100,0100110100,308,0
94,36,9400,22100,0100110100,308,0
94,37,9400,22100,0100110010,306,0
94,38,9400,22100,0100110010,306,0
94,39,9400,22100,0100110010,306,0
94,40,9400,22100,0100110011,307,0
94,41,9400,22100,0100110100,308,0
94,42,9400,22100,0100110011,307,0
94,43,9400,22100,0100110100,308,0
94,44,9400,22100,0100110100,308,0
94,45,9400,22100,0100110100,308,0
94,46,9400,22100,0100110100,308,0
94,47,9400,22100,0100110100,308,0
94,48,9400,22100,0100110100,308,0
94,49,9400,22100,0100110110,310,0
95,0,9500,22000,0100111000,312,0
95,1,9500,22000,0100111010,314,0
95,2,9500,22000,0100111010,314,0
95,3,9500,22000,0100111000,312,0
95,4,9500,22000,0100111000,312,0
95,5,9500,22000,0100111010,314,0
95,6,9500,22000,0100111010,314,0
95,7,9500,22000,0100111000,312,0
95,8,9500,22000,0100111000,312,0
95,9,9500,22000,0100111000,312,0
95,10,9500,22000,0100111000,312,0
95,11,9500,22000,0100110111,311,0
95,12,9500,22000,0100111000,312,0
95,13,9500,22000,0100111000,312,0
95,14,9500,22000,0100111000,312,0
95,15,9500,22000,0100110110,310,0
95,16,9500,22000,0100110110,310,0
95,17,9500,22000,0100110110,310,0
95,18,9500,22000,0100110110,310,0
95,19,9500,22000,0100111000,312,0
95,20,9500,22000,0100110111,311,0
95,21,9500,22000,0100111000,312,0
95,22,9500,22000,0100110110,310,0
95,23,9500,22000,0100110110,310,0
95,24,9500,22000,0100110110,310,0
95,25,9500,22000,0100110111,311,0
95,26,9500,22000,0100110111,311,0
95,27,9500,22000,0100111000,312,0
95,28,9500,22000,0100111000,312,0
95,29,9500,22000,0100111000,312,0
95,30,9500,22000,0100111000,312,0
95,31,9500,22000,0100111000,312,0
95,32,9500,22000,0100110111,311,0
95,33,9500,22000,0100111010,314,0
95,34,9500,22000,0100111010,314,0
95,35,9500,22000,0100111000,312,0
95,36,9500,22000,0100111000,312,0
95,37,9500,22000,0100111000,312,0
95,38,9500,22000,0100111101,317,0
95,39,9500,22000,0100111101,317,0
95,40,9500,22000,0100110111,311,0
95,41,9500,22000,0100111000,312,0
95,42,9500,22000,0100111010,314,0
95,43,9500,22000,0100111000,312,0
95,44,9500,22000,0100111000,312,0
95,45,9500,22000,0100111010,314,0
95,46,9500,22000,0100111000,312,0
95,47,9500,22000,0100110111,311,0
95,48,9500,22000,0100111000,312,0
95,49,9500,22000,0100111000,312,0
96,0,9600,21900,0100111101,317,0
96,1,9600,21900,0100111101,317,0
96,2,9600,21900,0100111100,316,0
96,3,9600,21900,0100111100,316,0
96,4,9600,21900,0100111100,316,0
96,5,9600,21900,0100111100,316,0
96,6,9600,21900,0100111100,316,0
96,7,9600,21900,0100111011,315,0
96,8,9600,21900,0100111011,315,0
96,9,9600,21900,0100111011,315,0
96,10,9600,21900,0100111011,315,0
96,11,9600,21900,0100111011,315,0
96,12,9600,21900,0100111011,315,0
96,13,9600,21900,0100111011,315,0
96,14,9600,21900,0100111010,314,0
96,15,9600,21900,0100111010,314,0
96,16,9600,21900,0100111001,313,0
96,17,9600,21900,0100111001,313,0
96,18,9600,21900,0100111011,315,0
96,19,9600,21900,0100111011,315,0
96,20,9600,21900,0100111001,313,0
96,21,9600,21900,0100111001,313,0
96,22,9600,21900,0100111001,313,0
96,23,9600,21900,0100111000,312,0
96,24,9600,21900,0100111011,315,0
96,25,9600,21900,0100111011,315,0
96,26,9600,21900,0100111011,315,0
96,27,9600,21900,0100111011,315,0
96,28,9600,21900,0100111011,315,0
96,29,9600,21900,0100111100,316,0
96,30,9600,21900,0100111011,315,0
96,31,9600,21900,0100111011,315,0
96,32,9600,21900,0100111011,315,0
96,33,9600,21900,0100111101,317,0
96,34,9600,21900,0100111101,317,0
96,35,9600,21900,0100111110,318,0
96,36,9600,21900,0100111011,315,0
96,37,9600,21900,0101000000,320,0
96,38,9600,21900,0101000000,320,0
96,39,9600,21900,0101000000,320,0
96,40,9600,21900,0100111011,315,0
96,41,9600,21900,0100111011,315,0
96,42,9600,21900,0100111011,315,0
96,43,9600,21900,0100111100,316,0
96,44,9600,21900,0100111101,317,0
96,45,9600,21900,0100111100,316,0
96,46,9600,21900,0100111101,317,0
96,47,9600,21900,0100111101,317,0
96,48,9600,21900,0100111100,316,0
96,49,9600,21900,0100111100,316,0
97,0,9700,21800,0101000000,320,0
97,1,9700,21800,0101000000,320,0
97,2,9700,21800,0101000000,320,0
97,3,9700,21800,0100111110,318,0
97,4,9700,21800,0100111111,319,0
97,5,9700,21800,0100111111,319,0
97,6,9700,21800,0100111111,319,0
97,7,9700,21800,0100111111,319,0
97,8,9700,21800,0100111101,317,0
97,9,9700,21800,0100111100,316,0
97,10,9700,21800,0100111110,318,0
97,11,9700,21800,0100111100,316,0
97,12,9700,21800,0100111110,318,0
97,13,9700,21800,0100111111,319,0
97,14,9700,21800,0100111111,319,0
97,15,9700,21800,0100111111,319,0
97,16,9700,21800,0100111111,319,0
97,17,9700,21800,0100111111,319,0
97,18,9700,21800,0100111110,318,0
97,19,9700,21800,0100111111,319,0
97,20,9700,21800,0100111110,318,0
97,21,9700,21800,0100111111,319,0
97,22,9700,21800,0101000000,320,0
97,23,9700,21800,0101000000,320,0
97,24,9700,21800,0101000000,320,0
97,25,9700,21800,0100111110,318,0
97,26,9700,21800,0100111110,318,0
97,27,9700,21800,0101000010,322,0
97,28,9700,21800,0101000010,322,0
97,29,9700,21800,0101000011,323,0
97,30,9700,21800,0100111111,319,0
97,31,9700,21800,0100111111,319,0
97,32,9700,21800,0100111110,318,0
97,33,9700,21800,0100111111,319,0
97,34,9700,21800,0100111111,319,0
97,35,9700,21800,0101000000,320,0
97,36,9700,21800,0101000000,320,0
97,37,9700,21800,0101000000,320,0
97,38,9700,21800,0101000000,320,0
97,39,9700,21800,0100111101,317,0
97,40,9700,21800,0100111110,318,0
97,41,9700,21800,0100111110,318,0
97,42,9700,21800,0100111110,318,0
97,43,9700,21800,0101000000,320,0
97,44,9700,21800,0100111110,318,0
97,45,9700,21800,0100111111,319,0
97,46,9700,21800,0100111111,319,0
97,47,9700,21800,0100111111,319,0
97,48,9700,21800,0100111110,318,0
97,49,9700,21800,0100111110,318,0
98,0,9800,21700,0101000000,320,0
98,1,9800,21700,0101000000,320,0
98,2,9800,21700,0101000000,320,0
98,3,9800,21700,0101000000,320,0
98,4,9800,21700,0101000000,320,0
98,5,9800,21700,0101000001,321,0
98,6,9800,21700,0101000000,320,0
98,7,9800,21700,0101000000,320,0
98,8,9800,21700,0101000000,320,0
98,9,9800,21700,0101000011,323,0
98,10,9800,21700,0101000011,323,0
98,11,9800,21700,0101000000,320,0
98,12,9800,21700,0101000000,320,0
98,13,9800,21700,0101000000,320,0
98,14,9800,21700,0101000000,320,0
98,15,9800,21700,0101000001,321,0
98,16,9800,21700,0101000000,320,0
98,17,9800,21700,0101000000,320,0
98,18,9800,21700,0101000000,320,0
98,19,9800,21700,0101000001,321,0
98,20,9800,21700,0101000000,320,0
98,21,9800,21700,0101000000,320,0
98,22,9800,21700,0101000000,320,0
98,23,9800,21700,0101000000,320,0
98,24,9800,21700,0101000000,320,0
98,25,9800,21700,0101000000,320,0
98,26,9800,21700,0101000000,320,0
98,27,9800,21700,0101000000,320,0
98,28,9800,21700,0101000000,320,0
98,29,9800,21700,0101000000,320,0
98,30,9800,21700,0101000000,320,0
98,31,9800,21700,0101000000,320,0
98,32,9800,21700,0101000000,320,0
98,33,9800,21700,0101000000,320,0
98,34,9800,21700,0101000000,320,0
98,35,9800,21700,0100111111,319,0
98,36,9800,21700,0101000000,320,0
98,37,9800,21700,0101000000,320,0
98,38,9800,21700,0101000000,320,0
98,39,9800,21700,0101000000,320,0
98,40,9800,21700,0101000000,320,0
98,41,9800,21700,0101000000,320,0
98,42,9800,21700,0101000000,320,0
98,43,9800,21700,0101000000,320,0
98,44,9800,21700,0101000000,320,0
98,45,9800,21700,0101000000,320,0
98,46,9800,21700,0101000000,320,0
98,47,9800,21700,0101000000,320,0
98,48,9800,21700,0101000000,320,0
98,49,9800,21700,0101000000,320,0
99,0,9900,21600,0101000011,323,0
99,1,9900,21600,0101000011,323,0
99,2,9900,21600,0101000011,323,0
99,3,9900,21600,0101000011,323,0
99,4,9900,21600,0101000011,323,0
99,5,9900,21600,0101000011,323,0
99,6,9900,21600,0101000011,323,0
99,7,9900,21600,0101000100,324,0
99,8,9900,21600,0101000100,324,0
99,9,9900,21600,0101000011,323,0
99,10,9900,21600,0101000011,323,0
99,11,9900,21600,0101000011,323,0
99,12,9900,21600,0101000011,323,0
99,13,9900,21600,0101000111,327,0
99,14,9900,21600,0101000111,327,0
99,15,9900,21600,0101000011,323,0
99,16,9900,21600,0101000011,323,0
99,17,9900,21600,0101000011,323,0
99,18,9900,21600,0101000100,324,0
99,19,9900,21600,0101000100,324,0
99,20,9900,21600,0101000011,323,0
99,21,9900,21600,0101000011,323,0
99,22,9900,21600,0101000100,324,0
99,23,9900,21600,0101000100,324,0
99,24,9900,21600,0101000100,324,0
99,25,9900,21600,0101000100,324,0
99,26,9900,21600,0101000011,323,0
99,27,9900,21600,0101000011,323,0
99,28,9900,21600,0101000011,323,0
99,29,9900,21600,0101000011,323,0
99,30,9900,21600,0101000011,323,0
99,31,9900,21600,0101000011,323,0
99,32,9900,21600,0101000010,322,0
99,33,9900,21600,0101000010,322,0
99,34,9900,21600,0101000001,321,0
99,35,9900,21600,0101000001,321,0
99,36,9900,21600,0101000011,323,0
99,37,9900,21600,0101000011,323,0
99,38,9900,21600,0101000010,322,0
99,39,9900,21600,0101000011,323,0
99,40,9900,21600,0101000010,322,0
99,41,9900,21600,0101000011,323,0
99,42,9900,21600,0101000011,323,0
99,43,9900,21600,0101000011,323,0
99,44,9900,21600,0101000010,322,0
99,45,9900,21600,0101000010,322,0
99,46,9900,21600,0101000011,323,0
99,47,9900,21600,0101000001,321,0
99,48,9900,21600,0101000001,321,0
99,49,9900,21600,0101000010,322,0
100,0,10000,21500,0101000110,326,0
100,1,10000,21500,0101000110,326,0
100,2,10000,21500,0101000110,326,0
100,3,10000,21500,0101000110,326,0
100,4,10000,21500,0101001000,328,0
100,5,10000,21500,0101000111,327,0
100,6,10000,21500,0101000110,326,0
100,7,10000,21500,0101000110,326,0
100,8,10000,21500,0101001010,330,0
100,9,10000,21500,0101001011,331,0
100,10,10000,21500,0101001010,330,0
100,11,10000,21500,0101000111,327,0
100,12,10000,21500,0101000110,326,0
100,13,10000,21500,0101000110,326,0
100,14,10000,21500,0101000110,326,0
100,15,10000,21500,0101000110,326,0
100,16,10000,21500,0101000111,327,0
100,17,10000,21500,0101001000,328,0
100,18,10000,21500,0101000110,326,0
100,19,10000,21500,0101001000,328,0
100,20,10000,21500,0101001000,328,0
100,21,10000,21500,0101000111,327,0
100,22,10000,21500,0101000111,327,0
100,23,10000,21500,0101000111,327,0
100,24,10000,21500,0101000110,326,0
100,25,10000,21500,0101000110,326,0
100,26,10000,21500,0101000110,326,0
100,27,10000,21500,0101000110,326,0
100,28,10000,21500,0101000110,326,0
100,29,10000,21500,0101000110,326,0
100,30,10000,21500,0101000110,326,0
100,31,10000,21500,0101000110,326,0
100,32,10000,21500,0101000110,326,0
100,33,10000,21500,0101000110,326,0
100,34,10000,21500,0101000110,326,0
100,35,10000,21500,0101000100,324,0
100,36,10000,21500,0101000100,324,0
100,37,10000,21500,0101000101,325,0
100,38,10000,21500,0101000110,326,0
100,39,10000,21500,0101000110,326,0
100,40,10000,21500,0101000111,327,0
100,41,10000,21500,0101000111,327,0
100,42,10000,21500,0101000110,326,0
100,43,10000,21500,0101000110,326,0
100,44,10000,21500,0101001001,329,0
100,45,10000,21500,0101000110,326,0
100,46,10000,21500,0101000110,326,0
100,47,10000,21500,0101000110,326,0
100,48,10000,21500,0101001011,331,0
100,49,10000,21500,0101001011,331,0
101,0,10100,21400,0101001001,329,0
101,1,10100,21400,0101001011,331,0
101,2,10100,21400,0101001011,331,0
101,3,10100,21400,0101001010,330,0
101,4,10100,21400,0101001011,331,0
101,5,10100,21400,0101001011,331,0
101,6,10100,21400,0101001011,331,0
101,7,10100,21400,0101001010,330,0
101,8,10100,21400,0101001010,330,0
101,9,10100,21400,0101001010,330,0
101,10,10100,21400,0101001001,329,0
101,11,10100,21400,0101001001,329,0
101,12,10100,21400,0101001000,328,0
101,13,10100,21400,0101001001,329,0
101,14,10100,21400,0101001010,330,0
101,15,10100,21400,0101001001,329,0
101,16,10100,21400,0101001000,328,0
101,17,10100,21400,0101001000,328,0
101,18,10100,21400,0101001001,329,0
101,19,10100,21400,0101001000,328,0
101,20,10100,21400,0101001000,328,0
101,21,10100,21400,0101001001,329,0
101,22,10100,21400,0101001001,329,0
101,23,10100,21400,0101001001,329,0
101,24,10100,21400,0101001001,329,0
101,25,10100,21400,0101001010,330,0
101,26,10100,21400,0101001010,330,0
101,27,10100,21400,0101001010,330,0
101,28,10100,21400,0101001001,329,0
101,29,10100,21400,0101001001,329,0
101,30,10100,21400,0101001001,329,0
101,31,10100,21400,0101001100,332,0
101,32,10100,21400,0101001101,333,0
101,33,10100,21400,0101001100,332,0
101,34,10100,21400,0101001001,329,0
101,35,10100,21400,0101001010,330,0
101,36,10100,21400,0101001010,330,0
101,37,10100,21400,0101001110,334,0
101,38,10100,21400,0101001110,334,0
101,39,10100,21400,0101001011,331,0
101,40,10100,21400,0101001011,331,0
101,41,10100,21400,0101001011,331,0
101,42,10100,21400,0101001011,331,0
101,43,10100,21400,0101001001,329,0
101,44,10100,21400,0101001010,330,0
101,45,10100,21400,0101001011,331,0
101,46,10100,21400,0101001001,329,0
101,47,10100,21400,0101001001,329,0
101,48,10100,21400,0101001011,331,0
101,49,10100,21400,0101001011,331,0
102,0,10200,21300,0101001101,333,0
102,1,10200,21300,0101001101,333,0
102,2,10200,21300,0101001101,333,0
102,3,10200,21300,0101001101,333,0
102,4,10200,21300,0101001100,332,0
102,5,10200,21300,0101001100,332,0
102,6,10200,21300,0101001101,333,0
102,7,10200,21300,0101001101,333,0
102,8,10200,21300,0101001011,331,0
102,9,10200,21300,0101001011,331,0
102,10,10200,21300,0101001011,331,0
102,11,10200,21300,0101001011,331,0
102,12,10200,21300,0101001011,331,0
102,13,10200,21300,0101001100,332,0
102,14,10200,21300,0101001100,332,0
102,15,10200,21300,0101001100,332,0
102,16,10200,21300,0101001100,332,0
102,17,10200,21300,0101001100,332,0
102,18,10200,21300,0101001100,332,0
102,19,10200,21300,0101001101,333,0
102,20,10200,21300,0101001100,332,0
102,21,10200,21300,0101001101,333,0
102,22,10200,21300,0101001110,334,0
102,23,10200,21300,0101001110,334,0
102,24,10200,21300,0101001110,334,0
102,25,10200,21300,0101001101,333,0
102,26,10200,21300,0101001101,333,0
102,27,10200,21300,0101010001,337,0
102,28,10200,21300,0101010001,337,0
102,29,10200,21300,0101010001,337,0
102,30,10200,21300,0101001101,333,0
102,31,10200,21300,0101001101,333,0
102,32,10200,21300,0101010011,339,0
102,33,10200,21300,0101001111,335,0
102,34,10200,21300,0101001110,334,0
102,35,10200,21300,0101001110,334,0
102,36,10200,21300,0101001101,333,0
102,37,10200,21300,0101001111,335,0
102,38,10200,21300,0101001101,333,0
102,39,10200,21300,0101001110,334,0
102,40,10200,21300,0101001111,335,0
102,41,10200,21300,0101001110,334,0
102,42,10200,21300,0101001110,334,0
102,43,10200,21300,0101001110,334,0
102,44,10200,21300,0101001110,334,0
102,45,10200,21300,0101001110,334,0
102,46,10200,21300,0101001100,332,0
102,47,10200,21300,0101001101,333,0
102,48,10200,21300,0101001101,333,0
102,49,10200,21300,0101001101,333,0
103,0,10300,21200,0101010000,336,0
103,1,10300,21200,0101010001,337,0
103,2,10300,21200,0101010000,336,0
103,3,10300,21200,0101010001,337,0
103,4,10300,21200,0101010001,337,0
103,5,10300,21200,0101010001,337,0
103,6,10300,21200,0101010001,337,0
103,7,10300,21200,0101010001,337,0
103,8,10300,21200,0101001111,335,0
103,9,10300,21200,0101001110,334,0
103,10,10300,21200,0101010001,337,0
103,11,10300,21200,0101001111,335,0
103,12,10300,21200,0101001111,335,0
103,13,10300,21200,0101010001,337,0
103,14,10300,21200,0101010001,337,0
103,15,10300,21200,0101010001,337,0
103,16,10300,21200,0101010001,337,0
103,17,10300,21200,0101010010,338,0
103,18,10300,21200,0101010010,338,0
103,19,10300,21200,0101010001,337,0
103,20,10300,21200,0101010001,337,0
103,21,10300,21200,0101010100,340,0
103,22,10300,21200,0101010100,340,0
103,23,10300,21200,0101010100,340,0
103,24,10300,21200,0101010100,340,0
103,25,10300,21200,0101010010,338,0
103,26,10300,21200,0101010010,338,0
103,27,10300,21200,0101010110,342,0
103,28,10300,21200,0101010110,342,0
103,29,10300,21200,0101010010,338,0
103,30,10300,21200,0101010011,339,0
103,31,10300,21200,0101010010,338,0
103,32,10300,21200,0101010001,337,0
103,33,10300,21200,0101010001,337,0
103,34,10300,21200,0101010011,339,0
103,35,10300,21200,0101010010,338,0
103,36,10300,21200,0101010001,337,0
103,37,10300,21200,0101010001,337,0
103,38,10300,21200,0101010001,337,0
103,39,10300,21200,0101010001,337,0
103,40,10300,21200,0101010001,337,0
103,41,10300,21200,0101010001,337,0
103,42,10300,21200,0101010001,337,0
103,43,10300,21200,0101010001,337,0
103,44,10300,21200,0101001111,335,0
103,45,10300,21200,0101010001,337,0
103,46,10300,21200,0101010001,337,0
103,47,10300,21200,0101010001,337,0
103,48,10300,21200,0101010001,337,0
103,49,10300,21200,0101001110,334,0
104,0,10400,21100,0101010100,340,0
104,1,10400,21100,0101010101,341,0
104,2,10400,21100,0101010011,339,0
104,3,10400,21100,0101010100,340,0
104,4,10400,21100,0101010100,340,0
104,5,10400,21100,0101010100,340,0
104,6,10400,21100,0101010100,340,0
104,7,10400,21100,0101010100,340,0
104,8,10400,21100,0101010100,340,0
104,9,10400,21100,0101010100,340,0
104,10,10400,21100,0101010100,340,0
104,11,10400,21100,0101010100,340,0
104,12,10400,21100,0101010100,340,0
104,13,10400,21100,0101010101,341,0
104,14,10400,21100,0101010110,342,0
104,15,10400,21100,0101010100,340,0
104,16,10400,21100,0101010101,341,0
104,17,10400,21100,0101011000,344,0
104,18,10400,21100,0101010101,341,0
104,19,10400,21100,0101011001,345,0
104,20,10400,21100,0101010110,342,0
104,21,10400,21100,0101010110,342,0
104,22,10400,21100,0101010110,342,0
104,23,10400,21100,0101010110,342,0
104,24,10400,21100,0101010110,342,0
104,25,10400,21100,0101010111,343,0
104,26,10400,21100,0101010111,343,0
104,27,10400,21100,0101010101,341,0
104,28,10400,21100,0101010101,341,0
104,29,10400,21100,0101010110,342,0
104,30,10400,21100,0101010101,341,0
104,31,10400,21100,0101010101,341,0
104,32,10400,21100,0101010101,341,0
104,33,10400,21100,0101010101,341,0
104,34,10400,21100,0101010100,340,0
104,35,10400,21100,0101010100,340,0
104,36,10400,21100,0101010011,339,0
104,37,10400,21100,0101010011,339,0
104,38,10400,21100,0101010011,339,0
104,39,10400,21100,0101010100,340,0
104,40,10400,21100,0101010011,339,0
104,41,10400,21100,0101010011,339,0
104,42,10400,21100,0101010010,338,0
104,43,10400,21100,0101010100,340,0
104,44,10400,21100,0101010100,340,0
104,45,10400,21100,0101010100,340,0
104,46,10400,21100,0101010101,341,0
104,47,10400,21100,0101010101,341,0
104,48,10400,21100,0101010100,340,0
104,49,10400,21100,0101010101,341,0
105,0,10500,21000,0101011000,344,0
105,1,10500,21000,0101011000,344,0
105,2,10500,21000,0101011000,344,0
105,3,10500,21000,0101011001,345,0
105,4,10500,21000,0101011001,345,0
105,5,10500,21000,0101011001,345,0
105,6,10500,21000,0101011001,345,0
105,7,10500,21000,0101011000,344,0
105,8,10500,21000,0101011000,344,0
105,9,10500,21000,0101011011,347,0
105,10,10500,21000,0101011000,344,0
105,11,10500,21000,0101011000,344,0
105,12,10500,21000,0101011000,344,0
105,13,10500,21000,0101011110,350,0
105,14,10500,21000,0101011110,350,0
105,15,10500,21000,0101011101,349,0
105,16,10500,21000,0101011001,345,0
105,17,10500,21000,0101011000,344,0
105,18,10500,21000,0101011000,344,0
105,19,10500,21000,0101011000,344,0
105,20,10500,21000,0101011010,346,0
105,21,10500,21000,0101011000,344,0
105,22,10500,21000,0101011001,345,0
105,23,10500,21000,0101011000,344,0
105,24,10500,21000,0101011000,344,0
105,25,10500,21000,0101011000,344,0
105,26,10500,21000,0101011000,344,0
105,27,10500,21000,0101011000,344,0
105,28,10500,21000,0101011000,344,0
105,29,10500,21000,0101011000,344,0
105,30,10500,21000,0101011000,344,0
105,31,10500,21000,0101010111,343,0
105,32,10500,21000,0101010111,343,0
105,33,10500,21000,0101011000,344,0
105,34,10500,21000,0101011000,344,0
105,35,10500,21000,0101010111,343,0
105,36,10500,21000,0101010110,342,0
105,37,10500,21000,0101010110,342,0
105,38,10500,21000,0101011000,344,0
105,39,10500,21000,0101011000,344,0
105,40,10500,21000,0101011000,344,0
105,41,10500,21000,0101011000,344,0
105,42,10500,21000,0101011000,344,0
105,43,10500,21000,0101011000,344,0
105,44,10500,21000,0101011000,344,0
105,45,10500,21000,0101011000,344,0
105,46,10500,21000,0101011000,344,0
105,47,10500,21000,0101011000,344,0
105,48,10500,21000,0101011010,346,0
105,49,10500,21000,0101011000,344,0
106,0,10600,20900,0101100000,352,0
106,1,10600,20900,0101011100,348,0
106,2,10600,20900,0101011100,348,0
106,3,10600,20900,0101011100,348,0
106,4,10600,20900,0101011011,347,0
106,5,10600,20900,0101011110,350,0
106,6,10600,20900,0101011100,348,0
106,7,10600,20900,0101011100,348,0
106,8,10600,20900,0101011100,348,0
106,9,10600,20900,0101011101,349,0
106,10,10600,20900,0101011100,348,0
106,11,10600,20900,0101011100,348,0
106,12,10600,20900,0101011100,348,0
106,13,10600,20900,0101011100,348,0
106,14,10600,20900,0101011010,346,0
106,15,10600,20900,0101011100,348,0
106,16,10600,20900,0101011100,348,0
106,17,10600,20900,0101011001,345,0
106,18,10600,20900,0101011010,346,0
106,19,10600,20900,0101011011,347,0
106,20,10600,20900,0101011100,348,0
106,21,10600,20900,0101011011,347,0
106,22,10600,20900,0101011011,347,0
106,23,10600,20900,0101011100,348,0
106,24,10600,20900,0101011100,348,0
106,25,10600,20900,0101011100,348,0
106,26,10600,20900,0101011101,349,0
106,27,10600,20900,0101011100,348,0
106,28,10600,20900,0101100000,352,0
106,29,10600,20900,0101100000,352,0
106,30,10600,20900,0101011100,348,0
106,31,10600,20900,0101011100,348,0
106,32,10600,20900,0101011100,348,0
106,33,10600,20900,0101011110,350,0
106,34,10600,20900,0101011100,348,0
106,35,10600,20900,0101011100,348,0
106,36,10600,20900,0101011110,350,0
106,37,10600,20900,0101011100,348,0
106,38,10600,20900,0101011100,348,0
106,39,10600,20900,0101011100,348,0
106,40,10600,20900,0101011100,348,0
106,41,10600,20900,0101011100,348,0
106,42,10600,20900,0101011100,348,0
106,43,10600,20900,0101011100,348,0
106,44,10600,20900,0101011011,347,0
106,45,10600,20900,0101011011,347,0
106,46,10600,20900,0101011010,346,0
106,47,10600,20900,0101011100,348,0
106,48,10600,20900,0101011011,347,0
106,49,10600,20900,0101011011,347,0
107,0,10700,20800,0101100010,354,0
107,1,10700,20800,0101011111,351,0
107,2,10700,20800,0101011111,351,0
107,3,10700,20800,0101011111,351,0
107,4,10700,20800,0101100000,352,0
107,5,10700,20800,0101011111,351,0
107,6,10700,20800,0101011111,351,0
107,7,10700,20800,0101100000,352,0
107,8,10700,20800,0101011110,350,0
107,9,10700,20800,0101011111,351,0
107,10,10700,20800,0101011111,351,0
107,11,10700,20800,0101011111,351,0
107,12,10700,20800,0101100000,352,0
107,13,10700,20800,0101011111,351,0
107,14,10700,20800,0101011110,350,0
107,15,10700,20800,0101011110,350,0
107,16,10700,20800,0101011110,350,0
107,17,10700,20800,0101011110,350,0
107,18,10700,20800,0101011111,351,0
107,19,10700,20800,0101011101,349,0
107,20,10700,20800,0101011111,351,0
107,21,10700,20800,0101011101,349,0
107,22,10700,20800,0101011110,350,0
107,23,10700,20800,0101011110,350,0
107,24,10700,20800,0101011110,350,0
107,25,10700,20800,0101011111,351,0
107,26,10700,20800,0101100000,352,0
107,27,10700,20800,0101011111,351,0
107,28,10700,20800,0101011111,351,0
107,29,10700,20800,0101100000,352,0
107,30,10700,20800,0101011111,351,0
107,31,10700,20800,0101011111,351,0
107,32,10700,20800,0101100010,354,0
107,33,10700,20800,0101011111,351,0
107,34,10700,20800,0101100000,352,0
107,35,10700,20800,0101011111,351,0
107,36,10700,20800,0101011110,350,0
107,37,10700,20800,0101100000,352,0
107,38,10700,20800,0101011110,350,0
107,39,10700,20800,0101100000,352,0
107,40,10700,20800,0101011110,350,0
107,41,10700,20800,0101011111,351,0
107,42,10700,20800,0101100000,352,0
107,43,10700,20800,0101100000,352,0
107,44,10700,20800,0101011110,350,0
107,45,10700,20800,0101011111,351,0
107,46,10700,20800,0101011111,351,0
107,47,10700,20800,0101011111,351,0
107,48,10700,20800,0101011111,351,0
107,49,10700,20800,0101011111,351,0
108,0,10800,20700,0101100000,352,0
108,1,10800,20700,0101100000,352,0
108,2,10800,20700,0101100000,352,0
108,3,10800,20700,0101100000,352,0
108,4,10800,20700,0101100000,352,0
108,5,10800,20700,0101100000,352,0
108,6,10800,20700,0101100000,352,0
108,7,10800,20700,0101100000,352,0
108,8,10800,20700,0101100000,352,0
108,9,10800,20700,0101100000,352,0
108,10,10800,20700,0101100000,352,0
108,11,10800,20700,0101100000,352,0
108,12,10800,20700,0101100000,352,0
108,13,10800,20700,0101100000,352,0
108,14,10800,20700,0101100000,352,0
108,15,10800,20700,0101100000,352,0
108,16,10800,20700,0101100000,352,0
108,17,10800,20700,0101100000,352,0
108,18,10800,20700,0101100000,352,0
108,19,10800,20700,0101100000,352,0
108,20,10800,20700,0101100000,352,0
108,21,10800,20700,0101100000,352,0
108,22,10800,20700,0101100000,352,0
108,23,10800,20700,0101100000,352,0
108,24,10800,20700,0101100000,352,0
108,25,10800,20700,0101100001,353,0
108,26,10800,20700,0101100010,354,0
108,27,10800,20700,0101100000,352,0
108,28,10800,20700,0101100000,352,0
108,29,10800,20700,0101100011,355,0
108,30,10800,20700,0101100000,352,0
108,31,10800,20700,0101100000,352,0
108,32,10800,20700,0101100000,352,0
108,33,10800,20700,0101100000,352,0
108,34,10800,20700,0101100000,352,0
108,35,10800,20700,0101100000,352,0
108,36,10800,20700,0101100001,353,0
108,37,10800,20700,0101100000,352,0
108,38,10800,20700,0101100000,352,0
108,39,10800,20700,0101100000,352,0
108,40,10800,20700,0101100000,352,0
108,41,10800,20700,0101100000,352,0
108,42,10800,20700,0101100000,352,0
108,43,10800,20700,0101100000,352,0
108,44,10800,20700,0101100000,352,0
108,45,10800,20700,0101100000,352,0
108,46,10800,20700,0101100000,352,0
108,47,10800,20700,0101100000,352,0
108,48,10800,20700,0101100000,352,0
108,49,10800,20700,0101100000,352,0
109,0,10900,20600,0101100001,353,0
109,1,10900,20600,0101100010,354,0
109,2,10900,20600,0101100010,354,0
109,3,10900,20600,0101100010,354,0
109,4,10900,20600,0101100001,353,0
109,5,10900,20600,0101100010,354,0
109,6,10900,20600,0101100010,354,0
109,7,10900,20600,0101100011,355,0
109,8,10900,20600,0101100011,355,0
109,9,10900,20600,0101100011,355,0
109,10,10900,20600,0101100101,357,0
109,11,10900,20600,0101100011,355,0
109,12,10900,20600,0101100011,355,0
109,13,10900,20600,0101100111,359,0
109,14,10900,20600,0101100100,356,0
109,15,10900,20600,0101100010,354,0
109,16,10900,20600,0101100100,356,0
109,17,10900,20600,0101100100,356,0
109,18,10900,20600,0101100011,355,0
109,19,10900,20600,0101100011,355,0
109,20,10900,20600,0101100011,355,0
109,21,10900,20600,0101100011,355,0
109,22,10900,20600,0101100011,355,0
109,23,10900,20600,0101100011,355,0
109,24,10900,20600,0101100011,355,0
109,25,10900,20600,0101100011,355,0
109,26,10900,20600,0101100011,355,0
109,27,10900,20600,0101100010,354,0
109,28,10900,20600,0101100011,355,0
109,29,10900,20600,0101100001,353,0
109,30,10900,20600,0101100001,353,0
109,31,10900,20600,0101100011,355,0
109,32,10900,20600,0101100010,354,0
109,33,10900,20600,0101100010,354,0
109,34,10900,20600,0101100001,353,0
109,35,10900,20600,0101100010,354,0
109,36,10900,20600,0101100011,355,0
109,37,10900,20600,0101100011,355,0
109,38,10900,20600,0101100010,354,0
109,39,10900,20600,0101100100,356,0
109,40,10900,20600,0101100100,356,0
109,41,10900,20600,0101100100,356,0
109,42,10900,20600,0101100010,354,0
109,43,10900,20600,0101100110,358,0
109,44,10900,20600,0101100011,355,0
109,45,10900,20600,0101100011,355,0
109,46,10900,20600,0101100100,356,0
109,47,10900,20600,0101100011,355,0
109,48,10900,20600,0101100011,355,0
109,49,10900,20600,0101100011,355,0
110,0,11000,20500,0101100110,358,0
110,1,11000,20500,0101100110,358,0
110,2,11000,20500,0101100110,358,0
110,3,11000,20500,0101100110,358,0
110,4,11000,20500,0101100110,358,0
110,5,11000,20500,0101100110,358,0
110,6,11000,20500,0101100110,358,0
110,7,11000,20500,0101100110,358,0
110,8,11000,20500,0101100110,358,0
110,9,11000,20500,0101100100,356,0
110,10,11000,20500,0101100110,358,0
110,11,11000,20500,0101100101,357,0
110,12,11000,20500,0101100100,356,0
110,13,11000,20500,0101100100,356,0
110,14,11000,20500,0101100100,356,0
110,15,11000,20500,0101100110,358,0
110,16,11000,20500,0101100101,357,0
110,17,11000,20500,0101100110,358,0
110,18,11000,20500,0101100110,358,0
110,19,11000,20500,0101100110,358,0
110,20,11000,20500,0101100110,358,0
110,21,11000,20500,0101100110,358,0
110,22,11000,20500,0101100111,359,0
110,23,11000,20500,0101100110,358,0
110,24,11000,20500,0101101010,362,0
110,25,11000,20500,0101101001,361,0
110,26,11000,20500,0101100110,358,0
110,27,11000,20500,0101100110,358,0
110,28,11000,20500,0101100110,358,0
110,29,11000,20500,0101101000,360,0
110,30,11000,20500,0101100111,359,0
110,31,11000,20500,0101100110,358,0
110,32,11000,20500,0101100111,359,0
110,33,11000,20500,0101100111,359,0
110,34,11000,20500,0101100110,358,0
110,35,11000,20500,0101100101,357,0
110,36,11000,20500,0101100110,358,0
110,37,11000,20500,0101100110,358,0
110,38,11000,20500,0101100110,358,0
110,39,11000,20500,0101100101,357,0
110,40,11000,20500,0101100101,357,0
110,41,11000,20500,0101100110,358,0
110,42,11000,20500,0101100110,358,0
110,43,11000,20500,0101100100,356,0
110,44,11000,20500,0101100100,356,0
110,45,11000,20500,0101100100,356,0
110,46,11000,20500,0101100110,358,0
110,47,11000,20500,0101100101,357,0
110,48,11000,20500,0101100110,358,0
110,49,11000,20500,0101100110,358,0
111,0,11100,20400,0101101001,361,0
111,1,11100,20400,0101101001,361,0
111,2,11100,20400,0101101011,363,0
111,3,11100,20400,0101101001,361,0
111,4,11100,20400,0101101001,361,0
111,5,11100,20400,0101101101,365,0
111,6,11100,20400,0101101010,362,0
111,7,11100,20400,0101101010,362,0
111,8,11100,20400,0101101001,361,0
111,9,11100,20400,0101101001,361,0
111,10,11100,20400,0101101011,363,0
111,11,11100,20400,0101101011,363,0
111,12,11100,20400,0101101001,361,0
111,13,11100,20400,0101101001,361,0
111,14,11100,20400,0101101010,362,0
111,15,11100,20400,0101101001,361,0
111,16,11100,20400,0101101001,361,0
111,17,11100,20400,0101101000,360,0
111,18,11100,20400,0101101001,361,0
111,19,11100,20400,0101101001,361,0
111,20,11100,20400,0101101001,361,0
111,21,11100,20400,0101101001,361,0
111,22,11100,20400,0101101001,361,0
111,23,11100,20400,0101101001,361,0
111,24,11100,20400,0101101000,360,0
111,25,11100,20400,0101111111,383,0
111,26,11100,20400,0101101001,361,0
111,27,11100,20400,0101100111,359,0
111,28,11100,20400,0101101000,360,0
111,29,11100,20400,0101101000,360,0
111,30,11100,20400,0101101001,361,0
111,31,11100,20400,0101101001,361,0
111,32,11100,20400,0101101000,360,0
111,33,11100,20400,0101101000,360,0
111,34,11100,20400,0101101001,361,0
111,35,11100,20400,0101101001,361,0
111,36,11100,20400,0101101001,361,0
111,37,11100,20400,0101101010,362,0
111,38,11100,20400,0101101001,361,0
111,39,11100,20400,0101101100,364,0
111,40,11100,20400,0101101001,361,0
111,41,11100,20400,0101101010,362,0
111,42,11100,20400,0101101001,361,0
111,43,11100,20400,0101101101,365,0
111,44,11100,20400,0101101110,366,0
111,45,11100,20400,0101101010,362,0
111,46,11100,20400,0101101001,361,0
111,47,11100,20400,0101101011,363,0
111,48,11100,20400,0101101011,363,0
111,49,11100,20400,0101101011,363,0
112,0,11200,20300,0101101100,364,0
112,1,11200,20300,0101101110,366,0
112,2,11200,20300,0101101110,366,0
112,3,11200,20300,0101101101,365,0
112,4,11200,20300,0101101110,366,0
112,5,11200,20300,0101101101,365,0
112,6,11200,20300,0101101100,364,0
112,7,11200,20300,0101101100,364,0
112,8,11200,20300,0101101101,365,0
112,9,11200,20300,0101101100,364,0
112,10,11200,20300,0101101101,365,0
112,11,11200,20300,0101101100,364,0
112,12,11200,20300,0101101011,363,0
112,13,11200,20300,0101101011,363,0
112,14,11200,20300,0101101100,364,0
112,15,11200,20300,0101101100,364,0
112,16,11200,20300,0101101100,364,0
112,17,11200,20300,0101101100,364,0
112,18,11200,20300,0101101100,364,0
112,19,11200,20300,0101101110,366,0
112,20,11200,20300,0101101110,366,0
112,21,11200,20300,0101101110,366,0
112,22,11200,20300,0101101100,364,0
112,23,11200,20300,0101101111,367,0
112,24,11200,20300,0101110000,368,0
112,25,11200,20300,0101101101,365,0
112,26,11200,20300,0101101101,365,0
112,27,11200,20300,0101110010,370,0
112,28,11200,20300,0101110010,370,0
112,29,11200,20300,0101101110,366,0
112,30,11200,20300,0101101110,366,0
112,31,11200,20300,0101101100,364,0
112,32,11200,20300,0101101101,365,0
112,33,11200,20300,0101101101,365,0
112,34,11200,20300,0101101110,366,0
112,35,11200,20300,0101101110,366,0
112,36,11200,20300,0101101110,366,0
112,37,11200,20300,0101101101,365,0
112,38,11200,20300,0101101101,365,0
112,39,11200,20300,0101101101,365,0
112,40,11200,20300,0101101101,365,0
112,41,11200,20300,0101101100,364,0
112,42,11200,20300,0101101100,364,0
112,43,11200,20300,0101101101,365,0
112,44,11200,20300,0101101100,364,0
112,45,11200,20300,0101101011,363,0
112,46,11200,20300,0101101011,363,0
112,47,11200,20300,0101101100,364,0
112,48,11200,20300,0101101101,365,0
112,49,11200,20300,0101101101,365,0
113,0,11300,20200,0101101111,367,0
113,1,11300,20200,0101110001,369,0
113,2,11300,20200,0101110001,369,0
113,3,11300,20200,0101110010,370,0
113,4,11300,20200,0101110010,370,0
113,5,11300,20200,0101110010,370,0
113,6,11300,20200,0101110001,369,0
113,7,11300,20200,0101110100,372,0
113,8,11300,20200,0101110010,370,0
113,9,11300,20200,0101110001,369,0
113,10,11300,20200,0101110110,374,0
113,11,11300,20200,0101110110,374,0
113,12,11300,20200,0101110010,370,0
113,13,11300,20200,0101110010,370,0
113,14,11300,20200,0101110001,369,0
113,15,11300,20200,0101110011,371,0
113,16,11300,20200,0101110011,371,0
113,17,11300,20200,0101110001,369,0
113,18,11300,20200,0101110001,369,0
113,19,11300,20200,0101110010,370,0
113,20,11300,20200,0101110001,369,0
113,21,11300,20200,0101110001,369,0
113,22,11300,20200,0101110001,369,0
113,23,11300,20200,0101110001,369,0
113,24,11300,20200,0101110001,369,0
113,25,11300,20200,0101110001,369,0
113,26,11300,20200,0101110001,369,0
113,27,11300,20200,0101110001,369,0
113,28,11300,20200,0101101111,367,0
113,29,11300,20200,0101110001,369,0
113,30,11300,20200,0101101110,366,0
113,31,11300,20200,0101101110,366,0
113,32,11300,20200,0101101110,366,0
113,33,11300,20200,0101101110,366,0
113,34,11300,20200,0101110000,368,0
113,35,11300,20200,0101110001,369,0
113,36,11300,20200,0101110001,369,0
113,37,11300,20200,0101110001,369,0
113,38,11300,20200,0101110001,369,0
113,39,11300,20200,0101110010,370,0
113,40,11300,20200,0101110010,370,0
113,41,11300,20200,0101110011,371,0
113,42,11300,20200,0101110001,369,0
113,43,11300,20200,0101110101,373,0
113,44,11300,20200,0101110110,374,0
113,45,11300,20200,0101110010,370,0
113,46,11300,20200,0101110010,370,0
113,47,11300,20200,0101110010,370,0
113,48,11300,20200,0101110001,369,0
113,49,11300,20200,0101110011,371,0
114,0,11400,20100,0101110101,373,0
114,1,11400,20100,0101110100,372,0
114,2,11400,20100,0101110100,372,0
114,3,11400,20100,0101110101,373,0
114,4,11400,20100,0101110011,371,0
114,5,11400,20100,0101110011,371,0
114,6,11400,20100,0101110100,372,0
114,7,11400,20100,0101110100,372,0
114,8,11400,20100,0101110011,371,0
114,9,11400,20100,0101110011,371,0
114,10,11400,20100,0101110010,370,0
114,11,11400,20100,0101110100,372,0
114,12,11400,20100,0101110100,372,0
114,13,11400,20100,0101110100,372,0
114,14,11400,20100,0101110101,373,0
114,15,11400,20100,0101110101,373,0
114,16,11400,20100,0101110100,372,0
114,17,11400,20100,0101110100,372,0
114,18,11400,20100,0101110110,374,0
114,19,11400,20100,0101110110,374,0
114,20,11400,20100,0101110101,373,0
114,21,11400,20100,0101111001,377,0
114,22,11400,20100,0101110101,373,0
114,23,11400,20100,0101110101,373,0
114,24,11400,20100,0101110100,372,0
114,25,11400,20100,0101110100,372,0
114,26,11400,20100,0101110100,372,0
114,27,11400,20100,0101110110,374,0
114,28,11400,20100,0101110100,372,0
114,29,11400,20100,0101110100,372,0
114,30,11400,20100,0101110110,374,0
114,31,11400,20100,0101110110,374,0
114,32,11400,20100,0101110101,373,0
114,33,11400,20100,0101110101,373,0
114,34,11400,20100,0101110100,372,0
114,35,11400,20100,0101110100,372,0
114,36,11400,20100,0101110100,372,0
114,37,11400,20100,0100111111,319,0
114,38,11400,20100,0101110101,373,0
114,39,11400,20100,0101110100,372,0
114,40,11400,20100,0101110101,373,0
114,41,11400,20100,0101110100,372,0
114,42,11400,20100,0101110101,373,0
114,43,11400,20100,0101110100,372,0
114,44,11400,20100,0101110100,372,0
114,45,11400,20100,0101110011,371,0
114,46,11400,20100,0101110011,371,0
114,47,11400,20100,0101110011,371,0
114,48,11400,20100,0101110100,372,0
114,49,11400,20100,0101110100,372,0
115,0,11500,20000,0101111001,377,0
115,1,11500,20000,0101111000,376,0
115,2,11500,20000,0101111000,376,0
115,3,11500,20000,0101111000,376,0
115,4,11500,20000,0101111100,380,0
115,5,11500,20000,0101111001,377,0
115,6,11500,20000,0101111000,376,0
115,7,11500,20000,0101111000,376,0
115,8,11500,20000,0101111000,376,0
115,9,11500,20000,0101111000,376,0
115,10,11500,20000,0101111000,376,0
115,11,11500,20000,0101111000,376,0
115,12,11500,20000,0101111001,377,0
115,13,11500,20000,0101111010,378,0
115,14,11500,20000,0101111010,378,0
115,15,11500,20000,0101111000,376,0
115,16,11500,20000,0101111000,376,0
115,17,11500,20000,0101111000,376,0
115,18,11500,20000,0101111000,376,0
115,19,11500,20000,0101111000,376,0
115,20,11500,20000,0101110111,375,0
115,21,11500,20000,0101110111,375,0
115,22,11500,20000,0101110110,374,0
115,23,11500,20000,0101110110,374,0
115,24,11500,20000,0101110110,374,0
115,25,11500,20000,0101111000,376,0
115,26,11500,20000,0101110111,375,0
115,27,11500,20000,0101111000,376,0
115,28,11500,20000,0101111000,376,0
115,29,11500,20000,0101111000,376,0
115,30,11500,20000,0101111001,377,0
115,31,11500,20000,0101111000,376,0
115,32,11500,20000,0101111000,376,0
115,33,11500,20000,0101111011,379,0
115,34,11500,20000,0101111011,379,0
115,35,11500,20000,0101111000,376,0
115,36,11500,20000,0101111000,376,0
115,37,11500,20000,0101111101,381,0
115,38,11500,20000,0101111101,381,0
115,39,11500,20000,0101111101,381,0
115,40,11500,20000,0101111001,377,0
115,41,11500,20000,0101111000,376,0
115,42,11500,20000,0101111000,376,0
115,43,11500,20000,0101111010,378,0
115,44,11500,20000,0101111010,378,0
115,45,11500,20000,0101111000,376,0
115,46,11500,20000,0101111000,376,0
115,47,11500,20000,0101111001,377,0
115,48,11500,20000,0101111001,377,0
115,49,11500,20000,0101111000,376,0
116,0,11600,19900,0101111011,379,0
116,1,11600,19900,0101111011,379,0
116,2,11600,19900,0101111100,380,0
116,3,11600,19900,0101111100,380,0
116,4,11600,19900,0101111011,379,0
116,5,11600,19900,0101111011,379,0
116,6,11600,19900,0101111011,379,0
116,7,11600,19900,0101111100,380,0
116,8,11600,19900,0101111001,377,0
116,9,11600,19900,0101111011,379,0
116,10,11600,19900,0101111011,379,0
116,11,11600,19900,0101111010,378,0
116,12,11600,19900,0101111010,378,0
116,13,11600,19900,0101111011,379,0
116,14,11600,19900,0101111100,380,0
116,15,11600,19900,0101111011,379,0
116,16,11600,19900,0101111011,379,0
116,17,11600,19900,0101111011,379,0
116,18,11600,19900,0101111100,380,0
116,19,11600,19900,0101111100,380,0
116,20,11600,19900,0101111011,379,0
116,21,11600,19900,0101111111,383,0
116,22,11600,19900,0101111100,380,0
116,23,11600,19900,0101111100,380,0
116,24,11600,19900,0101111100,380,0
116,25,11600,19900,0110000000,384,0
116,26,11600,19900,0101111100,380,0
116,27,11600,19900,0101111100,380,0
116,28,11600,19900,0101111100,380,0
116,29,11600,19900,0101111101,381,0
116,30,11600,19900,0101111101,381,0
116,31,11600,19900,0101111011,379,0
116,32,11600,19900,0101111100,380,0
116,33,11600,19900,0101111101,381,0
116,34,11600,19900,0101111100,380,0
116,35,11600,19900,0101111011,379,0
116,36,11600,19900,0101111100,380,0
116,37,11600,19900,0101111100,380,0
116,38,11600,19900,0101111011,379,0
116,39,11600,19900,0101111011,379,0
116,40,11600,19900,0101111011,379,0
116,41,11600,19900,0101111011,379,0
116,42,11600,19900,0101111010,378,0
116,43,11600,19900,0101111011,379,0
116,44,11600,19900,0101111011,379,0
116,45,11600,19900,0101111011,379,0
116,46,11600,19900,0101111001,377,0
116,47,11600,19900,0101111001,377,0
116,48,11600,19900,0101111011,379,0
116,49,11600,19900,0101111011,379,0
117,0,11700,19800,0101111111,383,0
117,1,11700,19800,0101111110,382,0
117,2,11700,19800,0101111110,382,0
117,3,11700,19800,0101111110,382,0
117,4,11700,19800,0101111111,383,0
117,5,11700,19800,0101111111,383,0
117,6,11700,19800,0110000000,384,0
117,7,11700,19800,0110000000,384,0
117,8,11700,19800,0101111110,382,0
117,9,11700,19800,0110000001,385,0
117,10,11700,19800,0110000001,385,0
117,11,11700,19800,0101111110,382,0
117,12,11700,19800,0110000011,387,0
117,13,11700,19800,0110000000,384,0
117,14,11700,19800,0101111111,383,0
117,15,11700,19800,0101111110,382,0
117,16,11700,19800,0101111111,383,0
117,17,11700,19800,0110000000,384,0
117,18,11700,19800,0101111110,382,0
117,19,11700,19800,0101111110,382,0
117,20,11700,19800,0110000000,384,0
117,21,11700,19800,0110000000,384,0
117,22,11700,19800,0110000000,384,0
117,23,11700,19800,0101111110,382,0
117,24,11700,19800,0101111111,383,0
117,25,11700,19800,0101111111,383,0
117,26,11700,19800,0101111111,383,0
117,27,11700,19800,0101111110,382,0
117,28,11700,19800,0101111111,383,0
117,29,11700,19800,0101111111,383,0
117,30,11700,19800,0101111111,383,0
117,31,11700,19800,0101111101,381,0
117,32,11700,19800,0101111111,383,0
117,33,11700,19800,0101111111,383,0
117,34,11700,19800,0101111101,381,0
117,35,11700,19800,0101111101,381,0
117,36,11700,19800,0101111111,383,0
117,37,11700,19800,0101111111,383,0
117,38,11700,19800,0101111110,382,0
117,39,11700,19800,0101111111,383,0
117,40,11700,19800,0101111111,383,0
117,41,11700,19800,0101111111,383,0
117,42,11700,19800,0101111111,383,0
117,43,11700,19800,0101111111,383,0
117,44,11700,19800,0110000000,384,0
117,45,11700,19800,0101111110,382,0
117,46,11700,19800,0101111110,382,0
117,47,11700,19800,0110000010,386,0
117,48,11700,19800,0110000010,386,0
117,49,11700,19800,0101111111,383,0
118,0,11800,19700,0110000010,386,0
118,1,11800,19700,0110000000,384,0
118,2,11800,19700,0110000001,385,0
118,3,11800,19700,0110000100,388,0
118,4,11800,19700,0110000100,388,0
118,5,11800,19700,0110000001,385,0
118,6,11800,19700,0110000001,385,0
118,7,11800,19700,0110000001,385,0
118,8,11800,19700,0110000000,384,0
118,9,11800,19700,0110000000,384,0
118,10,11800,19700,0110000001,385,0
118,11,11800,19700,0110000000,384,0
118,12,11800,19700,0110000001,385,0
118,13,11800,19700,0110000000,384,0
118,14,11800,19700,0110000000,384,0
118,15,11800,19700,0110000000,384,0
118,16,11800,19700,0110000000,384,0
118,17,11800,19700,0110000000,384,0
118,18,11800,19700,0110000000,384,0
118,19,11800,19700,0110000000,384,0
118,20,11800,19700,0110000000,384,0
118,21,11800,19700,0110000000,384,0
118,22,11800,19700,0110000000,384,0
118,23,11800,19700,0110000000,384,0
118,24,11800,19700,0110000000,384,0
118,25,11800,19700,0110000000,384,0
118,26,11800,19700,0110000000,384,0
118,27,11800,19700,0110000000,384,0
118,28,11800,19700,0110000000,384,0
118,29,11800,19700,0110000000,384,0
118,30,11800,19700,0110000000,384,0
118,31,11800,19700,0110000000,384,0
118,32,11800,19700,0110000000,384,0
118,33,11800,19700,0110000000,384,0
118,34,11800,19700,0110000000,384,0
118,35,11800,19700,0110000000,384,0
118,36,11800,19700,0110000000,384,0
118,37,11800,19700,0110000001,385,0
118,38,11800,19700,0110000001,385,0
118,39,11800,19700,0110000001,385,0
118,40,11800,19700,0110000000,384,0
118,41,11800,19700,0110000000,384,0
118,42,11800,19700,0110000100,388,0
118,43,11800,19700,0110000100,388,0
118,44,11800,19700,0110000001,385,0
118,45,11800,19700,0110000001,385,0
118,46,11800,19700,0110000000,384,0
118,47,11800,19700,0110000001,385,0
118,48,11800,19700,0110000000,384,0
118,49,11800,19700,0110000000,384,0
119,0,11900,19600,0110000010,386,0
119,1,11900,19600,0110000011,387,0
119,2,11900,19600,0110000011,387,0
119,3,11900,19600,0110000011,387,0
119,4,11900,19600,0110000010,386,0
119,5,11900,19600,0110000010,386,0
119,6,11900,19600,0110000011,387,0
119,7,11900,19600,0110000011,387,0
119,8,11900,19600,0110000011,387,0
119,9,11900,19600,0110000100,388,0
119,10,11900,19600,0110000011,387,0
119,11,11900,19600,0110000011,387,0
119,12,11900,19600,0110000100,388,0
119,13,11900,19600,0110000011,387,0
119,14,11900,19600,0110000011,387,0
119,15,11900,19600,0110000101,389,0
119,16,11900,19600,0110000101,389,0
119,17,11900,19600,0110000011,387,0
119,18,11900,19600,0110000011,387,0
119,19,11900,19600,0110000111,391,0
119,20,11900,19600,0110000111,391,0
119,21,11900,19600,0110000111,391,0
119,22,11900,19600,0110000111,391,0
119,23,11900,19600,0110000111,391,0
119,24,11900,19600,0110000111,391,0
119,25,11900,19600,0110000111,391,0
119,26,11900,19600,0110000111,391,0
119,27,11900,19600,0110000111,391,0
119,28,11900,19600,0110000100,388,0
119,29,11900,19600,0110000100,388,0
119,30,11900,19600,0110000011,387,0
119,31,11900,19600,0110000100,388,0
119,32,11900,19600,0110000101,389,0
119,33,11900,19600,0110000100,388,0
119,34,11900,19600,0110000100,388,0
119,35,11900,19600,0110000100,388,0
119,36,11900,19600,0110000100,388,0
119,37,11900,19600,0110000100,388,0
119,38,11900,19600,0110000011,387,0
119,39,11900,19600,0110000101,389,0
119,40,11900,19600,0110000101,389,0
119,41,11900,19600,0110000101,389,0
119,42,11900,19600,0110000100,388,0
119,43,11900,19600,0110000100,388,0
119,44,11900,19600,0110000100,388,0
119,45,11900,19600,0110000100,388,0
119,46,11900,19600,0110000100,388,0
119,47,11900,19600,0110000100,388,0
119,48,11900,19600,0110000011,387,0
119,49,11900,19600,0110000011,387,0
120,0,12000,19500,0110001000,392,0
120,1,12000,19500,0110001001,393,0
120,2,12000,19500,0110000111,391,0
120,3,12000,19500,0110000111,391,0
120,4,12000,19500,0110000111,391,0
120,5,12000,19500,0110000111,391,0
120,6,12000,19500,0110000101,389,0
120,7,12000,19500,0110000110,390,0
120,8,12000,19500,0110000111,391,0
120,9,12000,19500,0110000110,390,0
120,10,12000,19500,0110000111,391,0
120,11,12000,19500,0110001000,392,0
120,12,12000,19500,0110000111,391,0
120,13,12000,19500,0110001011,395,0
120,14,12000,19500,0110001000,392,0
120,15,12000,19500,0110001000,392,0
120,16,12000,19500,0110000111,391,0
120,17,12000,19500,0110001000,392,0
120,18,12000,19500,0110000111,391,0
120,19,12000,19500,0110000111,391,0
120,20,12000,19500,0110000111,391,0
120,21,12000,19500,0110000110,390,0
120,22,12000,19500,0110000111,391,0
120,23,12000,19500,0110000111,391,0
120,24,12000,19500,0110000101,389,0
120,25,12000,19500,0110000111,391,0
120,26,12000,19500,0110000110,390,0
120,27,12000,19500,0110000111,391,0
120,28,12000,19500,0110000111,391,0
120,29,12000,19500,0110000111,391,0
120,30,12000,19500,0110001001,393,0
120,31,12000,19500,0110000111,391,0
120,32,12000,19500,0110000111,391,0
120,33,12000,19500,0110001011,395,0
120,34,12000,19500,0110001000,392,0
120,35,12000,19500,0110000111,391,0
120,36,12000,19500,0110001001,393,0
120,37,12000,19500,0110001000,392,0
120,38,12000,19500,0110001001,393,0
120,39,12000,19500,0110000111,391,0
120,40,12000,19500,0110000111,391,0
120,41,12000,19500,0110000111,391,0
120,42,12000,19500,0110000111,391,0
120,43,12000,19500,0110000111,391,0
120,44,12000,19500,0110000111,391,0
120,45,12000,19500,0110000111,391,0
120,46,12000,19500,0110000111,391,0
120,47,12000,19500,0110000110,390,0
120,48,12000,19500,0110000110,390,0
120,49,12000,19500,0110000110,390,0
121,0,12100,19400,0110001100,396,0
121,1,12100,19400,0110001011,395,0
121,2,12100,19400,0110001011,395,0
121,3,12100,19400,0110001011,395,0
121,4,12100,19400,0110001010,394,0
121,5,12100,19400,0110001010,394,0
121,6,12100,19400,0110001010,394,0
121,7,12100,19400,0110001001,393,0
121,8,12100,19400,0110001010,394,0
121,9,12100,19400,0110001010,394,0
121,10,12100,19400,0110001000,392,0
121,11,12100,19400,0110001010,394,0
121,12,12100,19400,0110001010,394,0
121,13,12100,19400,0110001010,394,0
121,14,12100,19400,0110001100,396,0
121,15,12100,19400,0110001011,395,0
121,16,12100,19400,0110001010,394,0
121,17,12100,19400,0110001110,398,0
121,18,12100,19400,0110001011,395,0
121,19,12100,19400,0110001100,396,0
121,20,12100,19400,0110001100,396,0
121,21,12100,19400,0110001011,395,0
121,22,12100,19400,0110001010,394,0
121,23,12100,19400,0110001010,394,0
121,24,12100,19400,0110001010,394,0
121,25,12100,19400,0110001010,394,0
121,26,12100,19400,0110001010,394,0
121,27,12100,19400,0110001001,393,0
121,28,12100,19400,0110001001,393,0
121,29,12100,19400,0110001010,394,0
121,30,12100,19400,0110001011,395,0
121,31,12100,19400,0110001010,394,0
121,32,12100,19400,0110001101,397,0
121,33,12100,19400,0110001110,398,0
121,34,12100,19400,0110001110,398,0
121,35,12100,19400,0110001111,399,0
121,36,12100,19400,0110001100,396,0
121,37,12100,19400,0110001010,394,0
121,38,12100,19400,0110001100,396,0
121,39,12100,19400,0110001100,396,0
121,40,12100,19400,0110001011,395,0
121,41,12100,19400,0110001011,395,0
121,42,12100,19400,0110001011,395,0
121,43,12100,19400,0110001010,394,0
121,44,12100,19400,0110001010,394,0
121,45,12100,19400,0110001001,393,0
121,46,12100,19400,0110001001,393,0
121,47,12100,19400,0110001010,394,0
121,48,12100,19400,0110001010,394,0
121,49,12100,19400,0110001001,393,0
122,0,12200,19300,0110001111,399,0
122,1,12200,19300,0110001110,398,0
122,2,12200,19300,0110010001,401,0
122,3,12200,19300,0110001110,398,0
122,4,12200,19300,0110010011,403,0
122,5,12200,19300,0110010011,403,0
122,6,12200,19300,0110001111,399,0
122,7,12200,19300,0110001111,399,0
122,8,12200,19300,0110001110,398,0
122,9,12200,19300,0110001111,399,0
122,10,12200,19300,0110001101,397,0
122,11,12200,19300,0110001110,398,0
122,12,12200,19300,0110001110,398,0
122,13,12200,19300,0110001101,397,0
122,14,12200,19300,0110001100,396,0
122,15,12200,19300,0110001110,398,0
122,16,12200,19300,0110001101,397,0
122,17,12200,19300,0110001110,398,0
122,18,12200,19300,0110001111,399,0
122,19,12200,19300,0110001110,398,0
122,20,12200,19300,0110001110,398,0
122,21,12200,19300,0110010010,402,0
122,22,12200,19300,0110010011,403,0
122,23,12200,19300,0110001110,398,0
122,24,12200,19300,0110001110,398,0
122,25,12200,19300,0110001110,398,0
122,26,12200,19300,0110001111,399,0
122,27,12200,19300,0110001111,399,0
122,28,12200,19300,0110001110,398,0
122,29,12200,19300,0110001110,398,0
122,30,12200,19300,0110001110,398,0
122,31,12200,19300,0110001110,398,0
122,32,12200,19300,0110001101,397,0
122,33,12200,19300,0110001101,397,0
122,34,12200,19300,0110001110,398,0
122,35,12200,19300,0110001110,398,0
122,36,12200,19300,0110001110,398,0
122,37,12200,19300,0110001110,398,0
122,38,12200,19300,0110010011,403,0
122,39,12200,19300,0110001110,398,0
122,40,12200,19300,0110001110,398,0
122,41,12200,19300,0110001110,398,0
122,42,12200,19300,0110001110,398,0
122,43,12200,19300,0110001110,398,0
122,44,12200,19300,0110001110,398,0
122,45,12200,19300,0110001110,398,0
122,46,12200,19300,0110001110,398,0
122,47,12200,19300,0110001110,398,0
122,48,12200,19300,0110001101,397,0
122,49,12200,19300,0110001110,398,0
123,0,12300,19200,0110010101,405,0
123,1,12300,19200,0110010011,403,0
123,2,12300,19200,0110010110,406,0
123,3,12300,19200,0110010010,402,0
123,4,12300,19200,0110010011,403,0
123,5,12300,19200,0110010011,403,0
123,6,12300,19200,0110010010,402,0
123,7,12300,19200,0110010010,402,0
123,8,12300,19200,0110010000,400,0
123,9,12300,19200,0110010010,402,0
123,10,12300,19200,0110001111,399,0
123,11,12300,19200,0110010010,402,0
123,12,12300,19200,0110010010,402,0
123,13,12300,19200,0110010010,402,0
123,14,12300,19200,0110010010,402,0
123,15,12300,19200,0110010011,403,0
123,16,12300,19200,0110010010,402,0
123,17,12300,19200,0110010100,404,0
123,18,12300,19200,0110010010,402,0
123,19,12300,19200,0110010100,404,0
123,20,12300,19200,0110010001,401,0
123,21,12300,19200,0110010010,402,0
123,22,12300,19200,0110010001,401,0
123,23,12300,19200,0110010010,402,0
123,24,12300,19200,0110010010,402,0
123,25,12300,19200,0110010010,402,0
123,26,12300,19200,0110010001,401,0
123,27,12300,19200,0110010011,403,0
123,28,12300,19200,0110010101,405,0
123,29,12300,19200,0110010010,402,0
123,30,12300,19200,0110010110,406,0
123,31,12300,19200,0110010011,403,0
123,32,12300,19200,0110010010,402,0
123,33,12300,19200,0110010100,404,0
123,34,12300,19200,0110010010,402,0
123,35,12300,19200,0110010010,402,0
123,36,12300,19200,0110010010,402,0
123,37,12300,19200,0110010001,401,0
123,38,12300,19200,0110010010,402,0
123,39,12300,19200,0110001111,399,0
123,40,12300,19200,0110010010,402,0
123,41,12300,19200,0110010010,402,0
123,42,12300,19200,0110010010,402,0
123,43,12300,19200,0110010100,404,0
123,44,12300,19200,0110010110,406,0
123,45,12300,19200,0110010010,402,0
123,46,12300,19200,0110010010,402,0
123,47,12300,19200,0110010010,402,0
123,48,12300,19200,0110010010,402,0
123,49,12300,19200,0110010010,402,0
124,0,12400,19100,0110010101,405,0
124,1,12400,19100,0110010101,405,0
124,2,12400,19100,0110010101,405,0
124,3,12400,19100,0110010101,405,0
124,4,12400,19100,0110010101,405,0
124,5,12400,19100,0110010110,406,0
124,6,12400,19100,0110010110,406,0
124,7,12400,19100,0110011010,410,0
124,8,12400,19100,0110010110,406,0
124,9,12400,19100,0110010111,407,0
124,10,12400,19100,0110010111,407,0
124,11,12400,19100,0110010110,406,0
124,12,12400,19100,0110010110,406,0
124,13,12400,19100,0110010110,406,0
124,14,12400,19100,0110010100,404,0
124,15,12400,19100,0110010101,405,0
124,16,12400,19100,0110010110,406,0
124,17,12400,19100,0110010011,403,0
124,18,12400,19100,0110010100,404,0
124,19,12400,19100,0110010101,405,0
124,20,12400,19100,0110010101,405,0
124,21,12400,19100,0110010101,405,0
124,22,12400,19100,0110010101,405,0
124,23,12400,19100,0110010100,404,0
124,24,12400,19100,0110010101,405,0
124,25,12400,19100,0110010111,407,0
124,26,12400,19100,0110010110,406,0
124,27,12400,19100,0110010101,405,0
124,28,12400,19100,0110010110,406,0
124,29,12400,19100,0110010110,406,0
124,30,12400,19100,0110011010,410,0
124,31,12400,19100,0110011010,410,0
124,32,12400,19100,0110010111,407,0
124,33,12400,19100,0110010101,405,0
124,34,12400,19100,0110010110,406,0
124,35,12400,19100,0110010111,407,0
124,36,12400,19100,0110010110,406,0
124,37,12400,19100,0110010110,406,0
124,38,12400,19100,0110010110,406,0
124,39,12400,19100,0110010110,406,0
124,40,12400,19100,0110010110,406,0
124,41,12400,19100,0110010101,405,0
124,42,12400,19100,0110010101,405,0
124,43,12400,19100,0110010100,404,0
124,44,12400,19100,0110010100,404,0
124,45,12400,19100,0110010100,404,0
124,46,12400,19100,0110010101,405,0
124,47,12400,19100,0110010101,405,0
124,48,12400,19100,0110010100,404,0
124,49,12400,19100,0110010100,404,0
125,0,12500,19000,0110010111,407,0
125,1,12500,19000,0110011001,409,0
125,2,12500,19000,0110011000,408,0
125,3,12500,19000,0110011001,409,0
125,4,12500,19000,0110011010,410,0
125,5,12500,19000,0110011001,409,0
125,6,12500,19000,0110011001,409,0
125,7,12500,19000,0110011100,412,0
125,8,12500,19000,0110011100,412,0
125,9,12500,19000,0110011001,409,0
125,10,12500,19000,0110011010,410,0
125,11,12500,19000,0110011110,414,0
125,12,12500,19000,0110011011,411,0
125,13,12500,19000,0110011001,409,0
125,14,12500,19000,0110011001,409,0
125,15,12500,19000,0110011011,411,0
125,16,12500,19000,0110011001,409,0
125,17,12500,19000,0110011001,409,0
125,18,12500,19000,0110011001,409,0
125,19,12500,19000,0110011001,409,0
125,20,12500,19000,0110011000,408,0
125,21,12500,19000,0110011001,409,0
125,22,12500,19000,0110011001,409,0
125,23,12500,19000,0110011000,408,0
125,24,12500,19000,0110010111,407,0
125,25,12500,19000,0110011001,409,0
125,26,12500,19000,0110011001,409,0
125,27,12500,19000,0110011000,408,0
125,28,12500,19000,0110011011,411,0
125,29,12500,19000,0110011001,409,0
125,30,12500,19000,0110011101,413,0
125,31,12500,19000,0110011010,410,0
125,32,12500,19000,0110011010,410,0
125,33,12500,19000,0110011001,409,0
125,34,12500,19000,0110011010,410,0
125,35,12500,19000,0110011000,408,0
125,36,12500,19000,0110011001,409,0
125,37,12500,19000,0110011000,408,0
125,38,12500,19000,0110011001,409,0
125,39,12500,19000,0110010111,407,0
125,40,12500,19000,0110011000,408,0
125,41,12500,19000,0110011001,409,0
125,42,12500,19000,0110011001,409,0
125,43,12500,19000,0110011100,412,0
125,44,12500,19000,0110011001,409,0
125,45,12500,19000,0110011110,414,0
125,46,12500,19000,0110011011,411,0
125,47,12500,19000,0110011001,409,0
125,48,12500,19000,0110011010,410,0
125,49,12500,19000,0110011001,409,0
126,0,12600,18900,0110011100,412,0
126,1,12600,18900,0110011100,412,0
126,2,12600,18900,0110011100,412,0
126,3,12600,18900,0110011100,412,0
126,4,12600,18900,0110011100,412,0
126,5,12600,18900,0110011101,413,0
126,6,12600,18900,0110011111,415,0
126,7,12600,18900,0110011100,412,0
126,8,12600,18900,0110100000,416,0
126,9,12600,18900,0110011100,412,0
126,10,12600,18900,0110011110,414,0
126,11,12600,18900,0110011110,414,0
126,12,12600,18900,0110011101,413,0
126,13,12600,18900,0110011110,414,0
126,14,12600,18900,0110011101,413,0
126,15,12600,18900,0110011100,412,0
126,16,12600,18900,0110011100,412,0
126,17,12600,18900,0110011100,412,0
126,18,12600,18900,0110011100,412,0
126,19,12600,18900,0110011011,411,0
126,20,12600,18900,0110011100,412,0
126,21,12600,18900,0110011100,412,0
126,22,12600,18900,0110011101,413,0
126,23,12600,18900,0110011110,414,0
126,24,12600,18900,0110011101,413,0
126,25,12600,18900,0110011100,412,0
126,26,12600,18900,0110011100,412,0
126,27,12600,18900,0110011110,414,0
126,28,12600,18900,0110011100,412,0
126,29,12600,18900,0110011110,414,0
126,30,12600,18900,0110011100,412,0
126,31,12600,18900,0110011100,412,0
126,32,12600,18900,0110011100,412,0
126,33,12600,18900,0110011011,411,0
126,34,12600,18900,0110011100,412,0
126,35,12600,18900,0110011100,412,0
126,36,12600,18900,0110011100,412,0
126,37,12600,18900,0110011100,412,0
126,38,12600,18900,0110011101,413,0
126,39,12600,18900,0110011111,415,0
126,40,12600,18900,0110011100,412,0
126,41,12600,18900,0110011100,412,0
126,42,12600,18900,0110100000,416,0
126,43,12600,18900,0110011100,412,0
126,44,12600,18900,0110011110,414,0
126,45,12600,18900,0110011101,413,0
126,46,12600,18900,0110011101,413,0
126,47,12600,18900,0110011100,412,0
126,48,12600,18900,0110011100,412,0
126,49,12600,18900,0110011100,412,0
127,0,12700,18800,0110011111,415,0
127,1,12700,18800,0110100001,417,0
127,2,12700,18800,0110011111,415,0
127,3,12700,18800,0110100000,416,0
127,4,12700,18800,0110100000,416,0
127,5,12700,18800,0110011111,415,0
127,6,12700,18800,0110100000,416,0
127,7,12700,18800,0110011111,415,0
127,8,12700,18800,0110011111,415,0
127,9,12700,18800,0110100000,416,0
127,10,12700,18800,0110011111,415,0
127,11,12700,18800,0110011110,414,0
127,12,12700,18800,0110011111,415,0
127,13,12700,18800,0110011101,413,0
127,14,12700,18800,0110011111,415,0
127,15,12700,18800,0110011111,415,0
127,16,12700,18800,0110011111,415,0
127,17,12700,18800,0110011111,415,0
127,18,12700,18800,0110100000,416,0
127,19,12700,18800,0110011111,415,0
127,20,12700,18800,0110100010,418,0
127,21,12700,18800,0110100000,416,0
127,22,12700,18800,0110011111,415,0
127,23,12700,18800,0110100000,416,0
127,24,12700,18800,0110100000,416,0
127,25,12700,18800,0110011111,415,0
127,26,12700,18800,0110011111,415,0
127,27,12700,18800,0110100000,416,0
127,28,12700,18800,0110011111,415,0
127,29,12700,18800,0110100000,416,0
127,30,12700,18800,0110011110,414,0
127,31,12700,18800,0110011111,415,0
127,32,12700,18800,0110011111,415,0
127,33,12700,18800,0110011111,415,0
127,34,12700,18800,0110011111,415,0
127,35,12700,18800,0110100000,416,0
127,36,12700,18800,0110011111,415,0
127,37,12700,18800,0110100001,417,0
127,38,12700,18800,0110011111,415,0
127,39,12700,18800,0110100011,419,0
127,40,12700,18800,0110100000,416,0
127,41,12700,18800,0110100000,416,0
127,42,12700,18800,0110011111,415,0
127,43,12700,18800,0110100000,416,0
127,44,12700,18800,0110011111,415,0
127,45,12700,18800,0110100000,416,0
127,46,12700,18800,0110011111,415,0
127,47,12700,18800,0110011111,415,0
127,48,12700,18800,0110011111,415,0
127,49,12700,18800,0110011111,415,0
128,0,12800,18700,0110100000,416,0
128,1,12800,18700,0110100000,416,0
128,2,12800,18700,0110100000,416,0
128,3,12800,18700,0110100000,416,0
128,4,12800,18700,0110100000,416,0
128,5,12800,18700,0110100000,416,0
128,6,12800,18700,0110100010,418,0
128,7,12800,18700,0110100000,416,0
128,8,12800,18700,0110100001,417,0
128,9,12800,18700,0110100000,416,0
128,10,12800,18700,0110100001,417,0
128,11,12800,18700,0110100000,416,0
128,12,12800,18700,0110100000,416,0
128,13,12800,18700,0110100000,416,0
128,14,12800,18700,0110100000,416,0
128,15,12800,18700,0110100000,416,0
128,16,12800,18700,0110100000,416,0
128,17,12800,18700,0110100000,416,0
128,18,12800,18700,0110100000,416,0
128,19,12800,18700,0110100000,416,0
128,20,12800,18700,0110100000,416,0
128,21,12800,18700,0110100011,419,0
128,22,12800,18700,0110100000,416,0
128,23,12800,18700,0110100001,417,0
128,24,12800,18700,0110100000,416,0
128,25,12800,18700,0110100001,417,0
128,26,12800,18700,0110100000,416,0
128,27,12800,18700,0110100000,416,0
128,28,12800,18700,0110100000,416,0
128,29,12800,18700,0110100000,416,0
128,30,12800,18700,0110100000,416,0
128,31,12800,18700,0110100000,416,0
128,32,12800,18700,0110100000,416,0
128,33,12800,18700,0110100000,416,0
128,34,12800,18700,0110100000,416,0
128,35,12800,18700,0110100000,416,0
128,36,12800,18700,0110100000,416,0
128,37,12800,18700,0110100001,417,0
128,38,12800,18700,0110100000,416,0
128,39,12800,18700,0110100000,416,0
128,40,12800,18700,0110100000,416,0
128,41,12800,18700,0110100000,416,0
128,42,12800,18700,0110100000,416,0
128,43,12800,18700,0110100000,416,0
128,44,12800,18700,0110100000,416,0
128,45,12800,18700,0110100000,416,0
128,46,12800,18700,0110100000,416,0
128,47,12800,18700,0110100000,416,0
128,48,12800,18700,0110100000,416,0
128,49,12800,18700,0110100000,416,0
129,0,12900,18600,0110100100,420,0
129,1,12900,18600,0110100111,423,0
129,2,12900,18600,0110100011,419,0
129,3,12900,18600,0110100011,419,0
129,4,12900,18600,0110100011,419,0
129,5,12900,18600,0110100100,420,0
129,6,12900,18600,0110100011,419,0
129,7,12900,18600,0110100011,419,0
129,8,12900,18600,0110100011,419,0
129,9,12900,18600,0110100010,418,0
129,10,12900,18600,0110100011,419,0
129,11,12900,18600,0110100011,419,0
129,12,12900,18600,0110100011,419,0
129,13,12900,18600,0110100100,420,0
129,14,12900,18600,0110100100,420,0
129,15,12900,18600,0110100111,423,0
129,16,12900,18600,0110100100,420,0
129,17,12900,18600,0110100011,419,0
129,18,12900,18600,0110100100,420,0
129,19,12900,18600,0110100101,421,0
129,20,12900,18600,0110100011,419,0
129,21,12900,18600,0110100011,419,0
129,22,12900,18600,0110100011,419,0
129,23,12900,18600,0110100011,419,0
129,24,12900,18600,0110100011,419,0
129,25,12900,18600,0110100011,419,0
129,26,12900,18600,0110100011,419,0
129,27,12900,18600,0110100011,419,0
129,28,12900,18600,0110100011,419,0
129,29,12900,18600,0110100100,420,0
129,30,12900,18600,0110100011,419,0
129,31,12900,18600,0110100011,419,0
129,32,12900,18600,0110100111,423,0
129,33,12900,18600,0110100011,419,0
129,34,12900,18600,0110100011,419,0
129,35,12900,18600,0110100100,420,0
129,36,12900,18600,0110100011,419,0
129,37,12900,18600,0110100011,419,0
129,38,12900,18600,0110100011,419,0
129,39,12900,18600,0110100011,419,0
129,40,12900,18600,0110100010,418,0
129,41,12900,18600,0110100010,418,0
129,42,12900,18600,0110100011,419,0
129,43,12900,18600,0110100011,419,0
129,44,12900,18600,0110100011,419,0
129,45,12900,18600,0110100011,419,0
129,46,12900,18600,0110100011,419,0
129,47,12900,18600,0110100100,420,0
129,48,12900,18600,0110100011,419,0
129,49,12900,18600,0110100100,420,0
130,0,13000,18500,0110100110,422,0
130,1,13000,18500,0110100111,423,0
130,2,13000,18500,0110100111,423,0
130,3,13000,18500,0110100110,422,0
130,4,13000,18500,0110100111,423,0
130,5,13000,18500,0110100110,422,0
130,6,13000,18500,0110100111,423,0
130,7,13000,18500,0110100111,423,0
130,8,13000,18500,0110100111,423,0
130,9,13000,18500,0110100110,422,0
130,10,13000,18500,0110100111,423,0
130,11,13000,18500,0110101000,424,0
130,12,13000,18500,0110100111,423,0
130,13,13000,18500,0110100111,423,0
130,14,13000,18500,0110100111,423,0
130,15,13000,18500,0110101010,426,0
130,16,13000,18500,0110100110,422,0
130,17,13000,18500,0110101000,424,0
130,18,13000,18500,0110100110,422,0
130,19,13000,18500,0110101000,424,0
130,20,13000,18500,0110100110,422,0
130,21,13000,18500,0110100111,423,0
130,22,13000,18500,0110100110,422,0
130,23,13000,18500,0110100111,423,0
130,24,13000,18500,0110100101,421,0
130,25,13000,18500,0110100110,422,0
130,26,13000,18500,0110100111,423,0
130,27,13000,18500,0110100111,423,0
130,28,13000,18500,0110101001,425,0
130,29,13000,18500,0110100111,423,0
130,30,13000,18500,0110101000,424,0
130,31,13000,18500,0110100110,422,0
130,32,13000,18500,0110100111,423,0
130,33,13000,18500,0110101000,424,0
130,34,13000,18500,0110100110,422,0
130,35,13000,18500,0110100111,423,0
130,36,13000,18500,0110100111,423,0
130,37,13000,18500,0110100111,423,0
130,38,13000,18500,0110100110,422,0
130,39,13000,18500,0110100111,423,0
130,40,13000,18500,0110100111,423,0
130,41,13000,18500,0110100110,422,0
130,42,13000,18500,0110100110,422,0
130,43,13000,18500,0110100110,422,0
130,44,13000,18500,0110101000,424,0
130,45,13000,18500,0110101010,426,0
130,46,13000,18500,0110100111,423,0
130,47,13000,18500,0110100110,422,0
130,48,13000,18500,0110100111,423,0
130,49,13000,18500,0110101000,424,0
131,0,13100,18400,0110101010,426,0
131,1,13100,18400,0110101001,425,0
131,2,13100,18400,0110101001,425,0
131,3,13100,18400,0110101000,424,0
131,4,13100,18400,0110101010,426,0
131,5,13100,18400,0110101010,426,0
131,6,13100,18400,0110101010,426,0
131,7,13100,18400,0110101001,425,0
131,8,13100,18400,0110101011,427,0
131,9,13100,18400,0110101010,426,0
131,10,13100,18400,0110101011,427,0
131,11,13100,18400,0110101010,426,0
131,12,13100,18400,0110101010,426,0
131,13,13100,18400,0110101011,427,0
131,14,13100,18400,0110101011,427,0
131,15,13100,18400,0110101010,426,0
131,16,13100,18400,0110101001,425,0
131,17,13100,18400,0110101010,426,0
131,18,13100,18400,0110101001,425,0
131,19,13100,18400,0110101010,426,0
131,20,13100,18400,0110101001,425,0
131,21,13100,18400,0110101001,425,0
131,22,13100,18400,0110101010,426,0
131,23,13100,18400,0110101001,425,0
131,24,13100,18400,0110101001,425,0
131,25,13100,18400,0110101010,426,0
131,26,13100,18400,0110101110,430,0
131,27,13100,18400,0110101011,427,0
131,28,13100,18400,0110101011,427,0
131,29,13100,18400,0110101010,426,0
131,30,13100,18400,0110101010,426,0
131,31,13100,18400,0110101011,427,0
131,32,13100,18400,0110101010,426,0
131,33,13100,18400,0110101001,425,0
131,34,13100,18400,0110101001,425,0
131,35,13100,18400,0110101010,426,0
131,36,13100,18400,0110101000,424,0
131,37,13100,18400,0110101010,426,0
131,38,13100,18400,0110101010,426,0
131,39,13100,18400,0110101010,426,0
131,40,13100,18400,0110101010,426,0
131,41,13100,18400,0110101001,425,0
131,42,13100,18400,0110101010,426,0
131,43,13100,18400,0110101101,429,0
131,44,13100,18400,0110101101,429,0
131,45,13100,18400,0110101010,426,0
131,46,13100,18400,0110101010,426,0
131,47,13100,18400,0110101010,426,0
131,48,13100,18400,0110101011,427,0
131,49,13100,18400,0110101010,426,0
132,0,13200,18300,0110101100,428,0
132,1,13200,18300,0110101100,428,0
132,2,13200,18300,0110101100,428,0
132,3,13200,18300,0110101101,429,0
132,4,13200,18300,0110101101,429,0
132,5,13200,18300,0110101101,429,0
132,6,13200,18300,0110101111,431,0
132,7,13200,18300,0110101101,429,0
132,8,13200,18300,0110101110,430,0
132,9,13200,18300,0110101101,429,0
132,10,13200,18300,0110101111,431,0
132,11,13200,18300,0110101111,431,0
132,12,13200,18300,0110101101,429,0
132,13,13200,18300,0110101101,429,0
132,14,13200,18300,0110101101,429,0
132,15,13200,18300,0110101100,428,0
132,16,13200,18300,0110101100,428,0
132,17,13200,18300,0110101101,429,0
132,18,13200,18300,0110101100,428,0
132,19,13200,18300,0110101100,428,0
132,20,13200,18300,0110101101,429,0
132,21,13200,18300,0110101101,429,0
132,22,13200,18300,0110101110,430,0
132,23,13200,18300,0110101101,429,0
132,24,13200,18300,0110110000,432,0
132,25,13200,18300,0110110001,433,0
132,26,13200,18300,0110101110,430,0
132,27,13200,18300,0110110010,434,0
132,28,13200,18300,0110101111,431,0
132,29,13200,18300,0110101110,430,0
132,30,13200,18300,0110101110,430,0
132,31,13200,18300,0110101110,430,0
132,32,13200,18300,0110101110,430,0
132,33,13200,18300,0110101101,429,0
132,34,13200,18300,0110101101,429,0
132,35,13200,18300,0110101100,428,0
132,36,13200,18300,0110101101,429,0
132,37,13200,18300,0110101101,429,0
132,38,13200,18300,0110101101,429,0
132,39,13200,18300,0110101101,429,0
132,40,13200,18300,0110101111,431,0
132,41,13200,18300,0110101110,430,0
132,42,13200,18300,0110110010,434,0
132,43,13200,18300,0110101110,430,0
132,44,13200,18300,0110101111,431,0
132,45,13200,18300,0110101111,431,0
132,46,13200,18300,0110101101,429,0
132,47,13200,18300,0110101101,429,0
132,48,13200,18300,0110101110,430,0
132,49,13200,18300,0110101101,429,0
133,0,13300,18200,0110110001,433,0
133,1,13300,18200,0110110010,434,0
133,2,13300,18200,0110110010,434,0
133,3,13300,18200,0110110011,435,0
133,4,13300,18200,0110110110,438,0
133,5,13300,18200,0110110010,434,0
133,6,13300,18200,0110110010,434,0
133,7,13300,18200,0110110011,435,0
133,8,13300,18200,0110110001,433,0
133,9,13300,18200,0110110010,434,0
133,10,13300,18200,0110110001,433,0
133,11,13300,18200,0110110010,434,0
133,12,13300,18200,0110110010,434,0
133,13,13300,18200,0110110000,432,0
133,14,13300,18200,0110110001,433,0
133,15,13300,18200,0110110001,433,0
133,16,13300,18200,0110110001,433,0
133,17,13300,18200,0110110100,436,0
133,18,13300,18200,0110110010,434,0
133,19,13300,18200,0110110110,438,0
133,20,13300,18200,0110110001,433,0
133,21,13300,18200,0110110010,434,0
133,22,13300,18200,0110110011,435,0
133,23,13300,18200,0110110010,434,0
133,24,13300,18200,0110110010,434,0
133,25,13300,18200,0110110010,434,0
133,26,13300,18200,0110110001,433,0
133,27,13300,18200,0110110001,433,0
133,28,13300,18200,0110110001,433,0
133,29,13300,18200,0110110010,434,0
133,30,13300,18200,0110110001,433,0
133,31,13300,18200,0110110010,434,0
133,32,13300,18200,0110110010,434,0
133,33,13300,18200,0110110011,435,0
133,34,13300,18200,0110110010,434,0
133,35,13300,18200,0110110010,434,0
133,36,13300,18200,0110110010,434,0
133,37,13300,18200,0110110010,434,0
133,38,13300,18200,0110110011,435,0
133,39,13300,18200,0110110001,433,0
133,40,13300,18200,0110110010,434,0
133,41,13300,18200,0110110010,434,0
133,42,13300,18200,0110101111,431,0
133,43,13300,18200,0110110010,434,0
133,44,13300,18200,0110110001,433,0
133,45,13300,18200,0110110010,434,0
133,46,13300,18200,0110110010,434,0
133,47,13300,18200,0110110010,434,0
133,48,13300,18200,0110110010,434,0
133,49,13300,18200,0110110110,438,0
134,0,13400,18100,0110110111,439,0
134,1,13400,18100,0110110101,437,0
134,2,13400,18100,0110110111,439,0
134,3,13400,18100,0110110110,438,0
134,4,13400,18100,0110110101,437,0
134,5,13400,18100,0110110101,437,0
134,6,13400,18100,0110110100,436,0
134,7,13400,18100,0110110011,435,0
134,8,13400,18100,0110110101,437,0
134,9,13400,18100,0110110100,436,0
134,10,13400,18100,0110110101,437,0
134,11,13400,18100,0110110101,437,0
134,12,13400,18100,0110111000,440,0
134,13,13400,18100,0110110101,437,0
134,14,13400,18100,0110110111,439,0
134,15,13400,18100,0110110111,439,0
134,16,13400,18100,0110110110,438,0
134,17,13400,18100,0110110110,438,0
134,18,13400,18100,0110110110,438,0
134,19,13400,18100,0110110101,437,0
134,20,13400,18100,0110110101,437,0
134,21,13400,18100,0110110101,437,0
134,22,13400,18100,0110110101,437,0
134,23,13400,18100,0110110011,435,0
134,24,13400,18100,0110110101,437,0
134,25,13400,18100,0110110101,437,0
134,26,13400,18100,0110110101,437,0
134,27,13400,18100,0110110101,437,0
134,28,13400,18100,0110111001,441,0
134,29,13400,18100,0110110110,438,0
134,30,13400,18100,0110110110,438,0
134,31,13400,18100,0110110101,437,0
134,32,13400,18100,0110110110,438,0
134,33,13400,18100,0110110101,437,0
134,34,13400,18100,0110110111,439,0
134,35,13400,18100,0110110101,437,0
134,36,13400,18100,0110110101,437,0
134,37,13400,18100,0110110101,437,0
134,38,13400,18100,0110110101,437,0
134,39,13400,18100,0110110011,435,0
134,40,13400,18100,0110110101,437,0
134,41,13400,18100,0110110100,436,0
134,42,13400,18100,0110110101,437,0
134,43,13400,18100,0110110101,437,0
134,44,13400,18100,0110111000,440,0
134,45,13400,18100,0110111001,441,0
134,46,13400,18100,0110110101,437,0
134,47,13400,18100,0110110101,437,0
134,48,13400,18100,0110110111,439,0
134,49,13400,18100,0110110110,438,0
135,0,13500,18000,0110111001,441,0
135,1,13500,18000,0110111001,441,0
135,2,13500,18000,0110111001,441,0
135,3,13500,18000,0110111001,441,0
135,4,13500,18000,0110111100,444,0
135,5,13500,18000,0110111001,441,0
135,6,13500,18000,0110111110,446,0
135,7,13500,18000,0110111010,442,0
135,8,13500,18000,0110111010,442,0
135,9,13500,18000,0110111000,440,0
135,10,13500,18000,0110111001,441,0
135,11,13500,18000,0110111001,441,0
135,12,13500,18000,0110111001,441,0
135,13,13500,18000,0110111001,441,0
135,14,13500,18000,0110111000,440,0
135,15,13500,18000,0110111001,441,0
135,16,13500,18000,0110110111,439,0
135,17,13500,18000,0110111000,440,0
135,18,13500,18000,0110110111,439,0
135,19,13500,18000,0110111000,440,0
135,20,13500,18000,0110111000,440,0
135,21,13500,18000,0110111000,440,0
135,22,13500,18000,0110111000,440,0
135,23,13500,18000,0110111001,441,0
135,24,13500,18000,0110111000,440,0
135,25,13500,18000,0110111010,442,0
135,26,13500,18000,0110111101,445,0
135,27,13500,18000,0110111100,444,0
135,28,13500,18000,0110111000,440,0
135,29,13500,18000,0110111011,443,0
135,30,13500,18000,0110111001,441,0
135,31,13500,18000,0110111000,440,0
135,32,13500,18000,0110111010,442,0
135,33,13500,18000,0110111001,441,0
135,34,13500,18000,0110111000,440,0
135,35,13500,18000,0110111000,440,0
135,36,13500,18000,0110111000,440,0
135,37,13500,18000,0110111001,441,0
135,38,13500,18000,0110111001,441,0
135,39,13500,18000,0110111001,441,0
135,40,13500,18000,0110111000,440,0
135,41,13500,18000,0110111000,440,0
135,42,13500,18000,0110110111,439,0
135,43,13500,18000,0110111000,440,0
135,44,13500,18000,0110111000,440,0
135,45,13500,18000,0110111000,440,0
135,46,13500,18000,0110111000,440,0
135,47,13500,18000,0110111001,441,0
135,48,13500,18000,0110111000,440,0
135,49,13500,18000,0110111100,444,0
136,0,13600,17900,0111000000,448,0
136,1,13600,17900,0110111100,444,0
136,2,13600,17900,0110111100,444,0
136,3,13600,17900,0110111110,446,0
136,4,13600,17900,0110111100,444,0
136,5,13600,17900,0110111110,446,0
136,6,13600,17900,0110111101,445,0
136,7,13600,17900,0110111100,444,0
136,8,13600,17900,0110111100,444,0
136,9,13600,17900,0110111100,444,0
136,10,13600,17900,0110111100,444,0
136,11,13600,17900,0110111100,444,0
136,12,13600,17900,0110111011,443,0
136,13,13600,17900,0110111100,444,0
136,14,13600,17900,0110111100,444,0
136,15,13600,17900,0110111101,445,0
136,16,13600,17900,0110111100,444,0
136,17,13600,17900,0110111100,444,0
136,18,13600,17900,0111000000,448,0
136,19,13600,17900,0110111100,444,0
136,20,13600,17900,0110111100,444,0
136,21,13600,17900,0110111101,445,0
136,22,13600,17900,0110111100,444,0
136,23,13600,17900,0110111100,444,0
136,24,13600,17900,0110111100,444,0
136,25,13600,17900,0110111011,443,0
136,26,13600,17900,0110111100,444,0
136,27,13600,17900,0110111010,442,0
136,28,13600,17900,0110111100,444,0
136,29,13600,17900,0110111100,444,0
136,30,13600,17900,0110111100,444,0
136,31,13600,17900,0110111100,444,0
136,32,13600,17900,0110111100,444,0
136,33,13600,17900,0110111110,446,0
136,34,13600,17900,0110111100,444,0
136,35,13600,17900,0111000000,448,0
136,36,13600,17900,0110111100,444,0
136,37,13600,17900,0110111110,446,0
136,38,13600,17900,0110111110,446,0
136,39,13600,17900,0110111100,444,0
136,40,13600,17900,0110111100,444,0
136,41,13600,17900,0110111100,444,0
136,42,13600,17900,0110111100,444,0
136,43,13600,17900,0110111100,444,0
136,44,13600,17900,0110111011,443,0
136,45,13600,17900,0110111010,442,0
136,46,13600,17900,0110111100,444,0
136,47,13600,17900,0110111011,443,0
136,48,13600,17900,0110111100,444,0
136,49,13600,17900,0110111101,445,0
137,0,13700,17800,0110111110,446,0
137,1,13700,17800,0110111111,447,0
137,2,13700,17800,0110111111,447,0
137,3,13700,17800,0110111110,446,0
137,4,13700,17800,0110111111,447,0
137,5,13700,17800,0110111111,447,0
137,6,13700,17800,0110111111,447,0
137,7,13700,17800,0110111111,447,0
137,8,13700,17800,0110111101,445,0
137,9,13700,17800,0110111110,446,0
137,10,13700,17800,0110111111,447,0
137,11,13700,17800,0110111111,447,0
137,12,13700,17800,0111000000,448,0
137,13,13700,17800,0110111111,447,0
137,14,13700,17800,0111000001,449,0
137,15,13700,17800,0110111111,447,0
137,16,13700,17800,0110111111,447,0
137,17,13700,17800,0110111111,447,0
137,18,13700,17800,0110111111,447,0
137,19,13700,17800,0111000000,448,0
137,20,13700,17800,0110111111,447,0
137,21,13700,17800,0110111111,447,0
137,22,13700,17800,0110111111,447,0
137,23,13700,17800,0110111110,446,0
137,24,13700,17800,0110111101,445,0
137,25,13700,17800,0110111111,447,0
137,26,13700,17800,0110111110,446,0
137,27,13700,17800,0110111111,447,0
137,28,13700,17800,0111000000,448,0
137,29,13700,17800,0110111111,447,0
137,30,13700,17800,0111000000,448,0
137,31,13700,17800,0110111111,447,0
137,32,13700,17800,0111000000,448,0
137,33,13700,17800,0110111111,447,0
137,34,13700,17800,0111000000,448,0
137,35,13700,17800,0110111111,447,0
137,36,13700,17800,0110111111,447,0
137,37,13700,17800,0110111111,447,0
137,38,13700,17800,0110111111,447,0
137,39,13700,17800,0111000000,448,0
137,40,13700,17800,0110111111,447,0
137,41,13700,17800,0111000000,448,0
137,42,13700,17800,0110111110,446,0
137,43,13700,17800,0110111111,447,0
137,44,13700,17800,0110111111,447,0
137,45,13700,17800,0111000000,448,0
137,46,13700,17800,0110111111,447,0
137,47,13700,17800,0111000000,448,0
137,48,13700,17800,0111000000,448,0
137,49,13700,17800,0110111111,447,0
138,0,13800,17700,0111000000,448,0
138,1,13800,17700,0111000000,448,0
138,2,13800,17700,0111000000,448,0
138,3,13800,17700,0111000000,448,0
138,4,13800,17700,0111000000,448,0
138,5,13800,17700,0111000000,448,0
138,6,13800,17700,0111000000,448,0
138,7,13800,17700,0111000000,448,0
138,8,13800,17700,0111000001,449,0
138,9,13800,17700,0111000000,448,0
138,10,13800,17700,0111000010,450,0
138,11,13800,17700,0111000001,449,0
138,12,13800,17700,0111000000,448,0
138,13,13800,17700,0111000001,449,0
138,14,13800,17700,0111000100,452,0
138,15,13800,17700,0111000100,452,0
138,16,13800,17700,0111000010,450,0
138,17,13800,17700,0111000001,449,0
138,18,13800,17700,0111000001,449,0
138,19,13800,17700,0111000000,448,0
138,20,13800,17700,0111000001,449,0
138,21,13800,17700,0111000001,449,0
138,22,13800,17700,0111000000,448,0
138,23,13800,17700,0111000001,449,0
138,24,13800,17700,0111000000,448,0
138,25,13800,17700,0111000000,448,0
138,26,13800,17700,0111000001,449,0
138,27,13800,17700,0111000000,448,0
138,28,13800,17700,0111000000,448,0
138,29,13800,17700,0111000000,448,0
138,30,13800,17700,0111000000,448,0
138,31,13800,17700,0111000001,449,0
138,32,13800,17700,0111000000,448,0
138,33,13800,17700,0111000000,448,0
138,34,13800,17700,0111000000,448,0
138,35,13800,17700,0111000000,448,0
138,36,13800,17700,0111000000,448,0
138,37,13800,17700,0111000000,448,0
138,38,13800,17700,0111000000,448,0
138,39,13800,17700,0111000000,448,0
138,40,13800,17700,0111000000,448,0
138,41,13800,17700,0111000000,448,0
138,42,13800,17700,0111000000,448,0
138,43,13800,17700,0111000000,448,0
138,44,13800,17700,0111000000,448,0
138,45,13800,17700,0111000000,448,0
138,46,13800,17700,0111000011,451,0
138,47,13800,17700,0111000001,449,0
138,48,13800,17700,0111000000,448,0
138,49,13800,17700,0111000000,448,0
139,0,13900,17600,0111000100,452,0
139,1,13900,17600,0111000011,451,0
139,2,13900,17600,0111000100,452,0
139,3,13900,17600,0111000100,452,0
139,4,13900,17600,0111000100,452,0
139,5,13900,17600,0111000011,451,0
139,6,13900,17600,0111000100,452,0
139,7,13900,17600,0111000100,452,0
139,8,13900,17600,0111000100,452,0
139,9,13900,17600,0111000111,455,0
139,10,13900,17600,0111000100,452,0
139,11,13900,17600,0111000101,453,0
139,12,13900,17600,0111000101,453,0
139,13,13900,17600,0111000101,453,0
139,14,13900,17600,0111000100,452,0
139,15,13900,17600,0111000100,452,0
139,16,13900,17600,0111000101,453,0
139,17,13900,17600,0111000101,453,0
139,18,13900,17600,0111000101,453,0
139,19,13900,17600,0111000100,452,0
139,20,13900,17600,0111000100,452,0
139,21,13900,17600,0111000101,453,0
139,22,13900,17600,0111000100,452,0
139,23,13900,17600,0111000100,452,0
139,24,13900,17600,0111000100,452,0
139,25,13900,17600,0111000100,452,0
139,26,13900,17600,0111000100,452,0
139,27,13900,17600,0111000100,452,0
139,28,13900,17600,0111000011,451,0
139,29,13900,17600,0111000010,450,0
139,30,13900,17600,0111000100,452,0
139,31,13900,17600,0111000100,452,0
139,32,13900,17600,0111000100,452,0
139,33,13900,17600,0111000100,452,0
139,34,13900,17600,0111000100,452,0
139,35,13900,17600,0111000100,452,0
139,36,13900,17600,0111000100,452,0
139,37,13900,17600,0111000101,453,0
139,38,13900,17600,0111000100,452,0
139,39,13900,17600,0111000111,455,0
139,40,13900,17600,0111000111,455,0
139,41,13900,17600,0111000100,452,0
139,42,13900,17600,0111000100,452,0
139,43,13900,17600,0111000100,452,0
139,44,13900,17600,0111000101,453,0
139,45,13900,17600,0111000101,453,0
139,46,13900,17600,0111000100,452,0
139,47,13900,17600,0111000100,452,0
139,48,13900,17600,0111000100,452,0
139,49,13900,17600,0111000100,452,0
140,0,14000,17500,0111000111,455,0
140,1,14000,17500,0111000110,454,0
140,2,14000,17500,0111000111,455,0
140,3,14000,17500,0111000110,454,0
140,4,14000,17500,0111000111,455,0
140,5,14000,17500,0111001000,456,0
140,6,14000,17500,0111000111,455,0
140,7,14000,17500,0111000111,455,0
140,8,14000,17500,0111001010,458,0
140,9,14000,17500,0111001001,457,0
140,10,14000,17500,0111001001,457,0
140,11,14000,17500,0111000111,455,0
140,12,14000,17500,0111000111,455,0
140,13,14000,17500,0111001010,458,0
140,14,14000,17500,0111001000,456,0
140,15,14000,17500,0111001000,456,0
140,16,14000,17500,0111000111,455,0
140,17,14000,17500,0111001000,456,0
140,18,14000,17500,0111001000,456,0
140,19,14000,17500,0111000111,455,0
140,20,14000,17500,0111000111,455,0
140,21,14000,17500,0111000111,455,0
140,22,14000,17500,0111000111,455,0
140,23,14000,17500,0111000111,455,0
140,24,14000,17500,0111000110,454,0
140,25,14000,17500,0111000111,455,0
140,26,14000,17500,0111000111,455,0
140,27,14000,17500,0111000111,455,0
140,28,14000,17500,0111000111,455,0
140,29,14000,17500,0111000111,455,0
140,30,14000,17500,0111000111,455,0
140,31,14000,17500,0111001001,457,0
140,32,14000,17500,0111000111,455,0
140,33,14000,17500,0111001011,459,0
140,34,14000,17500,0111001000,456,0
140,35,14000,17500,0111000111,455,0
140,36,14000,17500,0111001000,456,0
140,37,14000,17500,0111000111,455,0
140,38,14000,17500,0111001000,456,0
140,39,14000,17500,0111000111,455,0
140,40,14000,17500,0111000111,455,0
140,41,14000,17500,0111000111,455,0
140,42,14000,17500,0111000111,455,0
140,43,14000,17500,0111000111,455,0
140,44,14000,17500,0111000111,455,0
140,45,14000,17500,0111000111,455,0
140,46,14000,17500,0111000110,454,0
140,47,14000,17500,0111000111,455,0
140,48,14000,17500,0111000111,455,0
140,49,14000,17500,0111000111,455,0
141,0,14100,17400,0111001100,460,0
141,1,14100,17400,0111001011,459,0
141,2,14100,17400,0111001011,459,0
141,3,14100,17400,0111001011,459,0
141,4,14100,17400,0111001011,459,0
141,5,14100,17400,0111001001,457,0
141,6,14100,17400,0111001001,457,0
141,7,14100,17400,0111001001,457,0
141,8,14100,17400,0111001011,459,0
141,9,14100,17400,0111001010,458,0
141,10,14100,17400,0111001011,459,0
141,11,14100,17400,0111001011,459,0
141,12,14100,17400,0111001101,461,0
141,13,14100,17400,0111001011,459,0
141,14,14100,17400,0111001111,463,0
141,15,14100,17400,0111001011,459,0
141,16,14100,17400,0111001100,460,0
141,17,14100,17400,0111001011,459,0
141,18,14100,17400,0111001011,459,0
141,19,14100,17400,0111001011,459,0
141,20,14100,17400,0111001011,459,0
141,21,14100,17400,0111001011,459,0
141,22,14100,17400,0111001010,458,0
141,23,14100,17400,0111001010,458,0
141,24,14100,17400,0111001010,458,0
141,25,14100,17400,0111001010,458,0
141,26,14100,17400,0111001011,459,0
141,27,14100,17400,0111001011,459,0
141,28,14100,17400,0111001100,460,0
141,29,14100,17400,0111001010,458,0
141,30,14100,17400,0111001011,459,0
141,31,14100,17400,0111001010,458,0
141,32,14100,17400,0111001010,458,0
141,33,14100,17400,0111001100,460,0
141,34,14100,17400,0111001011,459,0
141,35,14100,17400,0111001011,459,0
141,36,14100,17400,0111001010,458,0
141,37,14100,17400,0111001010,458,0
141,38,14100,17400,0111001011,459,0
141,39,14100,17400,0111001001,457,0
141,40,14100,17400,0111001011,459,0
141,41,14100,17400,0111001001,457,0
141,42,14100,17400,0111001001,457,0
141,43,14100,17400,0111001010,458,0
141,44,14100,17400,0111001011,459,0
141,45,14100,17400,0111001101,461,0
141,46,14100,17400,0111001011,459,0
141,47,14100,17400,0111001110,462,0
141,48,14100,17400,0111001100,460,0
141,49,14100,17400,0111001011,459,0
142,0,14200,17300,0111010000,464,0
142,1,14200,17300,0111001111,463,0
142,2,14200,17300,0111001111,463,0
142,3,14200,17300,0111001111,463,0
142,4,14200,17300,0111001110,462,0
142,5,14200,17300,0111001110,462,0
142,6,14200,17300,0111001110,462,0
142,7,14200,17300,0111001101,461,0
142,8,14200,17300,0111001101,461,0
142,9,14200,17300,0111001110,462,0
142,10,14200,17300,0111001100,460,0
142,11,14200,17300,0111001110,462,0
142,12,14200,17300,0111001110,462,0
142,13,14200,17300,0111010000,464,0
142,14,14200,17300,0111001110,462,0
142,15,14200,17300,0111001111,463,0
142,16,14200,17300,0111001111,463,0
142,17,14200,17300,0111001111,463,0
142,18,14200,17300,0111001110,462,0
142,19,14200,17300,0111010000,464,0
142,20,14200,17300,0111001111,463,0
142,21,14200,17300,0111001110,462,0
142,22,14200,17300,0111001110,462,0
142,23,14200,17300,0111001110,462,0
142,24,14200,17300,0111001110,462,0
142,25,14200,17300,0111001101,461,0
142,26,14200,17300,0111001101,461,0
142,27,14200,17300,0111001110,462,0
142,28,14200,17300,0111001101,461,0
142,29,14200,17300,0111001101,461,0
142,30,14200,17300,0111001101,461,0
142,31,14200,17300,0111001110,462,0
142,32,14200,17300,0111001111,463,0
142,33,14200,17300,0111010001,465,0
142,34,14200,17300,0111010011,467,0
142,35,14200,17300,0111001110,462,0
142,36,14200,17300,0111010001,465,0
142,37,14200,17300,0111001110,462,0
142,38,14200,17300,0111001111,463,0
142,39,14200,17300,0111001110,462,0
142,40,14200,17300,0111001110,462,0
142,41,14200,17300,0111001110,462,0
142,42,14200,17300,0111001101,461,0
142,43,14200,17300,0111001110,462,0
142,44,14200,17300,0111001100,460,0
142,45,14200,17300,0111001110,462,0
142,46,14200,17300,0111001110,462,0
142,47,14200,17300,0111001111,463,0
142,48,14200,17300,0111001110,462,0
142,49,14200,17300,0111001111,463,0
143,0,14300,17200,0111010011,467,0
143,1,14300,17200,0111010100,468,0
143,2,14300,17200,0111010110,470,0
143,3,14300,17200,0111010011,467,0
143,4,14300,17200,0111010010,466,0
143,5,14300,17200,0111010100,468,0
143,6,14300,17200,0111010100,468,0
143,7,14300,17200,0111010011,467,0
143,8,14300,17200,0111010010,466,0
143,9,14300,17200,0111010010,466,0
143,10,14300,17200,0111010010,466,0
143,11,14300,17200,0111010010,466,0
143,12,14300,17200,0111010010,466,0
143,13,14300,17200,0111010010,466,0
143,14,14300,17200,0111010001,465,0
143,15,14300,17200,0111010010,466,0
143,16,14300,17200,0111010001,465,0
143,17,14300,17200,0111010010,466,0
143,18,14300,17200,0111010010,466,0
143,19,14300,17200,0111010010,466,0
143,20,14300,17200,0111010010,466,0
143,21,14300,17200,0111010011,467,0
143,22,14300,17200,0111010011,467,0
143,23,14300,17200,0111010010,466,0
143,24,14300,17200,0111010010,466,0
143,25,14300,17200,0111010101,469,0
143,26,14300,17200,0111010011,467,0
143,27,14300,17200,0111010110,470,0
143,28,14300,17200,0111010110,470,0
143,29,14300,17200,0111010011,467,0
143,30,14300,17200,0111010100,468,0
143,31,14300,17200,0111010010,466,0
143,32,14300,17200,0111010100,468,0
143,33,14300,17200,0111010011,467,0
143,34,14300,17200,0111010011,467,0
143,35,14300,17200,0111010010,466,0
143,36,14300,17200,0111010010,466,0
143,37,14300,17200,0111010011,467,0
143,38,14300,17200,0111010010,466,0
143,39,14300,17200,0111010010,466,0
143,40,14300,17200,0111010010,466,0
143,41,14300,17200,0111010011,467,0
143,42,14300,17200,0111010010,466,0
143,43,14300,17200,0111010010,466,0
143,44,14300,17200,0111010001,465,0
143,45,14300,17200,0111010010,466,0
143,46,14300,17200,0111010010,466,0
143,47,14300,17200,0111010001,465,0
143,48,14300,17200,0111010001,465,0
143,49,14300,17200,0111010010,466,0
144,0,14400,17100,0111010110,470,0
144,1,14400,17100,0111010110,470,0
144,2,14400,17100,0111010110,470,0
144,3,14400,17100,0111010111,471,0
144,4,14400,17100,0111010111,471,0
144,5,14400,17100,0111010111,471,0
144,6,14400,17100,0111010110,470,0
144,7,14400,17100,0111010110,470,0
144,8,14400,17100,0111010111,471,0
144,9,14400,17100,0111010110,470,0
144,10,14400,17100,0111010110,470,0
144,11,14400,17100,0111010110,470,0
144,12,14400,17100,0111010101,469,0
144,13,14400,17100,0111010110,470,0
144,14,14400,17100,0111010100,468,0
144,15,14400,17100,0111010101,469,0
144,16,14400,17100,0111010110,470,0
144,17,14400,17100,0111010110,470,0
144,18,14400,17100,0111010111,471,0
144,19,14400,17100,0111010111,471,0
144,20,14400,17100,0111010111,471,0
144,21,14400,17100,0111010110,470,0
144,22,14400,17100,0111010110,470,0
144,23,14400,17100,0111010111,471,0
144,24,14400,17100,0111010110,470,0
144,25,14400,17100,0111010110,470,0
144,26,14400,17100,0111010111,471,0
144,27,14400,17100,0111010110,470,0
144,28,14400,17100,0111010110,470,0
144,29,14400,17100,0111010110,470,0
144,30,14400,17100,0111010110,470,0
144,31,14400,17100,0111010101,469,0
144,32,14400,17100,0111010100,468,0
144,33,14400,17100,0111010110,470,0
144,34,14400,17100,0111010110,470,0
144,35,14400,17100,0111010101,469,0
144,36,14400,17100,0111010110,470,0
144,37,14400,17100,0111010110,470,0
144,38,14400,17100,0111010110,470,0
144,39,14400,17100,0111011010,474,0
144,40,14400,17100,0111010111,471,0
144,41,14400,17100,0111010110,470,0
144,42,14400,17100,0111010110,470,0
144,43,14400,17100,0111001111,463,0
144,44,14400,17100,0111010110,470,0
144,45,14400,17100,0111010110,470,0
144,46,14400,17100,0111010110,470,0
144,47,14400,17100,0111010101,469,0
144,48,14400,17100,0111010110,470,0
144,49,14400,17100,0111010100,468,0
145,0,14500,17000,0111011001,473,0
145,1,14500,17000,0111011001,473,0
145,2,14500,17000,0111011001,473,0
145,3,14500,17000,0111011000,472,0
145,4,14500,17000,0111011000,472,0
145,5,14500,17000,0111011001,473,0
145,6,14500,17000,0111011001,473,0
145,7,14500,17000,0111010111,471,0
145,8,14500,17000,0111011000,472,0
145,9,14500,17000,0111011001,473,0
145,10,14500,17000,0111011010,474,0
145,11,14500,17000,0111011001,473,0
145,12,14500,17000,0111011001,473,0
145,13,14500,17000,0111011001,473,0
145,14,14500,17000,0111011001,473,0
145,15,14500,17000,0111011001,473,0
145,16,14500,17000,0111011001,473,0
145,17,14500,17000,0111011001,473,0
145,18,14500,17000,0111011011,475,0
145,19,14500,17000,0111011010,474,0
145,20,14500,17000,0111011010,474,0
145,21,14500,17000,0111011101,477,0
145,22,14500,17000,0111011100,476,0
145,23,14500,17000,0111011010,474,0
145,24,14500,17000,0111011010,474,0
145,25,14500,17000,0111011010,474,0
145,26,14500,17000,0111011001,473,0
145,27,14500,17000,0111011001,473,0
145,28,14500,17000,0111011000,472,0
145,29,14500,17000,0111011011,475,0
145,30,14500,17000,0111011010,474,0
145,31,14500,17000,0111011001,473,0
145,32,14500,17000,0111011011,475,0
145,33,14500,17000,0111011011,475,0
145,34,14500,17000,0111011001,473,0
145,35,14500,17000,0111011001,473,0
145,36,14500,17000,0111011000,472,0
145,37,14500,17000,0111011001,473,0
145,38,14500,17000,0111011001,473,0
145,39,14500,17000,0111011000,472,0
145,40,14500,17000,0111011000,472,0
145,41,14500,17000,0111011000,472,0
145,42,14500,17000,0111011001,473,0
145,43,14500,17000,0111011001,473,0
145,44,14500,17000,0111011000,472,0
145,45,14500,17000,0111011000,472,0
145,46,14500,17000,0111011001,473,0
145,47,14500,17000,0111011001,473,0
145,48,14500,17000,0111011001,473,0
145,49,14500,17000,0111011001,473,0
146,0,14600,16900,0111011100,476,0
146,1,14600,16900,0111011100,476,0
146,2,14600,16900,0111100000,480,0
146,3,14600,16900,0111100000,480,0
146,4,14600,16900,0111100000,480,0
146,5,14600,16900,0111011101,477,0
146,6,14600,16900,0111011101,477,0
146,7,14600,16900,0111011101,477,0
146,8,14600,16900,0111011101,477,0
146,9,14600,16900,0111011101,477,0
146,10,14600,16900,0111011110,478,0
146,11,14600,16900,0111011110,478,0
146,12,14600,16900,0111011101,477,0
146,13,14600,16900,0111011101,477,0
146,14,14600,16900,0111011101,477,0
146,15,14600,16900,0111011101,477,0
146,16,14600,16900,0111011101,477,0
146,17,14600,16900,0111011101,477,0
146,18,14600,16900,0111011101,477,0
146,19,14600,16900,0111011101,477,0
146,20,14600,16900,0111011101,477,0
146,21,14600,16900,0111011100,476,0
146,22,14600,16900,0111011011,475,0
146,23,14600,16900,0111011100,476,0
146,24,14600,16900,0111011101,477,0
146,25,14600,16900,0111011011,475,0
146,26,14600,16900,0111011100,476,0
146,27,14600,16900,0111011100,476,0
146,28,14600,16900,0111011100,476,0
146,29,14600,16900,0111011101,477,0
146,30,14600,16900,0111011101,477,0
146,31,14600,16900,0111011101,477,0
146,32,14600,16900,0111011110,478,0
146,33,14600,16900,0111011110,478,0
146,34,14600,16900,0111011101,477,0
146,35,14600,16900,0111100000,480,0
146,36,14600,16900,0111011101,477,0
146,37,14600,16900,0111011101,477,0
146,38,14600,16900,0111011110,478,0
146,39,14600,16900,0111011101,477,0
146,40,14600,16900,0111011101,477,0
146,41,14600,16900,0111011101,477,0
146,42,14600,16900,0111011110,478,0
146,43,14600,16900,0111011110,478,0
146,44,14600,16900,0111011110,478,0
146,45,14600,16900,0111011110,478,0
146,46,14600,16900,0111011100,476,0
146,47,14600,16900,0111011101,477,0
146,48,14600,16900,0111011101,477,0
146,49,14600,16900,0111011100,476,0
147,0,14700,16800,0111100000,480,0
147,1,14700,16800,0111100000,480,0
147,2,14700,16800,0111100000,480,0
147,3,14700,16800,0111100000,480,0
147,4,14700,16800,0111100000,480,0
147,5,14700,16800,0111100000,480,0
147,6,14700,16800,0111100000,480,0
147,7,14700,16800,0111011111,479,0
147,8,14700,16800,0111100000,480,0
147,9,14700,16800,0111100000,480,0
147,10,14700,16800,0111100000,480,0
147,11,14700,16800,0111100000,480,0
147,12,14700,16800,0111100000,480,0
147,13,14700,16800,0111100000,480,0
147,14,14700,16800,0111100000,480,0
147,15,14700,16800,0111100000,480,0
147,16,14700,16800,0111100000,480,0
147,17,14700,16800,0111011111,479,0
147,18,14700,16800,0111011111,479,0
147,19,14700,16800,0111100000,480,0
147,20,14700,16800,0111011111,479,0
147,21,14700,16800,0111011110,478,0
147,22,14700,16800,0111011110,478,0
147,23,14700,16800,0111011110,478,0
147,24,14700,16800,0111100000,480,0
147,25,14700,16800,0111011111,479,0
147,26,14700,16800,0111011111,479,0
147,27,14700,16800,0111100000,480,0
147,28,14700,16800,0111011111,479,0
147,29,14700,16800,0111100000,480,0
147,30,14700,16800,0111100000,480,0
147,31,14700,16800,0111011111,479,0
147,32,14700,16800,0111011111,479,0
147,33,14700,16800,0111100000,480,0
147,34,14700,16800,0111100000,480,0
147,35,14700,16800,0111011111,479,0
147,36,14700,16800,0111100000,480,0
147,37,14700,16800,0111011111,479,0
147,38,14700,16800,0111100000,480,0
147,39,14700,16800,0111100000,480,0
147,40,14700,16800,0111100000,480,0
147,41,14700,16800,0111100000,480,0
147,42,14700,16800,0111100000,480,0
147,43,14700,16800,0111100000,480,0
147,44,14700,16800,0111011111,479,0
147,45,14700,16800,0111011111,479,0
147,46,14700,16800,0111011111,479,0
147,47,14700,16800,0111100000,480,0
147,48,14700,16800,0111011110,478,0
147,49,14700,16800,0111011110,478,0
148,0,14800,16700,0111100000,480,0
148,1,14800,16700,0111100000,480,0
148,2,14800,16700,0111100000,480,0
148,3,14800,16700,0111100000,480,0
148,4,14800,16700,0111100000,480,0
148,5,14800,16700,0111100000,480,0
148,6,14800,16700,0111100000,480,0
148,7,14800,16700,0111100001,481,0
148,8,14800,16700,0111100001,481,0
148,9,14800,16700,0111100000,480,0
148,10,14800,16700,0111100011,483,0
148,11,14800,16700,0111100010,482,0
148,12,14800,16700,0111100000,480,0
148,13,14800,16700,0111100011,483,0
148,14,14800,16700,0111100001,481,0
148,15,14800,16700,0111100000,480,0
148,16,14800,16700,0111100001,481,0
148,17,14800,16700,0111100000,480,0
148,18,14800,16700,0111100001,481,0
148,19,14800,16700,0111100000,480,0
148,20,14800,16700,0111100000,480,0
148,21,14800,16700,0111100000,480,0
148,22,14800,16700,0111100000,480,0
148,23,14800,16700,0111100000,480,0
148,24,14800,16700,0111100000,480,0
148,25,14800,16700,0111100000,480,0
148,26,14800,16700,0111100000,480,0
148,27,14800,16700,0111100000,480,0
148,28,14800,16700,0111100000,480,0
148,29,14800,16700,0111100000,480,0
148,30,14800,16700,0111100000,480,0
148,31,14800,16700,0111100001,481,0
148,32,14800,16700,0111100011,483,0
148,33,14800,16700,0111100011,483,0
148,34,14800,16700,0111100001,481,0
148,35,14800,16700,0111100000,480,0
148,36,14800,16700,0111100001,481,0
148,37,14800,16700,0111100000,480,0
148,38,14800,16700,0111100001,481,0
148,39,14800,16700,0111100000,480,0
148,40,14800,16700,0111100000,480,0
148,41,14800,16700,0111100000,480,0
148,42,14800,16700,0111100000,480,0
148,43,14800,16700,0111100000,480,0
148,44,14800,16700,0111100000,480,0
148,45,14800,16700,0111100000,480,0
148,46,14800,16700,0111100000,480,0
148,47,14800,16700,0111100000,480,0
148,48,14800,16700,0111100000,480,0
148,49,14800,16700,0111100000,480,0
149,0,14900,16600,0111100011,483,0
149,1,14900,16600,0111100010,482,0
149,2,14900,16600,0111100100,484,0
149,3,14900,16600,0111100011,483,0
149,4,14900,16600,0111100011,483,0
149,5,14900,16600,0111100011,483,0
149,6,14900,16600,0111100011,483,0
149,7,14900,16600,0111100100,484,0
149,8,14900,16600,0111100100,484,0
149,9,14900,16600,0111100011,483,0
149,10,14900,16600,0111100011,483,0
149,11,14900,16600,0111100100,484,0
149,12,14900,16600,0111100101,485,0
149,13,14900,16600,0111100100,484,0
149,14,14900,16600,0111100111,487,0
149,15,14900,16600,0111100111,487,0
149,16,14900,16600,0111100100,484,0
149,17,14900,16600,0111100100,484,0
149,18,14900,16600,0111100101,485,0
149,19,14900,16600,0111100101,485,0
149,20,14900,16600,0111100100,484,0
149,21,14900,16600,0111100101,485,0
149,22,14900,16600,0111100100,484,0
149,23,14900,16600,0111100100,484,0
149,24,14900,16600,0111100100,484,0
149,25,14900,16600,0111100100,484,0
149,26,14900,16600,0111100011,483,0
149,27,14900,16600,0111100011,483,0
149,28,14900,16600,0111100010,482,0
149,29,14900,16600,0111100010,482,0
149,30,14900,16600,0111100100,484,0
149,31,14900,16600,0111100100,484,0
149,32,14900,16600,0111100100,484,0
149,33,14900,16600,0111100100,484,0
149,34,14900,16600,0111100100,484,0
149,35,14900,16600,0111100101,485,0
149,36,14900,16600,0111100100,484,0
149,37,14900,16600,0111100111,487,0
149,38,14900,16600,0111100110,486,0
149,39,14900,16600,0111100110,486,0
149,40,14900,16600,0111100100,484,0
149,41,14900,16600,0111100100,484,0
149,42,14900,16600,0111100100,484,0
149,43,14900,16600,0111100100,484,0
149,44,14900,16600,0111100101,485,0
149,45,14900,16600,0111100101,485,0
149,46,14900,16600,0111100100,484,0
149,47,14900,16600,0111100100,484,0
149,48,14900,16600,0111100011,483,0
149,49,14900,16600,0111100100,484,0
150,0,15000,16500,0111101000,488,0
150,1,15000,16500,0111101000,488,0
150,2,15000,16500,0111100111,487,0
150,3,15000,16500,0111100111,487,0
150,4,15000,16500,0111100111,487,0
150,5,15000,16500,0111100111,487,0
150,6,15000,16500,0111100111,487,0
150,7,15000,16500,0111100111,487,0
150,8,15000,16500,0111100111,487,0
150,9,15000,16500,0111100111,487,0
150,10,15000,16500,0111100111,487,0
150,11,15000,16500,0111100110,486,0
150,12,15000,16500,0111100110,486,0
150,13,15000,16500,0111100111,487,0
150,14,15000,16500,0111100111,487,0
150,15,15000,16500,0111100111,487,0
150,16,15000,16500,0111100111,487,0
150,17,15000,16500,0111101000,488,0
150,18,15000,16500,0111100111,487,0
150,19,15000,16500,0111100111,487,0
150,20,15000,16500,0111101001,489,0
150,21,15000,16500,0111101001,489,0
150,22,15000,16500,0111101001,489,0
150,23,15000,16500,0111100111,487,0
150,24,15000,16500,0111101010,490,0
150,25,15000,16500,0111101010,490,0
150,26,15000,16500,0111101000,488,0
150,27,15000,16500,0111101000,488,0
150,28,15000,16500,0111100111,487,0
150,29,15000,16500,0111101000,488,0
150,30,15000,16500,0111101000,488,0
150,31,15000,16500,0111100111,487,0
150,32,15000,16500,0111100111,487,0
150,33,15000,16500,0111100111,487,0
150,34,15000,16500,0111100111,487,0
150,35,15000,16500,0111100111,487,0
150,36,15000,16500,0111100111,487,0
150,37,15000,16500,0111100111,487,0
150,38,15000,16500,0111100111,487,0
150,39,15000,16500,0111100111,487,0
150,40,15000,16500,0111100111,487,0
150,41,15000,16500,0111100110,486,0
150,42,15000,16500,0111100111,487,0
150,43,15000,16500,0111100110,486,0
150,44,15000,16500,0111100111,487,0
150,45,15000,16500,0111100111,487,0
150,46,15000,16500,0111100111,487,0
150,47,15000,16500,0111100111,487,0
150,48,15000,16500,0111100111,487,0
150,49,15000,16500,0111101000,488,0
151,0,15100,16400,0111101011,491,0
151,1,15100,16400,0111101010,490,0
151,2,15100,16400,0111101010,490,0
151,3,15100,16400,0111101001,489,0
151,4,15100,16400,0111101010,490,0
151,5,15100,16400,0111101001,489,0
151,6,15100,16400,0111101010,490,0
151,7,15100,16400,0111101010,490,0
151,8,15100,16400,0111101010,490,0
151,9,15100,16400,0111101011,491,0
151,10,15100,16400,0111101100,492,0
151,11,15100,16400,0111101011,491,0
151,12,15100,16400,0111101010,490,0
151,13,15100,16400,0111101101,493,0
151,14,15100,16400,0111101101,493,0
151,15,15100,16400,0111101101,493,0
151,16,15100,16400,0111101011,491,0
151,17,15100,16400,0111101011,491,0
151,18,15100,16400,0111101100,492,0
151,19,15100,16400,0111101100,492,0
151,20,15100,16400,0111101011,491,0
151,21,15100,16400,0111101011,491,0
151,22,15100,16400,0111101100,492,0
151,23,15100,16400,0111101011,491,0
151,24,15100,16400,0111101010,490,0
151,25,15100,16400,0111101010,490,0
151,26,15100,16400,0111101010,490,0
151,27,15100,16400,0111101010,490,0
151,28,15100,16400,0111101010,490,0
151,29,15100,16400,0111101001,489,0
151,30,15100,16400,0111101001,489,0
151,31,15100,16400,0111101001,489,0
151,32,15100,16400,0111101010,490,0
151,33,15100,16400,0111101010,490,0
151,34,15100,16400,0111101011,491,0
151,35,15100,16400,0111101010,490,0
151,36,15100,16400,0111101100,492,0
151,37,15100,16400,0111101011,491,0
151,38,15100,16400,0111101011,491,0
151,39,15100,16400,0111101010,490,0
151,40,15100,16400,0111101010,490,0
151,41,15100,16400,0111101100,492,0
151,42,15100,16400,0111101011,491,0
151,43,15100,16400,0111101011,491,0
151,44,15100,16400,0111101011,491,0
151,45,15100,16400,0111101011,491,0
151,46,15100,16400,0111101010,490,0
151,47,15100,16400,0111101010,490,0
151,48,15100,16400,0111101011,491,0
151,49,15100,16400,0111101010,490,0
152,0,15200,16300,0111101110,494,0
152,1,15200,16300,0111101110,494,0
152,2,15200,16300,0111101110,494,0
152,3,15200,16300,0111101110,494,0
152,4,15200,16300,0111101101,493,0
152,5,15200,16300,0111101101,493,0
152,6,15200,16300,0111101110,494,0
152,7,15200,16300,0111101110,494,0
152,8,15200,16300,0111101110,494,0
152,9,15200,16300,0111101110,494,0
152,10,15200,16300,0111101110,494,0
152,11,15200,16300,0111101110,494,0
152,12,15200,16300,0111101110,494,0
152,13,15200,16300,0111101110,494,0
152,14,15200,16300,0111101110,494,0
152,15,15200,16300,0111101110,494,0
152,16,15200,16300,0111101111,495,0
152,17,15200,16300,0111101110,494,0
152,18,15200,16300,0111101111,495,0
152,19,15200,16300,0111101111,495,0
152,20,15200,16300,0111101110,494,0
152,21,15200,16300,0111101111,495,0
152,22,15200,16300,0111101110,494,0
152,23,15200,16300,0111101110,494,0
152,24,15200,16300,0111101110,494,0
152,25,15200,16300,0111101101,493,0
152,26,15200,16300,0111101110,494,0
152,27,15200,16300,0111101100,492,0
152,28,15200,16300,0111101100,492,0
152,29,15200,16300,0111101110,494,0
152,30,15200,16300,0111101101,493,0
152,31,15200,16300,0111101110,494,0
152,32,15200,16300,0111101110,494,0
152,33,15200,16300,0111101110,494,0
152,34,15200,16300,0111101110,494,0
152,35,15200,16300,0111110001,497,0
152,36,15200,16300,0111101110,494,0
152,37,15200,16300,0111110011,499,0
152,38,15200,16300,0111101111,495,0
152,39,15200,16300,0111101110,494,0
152,40,15200,16300,0111101111,495,0
152,41,15200,16300,0111101110,494,0
152,42,15200,16300,0111101110,494,0
152,43,15200,16300,0111101111,495,0
152,44,15200,16300,0111101110,494,0
152,45,15200,16300,0111101110,494,0
152,46,15200,16300,0111101110,494,0
152,47,15200,16300,0111101110,494,0
152,48,15200,16300,0111101100,492,0
152,49,15200,16300,0111101110,494,0
153,0,15300,16200,0111110010,498,0
153,1,15300,16200,0111110010,498,0
153,2,15300,16200,0111110010,498,0
153,3,15300,16200,0111110010,498,0
153,4,15300,16200,0111110010,498,0
153,5,15300,16200,0111110010,498,0
153,6,15300,16200,0111110010,498,0
153,7,15300,16200,0111110011,499,0
153,8,15300,16200,0111110011,499,0
153,9,15300,16200,0111110010,498,0
153,10,15300,16200,0111110110,502,0
153,11,15300,16200,0111110011,499,0
153,12,15300,16200,0111110010,498,0
153,13,15300,16200,0111110011,499,0
153,14,15300,16200,0111110011,499,0
153,15,15300,16200,0111110011,499,0
153,16,15300,16200,0111110010,498,0
153,17,15300,16200,0111110010,498,0
153,18,15300,16200,0111110010,498,0
153,19,15300,16200,0111110010,498,0
153,20,15300,16200,0111110010,498,0
153,21,15300,16200,0111110010,498,0
153,22,15300,16200,0111110010,498,0
153,23,15300,16200,0111110001,497,0
153,24,15300,16200,0111110010,498,0
153,25,15300,16200,0111110010,498,0
153,26,15300,16200,0111110011,499,0
153,27,15300,16200,0111110011,499,0
153,28,15300,16200,0111110010,498,0
153,29,15300,16200,0111110100,500,0
153,30,15300,16200,0111110011,499,0
153,31,15300,16200,0111110110,502,0
153,32,15300,16200,0111110011,499,0
153,33,15300,16200,0111110011,499,0
153,34,15300,16200,0111110011,499,0
153,35,15300,16200,0111110011,499,0
153,36,15300,16200,0111110010,498,0
153,37,15300,16200,0111110011,499,0
153,38,15300,16200,0111110011,499,0
153,39,15300,16200,0111110010,498,0
153,40,15300,16200,0111110010,498,0
153,41,15300,16200,0111110010,498,0
153,42,15300,16200,0111110010,498,0
153,43,15300,16200,0111110001,497,0
153,44,15300,16200,0111110010,498,0
153,45,15300,16200,0111110001,497,0
153,46,15300,16200,0111110000,496,0
153,47,15300,16200,0111110010,498,0
153,48,15300,16200,0111110010,498,0
153,49,15300,16200,0111110010,498,0
154,0,15400,16100,0111110110,502,0
154,1,15400,16100,0111110111,503,0
154,2,15400,16100,0111110111,503,0
154,3,15400,16100,0111110111,503,0
154,4,15400,16100,0111110111,503,0
154,5,15400,16100,0111110110,502,0
154,6,15400,16100,0111110110,502,0
154,7,15400,16100,0111110101,501,0
154,8,15400,16100,0111110110,502,0
154,9,15400,16100,0111110110,502,0
154,10,15400,16100,0111110110,502,0
154,11,15400,16100,0111110110,502,0
154,12,15400,16100,0111110110,502,0
154,13,15400,16100,0111110100,500,0
154,14,15400,16100,0111110100,500,0
154,15,15400,16100,0111110101,501,0
154,16,15400,16100,0111110101,501,0
154,17,15400,16100,0111110101,501,0
154,18,15400,16100,0111110110,502,0
154,19,15400,16100,0111110110,502,0
154,20,15400,16100,0111110111,503,0
154,21,15400,16100,0111110111,503,0
154,22,15400,16100,0111110111,503,0
154,23,15400,16100,0111110110,502,0
154,24,15400,16100,0111110110,502,0
154,25,15400,16100,0111110110,502,0
154,26,15400,16100,0111110110,502,0
154,27,15400,16100,0111110110,502,0
154,28,15400,16100,0111110101,501,0
154,29,15400,16100,0111110110,502,0
154,30,15400,16100,0111110101,501,0
154,31,15400,16100,0111110110,502,0
154,32,15400,16100,0111110100,500,0
154,33,15400,16100,0111110101,501,0
154,34,15400,16100,0111110110,502,0
154,35,15400,16100,0111110110,502,0
154,36,15400,16100,0111110110,502,0
154,37,15400,16100,0111110110,502,0
154,38,15400,16100,0111111001,505,0
154,39,15400,16100,0111110111,503,0
154,40,15400,16100,0111110110,502,0
154,41,15400,16100,0111110110,502,0
154,42,15400,16100,0111110111,503,0
154,43,15400,16100,0111110110,502,0
154,44,15400,16100,0111110110,502,0
154,45,15400,16100,0111110101,501,0
154,46,15400,16100,0111110101,501,0
154,47,15400,16100,0111110101,501,0
154,48,15400,16100,0111110101,501,0
154,49,15400,16100,0111110110,502,0
155,0,15500,16000,0111111001,505,0
155,1,15500,16000,0111111000,504,0
155,2,15500,16000,0111111001,505,0
155,3,15500,16000,0111111000,504,0
155,4,15500,16000,0111111000,504,0
155,5,15500,16000,0111111001,505,0
155,6,15500,16000,0111111000,504,0
155,7,15500,16000,0111111001,505,0
155,8,15500,16000,0111111001,505,0
155,9,15500,16000,0111111010,506,0
155,10,15500,16000,0111111001,505,0
155,11,15500,16000,0111111001,505,0
155,12,15500,16000,0111111001,505,0
155,13,15500,16000,0111111100,508,0
155,14,15500,16000,0111111100,508,0
155,15,15500,16000,0111111001,505,0
155,16,15500,16000,0111111010,506,0
155,17,15500,16000,0111111101,509,0
155,18,15500,16000,0111111101,509,0
155,19,15500,16000,0111111010,506,0
155,20,15500,16000,0111111010,506,0
155,21,15500,16000,0111111001,505,0
155,22,15500,16000,0111111011,507,0
155,23,15500,16000,0111111010,506,0
155,24,15500,16000,0111111010,506,0
155,25,15500,16000,0111111001,505,0
155,26,15500,16000,0111111001,505,0
155,27,15500,16000,0111111001,505,0
155,28,15500,16000,0111111001,505,0
155,29,15500,16000,0111111001,505,0
155,30,15500,16000,0111111000,504,0
155,31,15500,16000,0111111001,505,0
155,32,15500,16000,0111111001,505,0
155,33,15500,16000,0111111001,505,0
155,34,15500,16000,0111111001,505,0
155,35,15500,16000,0111111010,506,0
155,36,15500,16000,0111111010,506,0
155,37,15500,16000,0111111101,509,0
155,38,15500,16000,0111111010,506,0
155,39,15500,16000,0111111001,505,0
155,40,15500,16000,0111111001,505,0
155,41,15500,16000,0111111011,507,0
155,42,15500,16000,0111111001,505,0
155,43,15500,16000,0111111010,506,0
155,44,15500,16000,0111111001,505,0
155,45,15500,16000,0111111001,505,0
155,46,15500,16000,0111111001,505,0
155,47,15500,16000,0111111001,505,0
155,48,15500,16000,0111111000,504,0
155,49,15500,16000,0111111000,504,0
156,0,15600,15900,0111111100,508,0
156,1,15600,15900,0111111101,509,0
156,2,15600,15900,0111111100,508,0
156,3,15600,15900,0111111100,508,0
156,4,15600,15900,0111111100,508,0
156,5,15600,15900,0111111100,508,0
156,6,15600,15900,0111111011,507,0
156,7,15600,15900,0111111100,508,0
156,8,15600,15900,0111111011,507,0
156,9,15600,15900,0111111100,508,0
156,10,15600,15900,0111111100,508,0
156,11,15600,15900,0111111100,508,0
156,12,15600,15900,0111111101,509,0
156,13,15600,15900,0111111101,509,0
156,14,15600,15900,0111111111,511,0
156,15,15600,15900,0111111101,509,0
156,16,15600,15900,1000000000,512,0
156,17,15600,15900,0111111100,508,0
156,18,15600,15900,0111111101,509,0
156,19,15600,15900,0111111110,510,0
156,20,15600,15900,0111111110,510,0
156,21,15600,15900,0111111101,509,0
156,22,15600,15900,0111111101,509,0
156,23,15600,15900,0111111101,509,0
156,24,15600,15900,0111111101,509,0
156,25,15600,15900,0111111100,508,0
156,26,15600,15900,0111111100,508,0
156,27,15600,15900,0111111101,509,0
156,28,15600,15900,0111111011,507,0
156,29,15600,15900,0111111100,508,0
156,30,15600,15900,0111111100,508,0
156,31,15600,15900,0111111101,509,0
156,32,15600,15900,0111111100,508,0
156,33,15600,15900,0111111100,508,0
156,34,15600,15900,0111111110,510,0
156,35,15600,15900,0111111110,510,0
156,36,15600,15900,0111111101,509,0
156,37,15600,15900,0111111101,509,0
156,38,15600,15900,1000000000,512,0
156,39,15600,15900,0111111101,509,0
156,40,15600,15900,0111111110,510,0
156,41,15600,15900,0111111101,509,0
156,42,15600,15900,0111111101,509,0
156,43,15600,15900,0111111101,509,0
156,44,15600,15900,0111111101,509,0
156,45,15600,15900,0111111101,509,0
156,46,15600,15900,0111111100,508,0
156,47,15600,15900,0111111101,509,0
156,48,15600,15900,0111111100,508,0
156,49,15600,15900,0111111100,508,0
157,0,15700,15800,1000000000,512,0
157,1,15700,15800,1000000000,512,0
157,2,15700,15800,0111111111,511,0
157,3,15700,15800,0111111111,511,0
157,4,15700,15800,0111111110,510,0
157,5,15700,15800,1000000000,512,0
157,6,15700,15800,1000000000,512,0
157,7,15700,15800,0111111111,511,0
157,8,15700,15800,0111111111,511,0
157,9,15700,15800,1000000000,512,0
157,10,15700,15800,0111111111,511,0
157,11,15700,15800,1000000010,514,0
157,12,15700,15800,0111111111,511,0
157,13,15700,15800,1000000000,512,0
157,14,15700,15800,1000000001,513,0
157,15,15700,15800,0111111111,511,0
157,16,15700,15800,0111111111,511,0
157,17,15700,15800,0111111111,511,0
157,18,15700,15800,0111111111,511,0
157,19,15700,15800,0111111111,511,0
157,20,15700,15800,0111111111,511,0
157,21,15700,15800,1000000000,512,0
157,22,15700,15800,0111111110,510,0
157,23,15700,15800,1000000000,512,0
157,24,15700,15800,0111111111,511,0
157,25,15700,15800,0111111111,511,0
157,26,15700,15800,0111111111,511,0
157,27,15700,15800,0111111111,511,0
157,28,15700,15800,1000000001,513,0
157,29,15700,15800,0111111111,511,0
157,30,15700,15800,1000000000,512,0
157,31,15700,15800,1000000000,512,0
157,32,15700,15800,0111111111,511,0
157,33,15700,15800,1000000001,513,0
157,34,15700,15800,1000000000,512,0
157,35,15700,15800,0111111111,511,0
157,36,15700,15800,0111111111,511,0
157,37,15700,15800,0111111111,511,0
157,38,15700,15800,0111111111,511,0
157,39,15700,15800,1000000000,512,0
157,40,15700,15800,0111111110,510,0
157,41,15700,15800,0111111110,510,0
157,42,15700,15800,1000000000,512,0
157,43,15700,15800,0111111111,511,0
157,44,15700,15800,1000000000,512,0
157,45,15700,15800,0111111111,511,0
157,46,15700,15800,1000000000,512,0
157,47,15700,15800,0111111111,511,0
157,48,15700,15800,1000000001,513,0
157,49,15700,15800,0111111111,511,0
158,0,15800,15700,1000000010,514,0
158,1,15800,15700,1000000010,514,0
158,2,15800,15700,1000000001,513,0
158,3,15800,15700,1000000001,513,0
158,4,15800,15700,1000000001,513,0
158,5,15800,15700,1000000000,512,0
158,6,15800,15700,1000000001,513,0
158,7,15800,15700,1000000001,513,0
158,8,15800,15700,1000000001,513,0
158,9,15800,15700,1000000010,514,0
158,10,15800,15700,1000000011,515,0
158,11,15800,15700,1000000010,514,0
158,12,15800,15700,1000000100,516,0
158,13,15800,15700,1000000001,513,0
158,14,15800,15700,1000000010,514,0
158,15,15800,15700,1000000001,513,0
158,16,15800,15700,1000000010,514,0
158,17,15800,15700,1000000010,514,0
158,18,15800,15700,1000000001,513,0
158,19,15800,15700,1000000001,513,0
158,20,15800,15700,1000000010,514,0
158,21,15800,15700,1000000001,513,0
158,22,15800,15700,1000000000,512,0
158,23,15800,15700,1000000001,513,0
158,24,15800,15700,1000000000,512,0
158,25,15800,15700,1000000010,514,0
158,26,15800,15700,1000000001,513,0
158,27,15800,15700,1000000000,512,0
158,28,15800,15700,1000000001,513,0
158,29,15800,15700,1000000001,513,0
158,30,15800,15700,1000000001,513,0
158,31,15800,15700,1000000001,513,0
158,32,15800,15700,1000000010,514,0
158,33,15800,15700,1000000100,516,0
158,34,15800,15700,1000000010,514,0
158,35,15800,15700,1000000010,514,0
158,36,15800,15700,1000000010,514,0
158,37,15800,15700,1000000010,514,0
158,38,15800,15700,1000000001,513,0
158,39,15800,15700,1000000001,513,0
158,40,15800,15700,1000000001,513,0
158,41,15800,15700,1000000001,513,0
158,42,15800,15700,1000000001,513,0
158,43,15800,15700,1000000000,512,0
158,44,15800,15700,1000000010,514,0
158,45,15800,15700,1000000001,513,0
158,46,15800,15700,1000000001,513,0
158,47,15800,15700,1000000010,514,0
158,48,15800,15700,1000000011,515,0
158,49,15800,15700,1000000100,516,0
159,0,15900,15600,1000000110,518,0
159,1,15900,15600,1000000101,517,0
159,2,15900,15600,1000000101,517,0
159,3,15900,15600,1000000101,517,0
159,4,15900,15600,1000000101,517,0
159,5,15900,15600,1000000101,517,0
159,6,15900,15600,1000000101,517,0
159,7,15900,15600,1000000101,517,0
159,8,15900,15600,1000000100,516,0
159,9,15900,15600,1000000100,516,0
159,10,15900,15600,1000000100,516,0
159,11,15900,15600,1000000101,517,0
159,12,15900,15600,1000000101,517,0
159,13,15900,15600,1000000101,517,0
159,14,15900,15600,1000000110,518,0
159,15,15900,15600,1000000111,519,0
159,16,15900,15600,1000000101,517,0
159,17,15900,15600,1000000110,518,0
159,18,15900,15600,1000000101,517,0
159,19,15900,15600,1000000110,518,0
159,20,15900,15600,1000000101,517,0
159,21,15900,15600,1000000101,517,0
159,22,15900,15600,1000000101,517,0
159,23,15900,15600,1000000101,517,0
159,24,15900,15600,1000000101,517,0
159,25,15900,15600,1000000100,516,0
159,26,15900,15600,1000000101,517,0
159,27,15900,15600,1000000101,517,0
159,28,15900,15600,1000000101,517,0
159,29,15900,15600,1000000101,517,0
159,30,15900,15600,1000000111,519,0
159,31,15900,15600,1000000110,518,0
159,32,15900,15600,1000001000,520,0
159,33,15900,15600,1000000101,517,0
159,34,15900,15600,1000000110,518,0
159,35,15900,15600,1000000101,517,0
159,36,15900,15600,1000000101,517,0
159,37,15900,15600,1000000101,517,0
159,38,15900,15600,1000000101,517,0
159,39,15900,15600,1000000101,517,0
159,40,15900,15600,1000000100,516,0
159,41,15900,15600,1000000100,516,0
159,42,15900,15600,1000000101,517,0
159,43,15900,15600,1000000101,517,0
159,44,15900,15600,1000000110,518,0
159,45,15900,15600,1000000101,517,0
159,46,15900,15600,1000000101,517,0
159,47,15900,15600,1000000111,519,0
159,48,15900,15600,1000000101,517,0
159,49,15900,15600,1000000110,518,0
160,0,16000,15500,1000001000,520,0
160,1,16000,15500,1000001000,520,0
160,2,16000,15500,1000001000,520,0
160,3,16000,15500,1000001000,520,0
160,4,16000,15500,1000001000,520,0
160,5,16000,15500,1000001010,522,0
160,6,16000,15500,1000001001,521,0
160,7,16000,15500,1000001011,523,0
160,8,16000,15500,1000001001,521,0
160,9,16000,15500,1000001001,521,0
160,10,16000,15500,1000001000,520,0
160,11,16000,15500,1000001001,521,0
160,12,16000,15500,1000001000,520,0
160,13,16000,15500,1000001001,521,0
160,14,16000,15500,1000001000,520,0
160,15,16000,15500,1000001001,521,0
160,16,16000,15500,1000001000,520,0
160,17,16000,15500,1000001000,520,0
160,18,16000,15500,1000000111,519,0
160,19,16000,15500,1000001000,520,0
160,20,16000,15500,1000001000,520,0
160,21,16000,15500,1000001000,520,0
160,22,16000,15500,1000001000,520,0
160,23,16000,15500,1000001011,523,0
160,24,16000,15500,1000001001,521,0
160,25,16000,15500,1000001000,520,0
160,26,16000,15500,1000001001,521,0
160,27,16000,15500,1000001000,520,0
160,28,16000,15500,1000001001,521,0
160,29,16000,15500,1000001000,520,0
160,30,16000,15500,1000001000,520,0
160,31,16000,15500,1000001000,520,0
160,32,16000,15500,1000001000,520,0
160,33,16000,15500,1000001000,520,0
160,34,16000,15500,1000000111,519,0
160,35,16000,15500,1000001000,520,0
160,36,16000,15500,1000000111,519,0
160,37,16000,15500,1000001000,520,0
160,38,16000,15500,1000001001,521,0
160,39,16000,15500,1000001000,520,0
160,40,16000,15500,1000001001,521,0
160,41,16000,15500,1000001011,523,0
160,42,16000,15500,1000001000,520,0
160,43,16000,15500,1000001001,521,0
160,44,16000,15500,1000001000,520,0
160,45,16000,15500,1000001001,521,0
160,46,16000,15500,1000001000,520,0
160,47,16000,15500,1000000111,519,0
160,48,16000,15500,1000001000,520,0
160,49,16000,15500,1000001000,520,0
161,0,16100,15400,1000001100,524,0
161,1,16100,15400,1000001100,524,0
161,2,16100,15400,1000001111,527,0
161,3,16100,15400,1000001101,525,0
161,4,16100,15400,1000001100,524,0
161,5,16100,15400,1000001101,525,0
161,6,16100,15400,1000001101,525,0
161,7,16100,15400,1000001100,524,0
161,8,16100,15400,1000001100,524,0
161,9,16100,15400,1000001100,524,0
161,10,16100,15400,1000001011,523,0
161,11,16100,15400,1000001100,524,0
161,12,16100,15400,1000001100,524,0
161,13,16100,15400,1000001011,523,0
161,14,16100,15400,1000001100,524,0
161,15,16100,15400,1000001100,524,0
161,16,16100,15400,1000001100,524,0
161,17,16100,15400,1000001100,524,0
161,18,16100,15400,1000001100,524,0
161,19,16100,15400,1000001100,524,0
161,20,16100,15400,1000001100,524,0
161,21,16100,15400,1000001111,527,0
161,22,16100,15400,1000001101,525,0
161,23,16100,15400,1000001100,524,0
161,24,16100,15400,1000001100,524,0
161,25,16100,15400,1000001100,524,0
161,26,16100,15400,1000001100,524,0
161,27,16100,15400,1000001100,524,0
161,28,16100,15400,1000001100,524,0
161,29,16100,15400,1000001100,524,0
161,30,16100,15400,1000001011,523,0
161,31,16100,15400,1000001100,524,0
161,32,16100,15400,1000001100,524,0
161,33,16100,15400,1000001100,524,0
161,34,16100,15400,1000001100,524,0
161,35,16100,15400,1000001100,524,0
161,36,16100,15400,1000001101,525,0
161,37,16100,15400,1000001100,524,0
161,38,16100,15400,1000001110,526,0
161,39,16100,15400,1000001101,525,0
161,40,16100,15400,1000001100,524,0
161,41,16100,15400,1000001101,525,0
161,42,16100,15400,1000001100,524,0
161,43,16100,15400,1000001100,524,0
161,44,16100,15400,1000001100,524,0
161,45,16100,15400,1000001100,524,0
161,46,16100,15400,1000001100,524,0
161,47,16100,15400,1000001011,523,0
161,48,16100,15400,1000001011,523,0
161,49,16100,15400,1000001011,523,0
162,0,16200,15300,1000001111,527,0
162,1,16200,15300,1000010011,531,0
162,2,16200,15300,1000010001,529,0
162,3,16200,15300,1000001111,527,0
162,4,16200,15300,1000010010,530,0
162,5,16200,15300,1000001111,527,0
162,6,16200,15300,1000001111,527,0
162,7,16200,15300,1000001111,527,0
162,8,16200,15300,1000001111,527,0
162,9,16200,15300,1000001110,526,0
162,10,16200,15300,1000001111,527,0
162,11,16200,15300,1000001110,526,0
162,12,16200,15300,1000001111,527,0
162,13,16200,15300,1000001111,527,0
162,14,16200,15300,1000010001,529,0
162,15,16200,15300,1000010001,529,0
162,16,16200,15300,1000010011,531,0
162,17,16200,15300,1000001111,527,0
162,18,16200,15300,1000001111,527,0
162,19,16200,15300,1000001111,527,0
162,20,16200,15300,1000001111,527,0
162,21,16200,15300,1000001111,527,0
162,22,16200,15300,1000001111,527,0
162,23,16200,15300,1000001111,527,0
162,24,16200,15300,1000001110,526,0
162,25,16200,15300,1000001111,527,0
162,26,16200,15300,1000001111,527,0
162,27,16200,15300,1000001111,527,0
162,28,16200,15300,1000010001,529,0
162,29,16200,15300,1000001111,527,0
162,30,16200,15300,1000010010,530,0
162,31,16200,15300,1000010011,531,0
162,32,16200,15300,1000010001,529,0
162,33,16200,15300,1000010001,529,0
162,34,16200,15300,1000001111,527,0
162,35,16200,15300,1000001111,527,0
162,36,16200,15300,1000010000,528,0
162,37,16200,15300,1000001111,527,0
162,38,16200,15300,1000001111,527,0
162,39,16200,15300,1000001110,526,0
162,40,16200,15300,1000001110,526,0
162,41,16200,15300,1000001111,527,0
162,42,16200,15300,1000001111,527,0
162,43,16200,15300,1000010010,530,0
162,44,16200,15300,1000001111,527,0
162,45,16200,15300,1000010011,531,0
162,46,16200,15300,1000001111,527,0
162,47,16200,15300,1000010001,529,0
162,48,16200,15300,1000010000,528,0
162,49,16200,15300,1000010001,529,0
163,0,16300,15200,1000010011,531,0
163,1,16300,15200,1000010011,531,0
163,2,16300,15200,1000010011,531,0
163,3,16300,15200,1000010100,532,0
163,4,16300,15200,1000010011,531,0
163,5,16300,15200,1000010011,531,0
163,6,16300,15200,1000010011,531,0
163,7,16300,15200,1000010100,532,0
163,8,16300,15200,1000010011,531,0
163,9,16300,15200,1000010100,532,0
163,10,16300,15200,1000010110,534,0
163,11,16300,15200,1000010100,532,0
163,12,16300,15200,1000010100,532,0
163,13,16300,15200,1000010100,532,0
163,14,16300,15200,1000010100,532,0
163,15,16300,15200,1000010100,532,0
163,16,16300,15200,1000010011,531,0
163,17,16300,15200,1000010011,531,0
163,18,16300,15200,1000010010,530,0
163,19,16300,15200,1000010011,531,0
163,20,16300,15200,1000010011,531,0
163,21,16300,15200,1000010100,532,0
163,22,16300,15200,1000010011,531,0
163,23,16300,15200,1000010101,533,0
163,24,16300,15200,1000010101,533,0
163,25,16300,15200,1000010100,532,0
163,26,16300,15200,1000010100,532,0
163,27,16300,15200,1000010100,532,0
163,28,16300,15200,1000010100,532,0
163,29,16300,15200,1000010100,532,0
163,30,16300,15200,1000010011,531,0
163,31,16300,15200,1000010100,532,0
163,32,16300,15200,1000010100,532,0
163,33,16300,15200,1000010011,531,0
163,34,16300,15200,1000010010,530,0
163,35,16300,15200,1000010011,531,0
163,36,16300,15200,1000010011,531,0
163,37,16300,15200,1000010011,531,0
163,38,16300,15200,1000010100,532,0
163,39,16300,15200,1000010110,534,0
163,40,16300,15200,1000010100,532,0
163,41,16300,15200,1000010100,532,0
163,42,16300,15200,1000010100,532,0
163,43,16300,15200,1000010011,531,0
163,44,16300,15200,1000010100,532,0
163,45,16300,15200,1000010100,532,0
163,46,16300,15200,1000010100,532,0
163,47,16300,15200,1000010011,531,0
163,48,16300,15200,1000010011,531,0
163,49,16300,15200,1000010011,531,0
164,0,16400,15100,1000010111,535,0
164,1,16400,15100,1000010111,535,0
164,2,16400,15100,1000010111,535,0
164,3,16400,15100,1000010111,535,0
164,4,16400,15100,1000010110,534,0
164,5,16400,15100,1000010110,534,0
164,6,16400,15100,1000010111,535,0
164,7,16400,15100,1000010111,535,0
164,8,16400,15100,1000010111,535,0
164,9,16400,15100,1000010111,535,0
164,10,16400,15100,1000010111,535,0
164,11,16400,15100,1000011010,538,0
164,12,16400,15100,1000010111,535,0
164,13,16400,15100,1000010111,535,0
164,14,16400,15100,1000011000,536,0
164,15,16400,15100,1000010111,535,0
164,16,16400,15100,1000010111,535,0
164,17,16400,15100,1000010111,535,0
164,18,16400,15100,1000010111,535,0
164,19,16400,15100,1000010110,534,0
164,20,16400,15100,1000010110,534,0
164,21,16400,15100,1000010111,535,0
164,22,16400,15100,1000010111,535,0
164,23,16400,15100,1000010111,535,0
164,24,16400,15100,1000011000,536,0
164,25,16400,15100,1000011001,537,0
164,26,16400,15100,1000010111,535,0
164,27,16400,15100,1000011010,538,0
164,28,16400,15100,1000010111,535,0
164,29,16400,15100,1000011000,536,0
164,30,16400,15100,1000010111,535,0
164,31,16400,15100,1000011000,536,0
164,32,16400,15100,1000010111,535,0
164,33,16400,15100,1000010111,535,0
164,34,16400,15100,1000010110,534,0
164,35,16400,15100,1000010111,535,0
164,36,16400,15100,1000010110,534,0
164,37,16400,15100,1000010111,535,0
164,38,16400,15100,1000010111,535,0
164,39,16400,15100,1000010111,535,0
164,40,16400,15100,1000010111,535,0
164,41,16400,15100,1000011000,536,0
164,42,16400,15100,1000010111,535,0
164,43,16400,15100,1000011000,536,0
164,44,16400,15100,1000011000,536,0
164,45,16400,15100,1000010111,535,0
164,46,16400,15100,1000010111,535,0
164,47,16400,15100,1000010111,535,0
164,48,16400,15100,1000010111,535,0
164,49,16400,15100,1000010110,534,0
165,0,16500,15000,1000011011,539,0
165,1,16500,15000,1000011011,539,0
165,2,16500,15000,1000011011,539,0
165,3,16500,15000,1000011011,539,0
165,4,16500,15000,1000011011,539,0
165,5,16500,15000,1000011010,538,0
165,6,16500,15000,1000011010,538,0
165,7,16500,15000,1000011011,539,0
165,8,16500,15000,1000011010,538,0
165,9,16500,15000,1000011010,538,0
165,10,16500,15000,1000011010,538,0
165,11,16500,15000,1000011001,537,0
165,12,16500,15000,1000011010,538,0
165,13,16500,15000,1000011010,538,0
165,14,16500,15000,1000011010,538,0
165,15,16500,15000,1000011011,539,0
165,16,16500,15000,1000011011,539,0
165,17,16500,15000,1000011101,541,0
165,18,16500,15000,1000011101,541,0
165,19,16500,15000,1000011011,539,0
165,20,16500,15000,1000011111,543,0
165,21,16500,15000,1000011100,540,0
165,22,16500,15000,1000011011,539,0
165,23,16500,15000,1000011011,539,0
165,24,16500,15000,1000011011,539,0
165,25,16500,15000,1000011011,539,0
165,26,16500,15000,1000011011,539,0
165,27,16500,15000,1000011011,539,0
165,28,16500,15000,1000011010,538,0
165,29,16500,15000,1000011011,539,0
165,30,16500,15000,1000011010,538,0
165,31,16500,15000,1000011001,537,0
165,32,16500,15000,1000011011,539,0
165,33,16500,15000,1000011011,539,0
165,34,16500,15000,1000011010,538,0
165,35,16500,15000,1000011100,540,0
165,36,16500,15000,1000011110,542,0
165,37,16500,15000,1000011100,540,0
165,38,16500,15000,1000011011,539,0
165,39,16500,15000,1000011010,538,0
165,40,16500,15000,1000011011,539,0
165,41,16500,15000,1000011010,538,0
165,42,16500,15000,1000011100,540,0
165,43,16500,15000,1000011011,539,0
165,44,16500,15000,1000011100,540,0
165,45,16500,15000,1000011011,539,0
165,46,16500,15000,1000011010,538,0
165,47,16500,15000,1000011011,539,0
165,48,16500,15000,1000011011,539,0
165,49,16500,15000,1000011011,539,0
166,0,16600,14900,1000011110,542,0
166,1,16600,14900,1000011110,542,0
166,2,16600,14900,1000011110,542,0
166,3,16600,14900,1000011110,542,0
166,4,16600,14900,1000011110,542,0
166,5,16600,14900,1000011111,543,0
166,6,16600,14900,1000011110,542,0
166,7,16600,14900,1000011101,541,0
166,8,16600,14900,1000100000,544,0
166,9,16600,14900,1000011110,542,0
166,10,16600,14900,1000011110,542,0
166,11,16600,14900,1000011110,542,0
166,12,16600,14900,1000011111,543,0
166,13,16600,14900,1000011101,541,0
166,14,16600,14900,1000011111,543,0
166,15,16600,14900,1000011110,542,0
166,16,16600,14900,1000011110,542,0
166,17,16600,14900,1000011110,542,0
166,18,16600,14900,1000011101,541,0
166,19,16600,14900,1000011110,542,0
166,20,16600,14900,1000011100,540,0
166,21,16600,14900,1000011100,540,0
166,22,16600,14900,1000011110,542,0
166,23,16600,14900,1000011110,542,0
166,24,16600,14900,1000011111,543,0
166,25,16600,14900,1000011110,542,0
166,26,16600,14900,1000100000,544,0
166,27,16600,14900,1000011101,541,0
166,28,16600,14900,1000100000,544,0
166,29,16600,14900,1000011110,542,0
166,30,16600,14900,1000011111,543,0
166,31,16600,14900,1000011111,543,0
166,32,16600,14900,1000011111,543,0
166,33,16600,14900,1000011110,542,0
166,34,16600,14900,1000011110,542,0
166,35,16600,14900,1000011110,542,0
166,36,16600,14900,1000011101,541,0
166,37,16600,14900,1000011100,540,0
166,38,16600,14900,1000011110,542,0
166,39,16600,14900,1000011110,542,0
166,40,16600,14900,1000011110,542,0
166,41,16600,14900,1000100000,544,0
166,42,16600,14900,1000011110,542,0
166,43,16600,14900,1000011110,542,0
166,44,16600,14900,1000100000,544,0
166,45,16600,14900,1000011101,541,0
166,46,16600,14900,1000100000,544,0
166,47,16600,14900,1000011110,542,0
166,48,16600,14900,1000011111,543,0
166,49,16600,14900,1000011101,541,0
167,0,16700,14800,1000100000,544,0
167,1,16700,14800,1000100000,544,0
167,2,16700,14800,1000100000,544,0
167,3,16700,14800,1000100000,544,0
167,4,16700,14800,1000100000,544,0
167,5,16700,14800,1000100000,544,0
167,6,16700,14800,1000100000,544,0
167,7,16700,14800,1000100000,544,0
167,8,16700,14800,1000100000,544,0
167,9,16700,14800,1000100000,544,0
167,10,16700,14800,1000100000,544,0
167,11,16700,14800,1000100000,544,0
167,12,16700,14800,1000100000,544,0
167,13,16700,14800,1000100000,544,0
167,14,16700,14800,1000100000,544,0
167,15,16700,14800,1000100000,544,0
167,16,16700,14800,1000100000,544,0
167,17,16700,14800,1000100000,544,0
167,18,16700,14800,1000100000,544,0
167,19,16700,14800,1000100000,544,0
167,20,16700,14800,1000100000,544,0
167,21,16700,14800,1000100000,544,0
167,22,16700,14800,1000100000,544,0
167,23,16700,14800,1000100000,544,0
167,24,16700,14800,1000100000,544,0
167,25,16700,14800,1000100000,544,0
167,26,16700,14800,1000100000,544,0
167,27,16700,14800,1000100000,544,0
167,28,16700,14800,1000100000,544,0
167,29,16700,14800,1000100000,544,0
167,30,16700,14800,1000100000,544,0
167,31,16700,14800,1000100000,544,0
167,32,16700,14800,1000100000,544,0
167,33,16700,14800,1000100000,544,0
167,34,16700,14800,1000100000,544,0
167,35,16700,14800,1000100000,544,0
167,36,16700,14800,1000100000,544,0
167,37,16700,14800,1000100000,544,0
167,38,16700,14800,1000100000,544,0
167,39,16700,14800,1000100000,544,0
167,40,16700,14800,1000100000,544,0
167,41,16700,14800,1000100000,544,0
167,42,16700,14800,1000100000,544,0
167,43,16700,14800,1000100000,544,0
167,44,16700,14800,1000100000,544,0
167,45,16700,14800,1000100000,544,0
167,46,16700,14800,1000011111,543,0
167,47,16700,14800,1000100000,544,0
167,48,16700,14800,1000100000,544,0
167,49,16700,14800,1000100000,544,0
168,0,16800,14700,1000100001,545,0
168,1,16800,14700,1000100010,546,0
168,2,16800,14700,1011111111,767,0
168,3,16800,14700,1000100001,545,0
168,4,16800,14700,1000100001,545,0
168,5,16800,14700,1000100001,545,0
168,6,16800,14700,1000100001,545,0
168,7,16800,14700,1000100001,545,0
168,8,16800,14700,1000100001,545,0
168,9,16800,14700,1000100001,545,0
168,10,16800,14700,1000100000,544,0
168,11,16800,14700,1000100001,545,0
168,12,16800,14700,1000100001,545,0
168,13,16800,14700,1000100010,546,0
168,14,16800,14700,1000100010,546,0
168,15,16800,14700,1000100010,546,0
168,16,16800,14700,1000100001,545,0
168,17,16800,14700,1000100001,545,0
168,18,16800,14700,1000100011,547,0
168,19,16800,14700,1000100010,546,0
168,20,16800,14700,1000100001,545,0
168,21,16800,14700,1000100010,546,0
168,22,16800,14700,1000100010,546,0
168,23,16800,14700,1000100001,545,0
168,24,16800,14700,1000100001,545,0
168,25,16800,14700,1000100001,545,0
168,26,16800,14700,1000100001,545,0
168,27,16800,14700,1000100001,545,0
168,28,16800,14700,1000100001,545,0
168,29,16800,14700,1000100001,545,0
168,30,16800,14700,1000100001,545,0
168,31,16800,14700,1000100001,545,0
168,32,16800,14700,1000100010,546,0
168,33,16800,14700,1000100010,546,0
168,34,16800,14700,1000100001,545,0
168,35,16800,14700,1000100010,546,0
168,36,16800,14700,1000100011,547,0
168,37,16800,14700,1000100010,546,0
168,38,16800,14700,1000100010,546,0
168,39,16800,14700,1000100001,545,0
168,40,16800,14700,1000100010,546,0
168,41,16800,14700,1000100001,545,0
168,42,16800,14700,1000100001,545,0
168,43,16800,14700,1000100001,545,0
168,44,16800,14700,1000100001,545,0
168,45,16800,14700,1000100001,545,0
168,46,16800,14700,1000100001,545,0
168,47,16800,14700,1000100000,544,0
168,48,16800,14700,1000100001,545,0
168,49,16800,14700,1000100000,544,0
169,0,16900,14600,1000100101,549,0
169,1,16900,14600,1000100110,550,0
169,2,16900,14600,1000100101,549,0
169,3,16900,14600,1000100110,550,0
169,4,16900,14600,1000100110,550,0
169,5,16900,14600,1000100100,548,0
169,6,16900,14600,1000100110,550,0
169,7,16900,14600,1000100101,549,0
169,8,16900,14600,1000100101,549,0
169,9,16900,14600,1000100101,549,0
169,10,16900,14600,1000100101,549,0
169,11,16900,14600,1000100100,548,0
169,12,16900,14600,1000100100,548,0
169,13,16900,14600,1000100101,549,0
169,14,16900,14600,1000100100,548,0
169,15,16900,14600,1000100100,548,0
169,16,16900,14600,1000100101,549,0
169,17,16900,14600,1000100101,549,0
169,18,16900,14600,1000100100,548,0
169,19,16900,14600,1000100110,550,0
169,20,16900,14600,1000100110,550,0
169,21,16900,14600,1000100101,549,0
169,22,16900,14600,1000100111,551,0
169,23,16900,14600,1000100101,549,0
169,24,16900,14600,1000100100,548,0
169,25,16900,14600,1000100110,550,0
169,26,16900,14600,1000100110,550,0
169,27,16900,14600,1000100101,549,0
169,28,16900,14600,1000100110,550,0
169,29,16900,14600,1000100101,549,0
169,30,16900,14600,1000100100,548,0
169,31,16900,14600,1000100100,548,0
169,32,16900,14600,1000100100,548,0
169,33,16900,14600,1000100101,549,0
169,34,16900,14600,1000100100,548,0
169,35,16900,14600,1000100100,548,0
169,36,16900,14600,1000100100,548,0
169,37,16900,14600,1000100100,548,0
169,38,16900,14600,1000100101,549,0
169,39,16900,14600,1000100101,549,0
169,40,16900,14600,1000100101,549,0
169,41,16900,14600,1000100110,550,0
169,42,16900,14600,1000100110,550,0
169,43,16900,14600,1000100101,549,0
169,44,16900,14600,1000100110,550,0
169,45,16900,14600,1000100101,549,0
169,46,16900,14600,1000100101,549,0
169,47,16900,14600,1000100101,549,0
169,48,16900,14600,1000100101,549,0
169,49,16900,14600,1000100101,549,0
170,0,17000,14500,1000101000,552,0
170,1,17000,14500,1000101000,552,0
170,2,17000,14500,1000101000,552,0
170,3,17000,14500,1000100111,551,0
170,4,17000,14500,1000101000,552,0
170,5,17000,14500,1000101000,552,0
170,6,17000,14500,1000101000,552,0
170,7,17000,14500,1000101000,552,0
170,8,17000,14500,1000101000,552,0
170,9,17000,14500,1000101001,553,0
170,10,17000,14500,1000101010,554,0
170,11,17000,14500,1000101000,552,0
170,12,17000,14500,1000101010,554,0
170,13,17000,14500,1000101001,553,0
170,14,17000,14500,1000101000,552,0
170,15,17000,14500,1000101001,553,0
170,16,17000,14500,1000101000,552,0
170,17,17000,14500,1000101000,552,0
170,18,17000,14500,1000101000,552,0
170,19,17000,14500,1000101000,552,0
170,20,17000,14500,1000100111,551,0
170,21,17000,14500,1000100111,551,0
170,22,17000,14500,1000100111,551,0
170,23,17000,14500,1000101000,552,0
170,24,17000,14500,1000101000,552,0
170,25,17000,14500,1000101000,552,0
170,26,17000,14500,1000101001,553,0
170,27,17000,14500,1000101000,552,0
170,28,17000,14500,1000101010,554,0
170,29,17000,14500,1000101010,554,0
170,30,17000,14500,1000101000,552,0
170,31,17000,14500,1000101000,552,0
170,32,17000,14500,1000101001,553,0
170,33,17000,14500,1000101000,552,0
170,34,17000,14500,1000101000,552,0
170,35,17000,14500,1000101000,552,0
170,36,17000,14500,1000101000,552,0
170,37,17000,14500,1000101000,552,0
170,38,17000,14500,1000101000,552,0
170,39,17000,14500,1000101000,552,0
170,40,17000,14500,1000100111,551,0
170,41,17000,14500,1000100111,551,0
170,42,17000,14500,1000101000,552,0
170,43,17000,14500,1000100111,551,0
170,44,17000,14500,1000101000,552,0
170,45,17000,14500,1000101000,552,0
170,46,17000,14500,1000101000,552,0
170,47,17000,14500,1000101000,552,0
170,48,17000,14500,1000101000,552,0
170,49,17000,14500,1000101000,552,0
171,0,17100,14400,1000101100,556,0
171,1,17100,14400,1000101100,556,0
171,2,17100,14400,1000101100,556,0
171,3,17100,14400,1000101100,556,0
171,4,17100,14400,1000101100,556,0
171,5,17100,14400,1000101100,556,0
171,6,17100,14400,1000101011,555,0
171,7,17100,14400,1000101011,555,0
171,8,17100,14400,1000101011,555,0
171,9,17100,14400,1000101100,556,0
171,10,17100,14400,1000101100,556,0
171,11,17100,14400,1000101011,555,0
171,12,17100,14400,1000101011,555,0
171,13,17100,14400,1000101100,556,0
171,14,17100,14400,1000101100,556,0
171,15,17100,14400,1000101011,555,0
171,16,17100,14400,1000101101,557,0
171,17,17100,14400,1000101100,556,0
171,18,17100,14400,1000101110,558,0
171,19,17100,14400,1000101100,556,0
171,20,17100,14400,1000101100,556,0
171,21,17100,14400,1000101100,556,0
171,22,17100,14400,1000101100,556,0
171,23,17100,14400,1000101100,556,0
171,24,17100,14400,1000101100,556,0
171,25,17100,14400,1000101100,556,0
171,26,17100,14400,1000101100,556,0
171,27,17100,14400,1000101011,555,0
171,28,17100,14400,1000101100,556,0
171,29,17100,14400,1000101011,555,0
171,30,17100,14400,1000101100,556,0
171,31,17100,14400,1000101100,556,0
171,32,17100,14400,1000101010,554,0
171,33,17100,14400,1000101011,555,0
171,34,17100,14400,1000101011,555,0
171,35,17100,14400,1000101100,556,0
171,36,17100,14400,1000101110,558,0
171,37,17100,14400,1000101011,555,0
171,38,17100,14400,1000101101,557,0
171,39,17100,14400,1000101101,557,0
171,40,17100,14400,1000101100,556,0
171,41,17100,14400,1000101100,556,0
171,42,17100,14400,1000101100,556,0
171,43,17100,14400,1000101011,555,0
171,44,17100,14400,1000101100,556,0
171,45,17100,14400,1000101100,556,0
171,46,17100,14400,1000101011,555,0
171,47,17100,14400,1000101011,555,0
171,48,17100,14400,1000101011,555,0
171,49,17100,14400,1000101100,556,0
172,0,17200,14300,1000101110,558,0
172,1,17200,14300,1000101110,558,0
172,2,17200,14300,1000101111,559,0
172,3,17200,14300,1000101111,559,0
172,4,17200,14300,1000101111,559,0
172,5,17200,14300,1000110001,561,0
172,6,17200,14300,1000110010,562,0
172,7,17200,14300,1000101111,559,0
172,8,17200,14300,1000101111,559,0
172,9,17200,14300,1000110001,561,0
172,10,17200,14300,1000110001,561,0
172,11,17200,14300,1000101111,559,0
172,12,17200,14300,1000101111,559,0
172,13,17200,14300,1000110001,561,0
172,14,17200,14300,1000110000,560,0
172,15,17200,14300,1000101111,559,0
172,16,17200,14300,1000101111,559,0
172,17,17200,14300,1000101110,558,0
172,18,17200,14300,1000101110,558,0
172,19,17200,14300,1000101111,559,0
172,20,17200,14300,1000101111,559,0
172,21,17200,14300,1000101111,559,0
172,22,17200,14300,1000101111,559,0
172,23,17200,14300,1000101111,559,0
172,24,17200,14300,1000110010,562,0
172,25,17200,14300,1000101111,559,0
172,26,17200,14300,1000101111,559,0
172,27,17200,14300,1000110011,563,0
172,28,17200,14300,1000110001,561,0
172,29,17200,14300,1000101111,559,0
172,30,17200,14300,1000101111,559,0
172,31,17200,14300,1000101111,559,0
172,32,17200,14300,1000101111,559,0
172,33,17200,14300,1000101111,559,0
172,34,17200,14300,1000110000,560,0
172,35,17200,14300,1000101111,559,0
172,36,17200,14300,1000101111,559,0
172,37,17200,14300,1000101111,559,0
172,38,17200,14300,1000101111,559,0
172,39,17200,14300,1000101110,558,0
172,40,17200,14300,1000101111,559,0
172,41,17200,14300,1000101110,558,0
172,42,17200,14300,1000101110,558,0
172,43,17200,14300,1000110000,560,0
172,44,17200,14300,1000101111,559,0
172,45,17200,14300,1000110000,560,0
172,46,17200,14300,1000101111,559,0
172,47,17200,14300,1000101111,559,0
172,48,17200,14300,1000110010,562,0
172,49,17200,14300,1000110010,562,0
173,0,17300,14200,1000110100,564,0
173,1,17300,14200,1000110100,564,0
173,2,17300,14200,1000110100,564,0
173,3,17300,14200,1000110011,563,0
173,4,17300,14200,1000110011,563,0
173,5,17300,14200,1000110011,563,0
173,6,17300,14200,1000110011,563,0
173,7,17300,14200,1000110011,563,0
173,8,17300,14200,1000110011,563,0
173,9,17300,14200,1000110011,563,0
173,10,17300,14200,1000110011,563,0
173,11,17300,14200,1000110010,562,0
173,12,17300,14200,1000110011,563,0
173,13,17300,14200,1000110011,563,0
173,14,17300,14200,1000110100,564,0
173,15,17300,14200,1000110011,563,0
173,16,17300,14200,1000110100,564,0
173,17,17300,14200,1000110110,566,0
173,18,17300,14200,1000110100,564,0
173,19,17300,14200,1000110100,564,0
173,20,17300,14200,1000110100,564,0
173,21,17300,14200,1000110100,564,0
173,22,17300,14200,1000110100,564,0
173,23,17300,14200,1000110011,563,0
173,24,17300,14200,1000110100,564,0
173,25,17300,14200,1000110011,563,0
173,26,17300,14200,1000110011,563,0
173,27,17300,14200,1000110011,563,0
173,28,17300,14200,1000110011,563,0
173,29,17300,14200,1000110010,562,0
173,30,17300,14200,1000110011,563,0
173,31,17300,14200,1000110011,563,0
173,32,17300,14200,1000110011,563,0
173,33,17300,14200,1000110011,563,0
173,34,17300,14200,1000110011,563,0
173,35,17300,14200,1000110100,564,0
173,36,17300,14200,1000110011,563,0
173,37,17300,14200,1000110100,564,0
173,38,17300,14200,1000110111,567,0
173,39,17300,14200,1000110110,566,0
173,40,17300,14200,1000110100,564,0
173,41,17300,14200,1000110011,563,0
173,42,17300,14200,1000110100,564,0
173,43,17300,14200,1000110011,563,0
173,44,17300,14200,1000110011,563,0
173,45,17300,14200,1000110011,563,0
173,46,17300,14200,1000110011,563,0
173,47,17300,14200,1000110011,563,0
173,48,17300,14200,1000110010,562,0
173,49,17300,14200,1000110011,563,0
174,0,17400,14100,1000110111,567,0
174,1,17400,14100,1000110111,567,0
174,2,17400,14100,1000111000,568,0
174,3,17400,14100,1000111000,568,0
174,4,17400,14100,1000110111,567,0
174,5,17400,14100,1000110111,567,0
174,6,17400,14100,1000111001,569,0
174,7,17400,14100,1000110111,567,0
174,8,17400,14100,1000111010,570,0
174,9,17400,14100,1000111000,568,0
174,10,17400,14100,1000111000,568,0
174,11,17400,14100,1000111000,568,0
174,12,17400,14100,1000111000,568,0
174,13,17400,14100,1000110111,567,0
174,14,17400,14100,1000111000,568,0
174,15,17400,14100,1000110111,567,0
174,16,17400,14100,1000110111,567,0
174,17,17400,14100,1000110111,567,0
174,18,17400,14100,1000110111,567,0
174,19,17400,14100,1000110111,567,0
174,20,17400,14100,1000110111,567,0
174,21,17400,14100,1000110110,566,0
174,22,17400,14100,1000110111,567,0
174,23,17400,14100,1000110110,566,0
174,24,17400,14100,1000110111,567,0
174,25,17400,14100,1000110110,566,0
174,26,17400,14100,1000110111,567,0
174,27,17400,14100,1000110111,567,0
174,28,17400,14100,1000110111,567,0
174,29,17400,14100,1000110111,567,0
174,30,17400,14100,1000110111,567,0
174,31,17400,14100,1000111010,570,0
174,32,17400,14100,1000110111,567,0
174,33,17400,14100,1000110111,567,0
174,34,17400,14100,1000111000,568,0
174,35,17400,14100,1000110111,567,0
174,36,17400,14100,1000110111,567,0
174,37,17400,14100,1000110111,567,0
174,38,17400,14100,1000110110,566,0
174,39,17400,14100,1000110111,567,0
174,40,17400,14100,1000110110,566,0
174,41,17400,14100,1000110111,567,0
174,42,17400,14100,1000110111,567,0
174,43,17400,14100,1000111000,568,0
174,44,17400,14100,1000110111,567,0
174,45,17400,14100,1000111001,569,0
174,46,17400,14100,1000111010,570,0
174,47,17400,14100,1000111000,568,0
174,48,17400,14100,1000111000,568,0
174,49,17400,14100,1000110111,567,0
175,0,17500,14000,1000111010,570,0
175,1,17500,14000,1000111010,570,0
175,2,17500,14000,1000111011,571,0
175,3,17500,14000,1000111010,570,0
175,4,17500,14000,1000111001,569,0
175,5,17500,14000,1000111010,570,0
175,6,17500,14000,1000111010,570,0
175,7,17500,14000,1000111010,570,0
175,8,17500,14000,1000111011,571,0
175,9,17500,14000,1000111100,572,0
175,10,17500,14000,1000111011,571,0
175,11,17500,14000,1000111011,571,0
175,12,17500,14000,1000111011,571,0
175,13,17500,14000,1000111011,571,0
175,14,17500,14000,1000111010,570,0
175,15,17500,14000,1000111011,571,0
175,16,17500,14000,1000111010,570,0
175,17,17500,14000,1000111010,570,0
175,18,17500,14000,1000111010,570,0
175,19,17500,14000,1000111001,569,0
175,20,17500,14000,1000111001,569,0
175,21,17500,14000,1000111001,569,0
175,22,17500,14000,1000111010,570,0
175,23,17500,14000,1000111010,570,0
175,24,17500,14000,1000111011,571,0
175,25,17500,14000,1000111010,570,0
175,26,17500,14000,1000111011,571,0
175,27,17500,14000,1000111100,572,0
175,28,17500,14000,1000111010,570,0
175,29,17500,14000,1000111010,570,0
175,30,17500,14000,1000111010,570,0
175,31,17500,14000,1000111011,571,0
175,32,17500,14000,1000111010,570,0
175,33,17500,14000,1000111011,571,0
175,34,17500,14000,1000111100,572,0
175,35,17500,14000,1000111011,571,0
175,36,17500,14000,1000111100,572,0
175,37,17500,14000,1000111010,570,0
175,38,17500,14000,1000111010,570,0
175,39,17500,14000,1000111011,571,0
175,40,17500,14000,1000111011,571,0
175,41,17500,14000,1000111001,569,0
175,42,17500,14000,1000111010,570,0
175,43,17500,14000,1000111010,570,0
175,44,17500,14000,1000111010,570,0
175,45,17500,14000,1000111001,569,0
175,46,17500,14000,1000111010,570,0
175,47,17500,14000,1000111010,570,0
175,48,17500,14000,1000111010,570,0
175,49,17500,14000,1000111011,571,0
176,0,17600,13900,1000111110,574,0
176,1,17600,13900,1000111111,575,0
176,2,17600,13900,1000111111,575,0
176,3,17600,13900,1000111110,574,0
176,4,17600,13900,1000111110,574,0
176,5,17600,13900,1000111110,574,0
176,6,17600,13900,1001000000,576,0
176,7,17600,13900,1001000000,576,0
176,8,17600,13900,1001000000,576,0
176,9,17600,13900,1000111101,573,0
176,10,17600,13900,1000111101,573,0
176,11,17600,13900,1000111110,574,0
176,12,17600,13900,1000111110,574,0
176,13,17600,13900,1000111110,574,0
176,14,17600,13900,1000111111,575,0
176,15,17600,13900,1000111111,575,0
176,16,17600,13900,1000111101,573,0
176,17,17600,13900,1000111111,575,0
176,18,17600,13900,1000111111,575,0
176,19,17600,13900,1000111110,574,0
176,20,17600,13900,1000111101,573,0
176,21,17600,13900,1000111101,573,0
176,22,17600,13900,1000111101,573,0
176,23,17600,13900,1000111101,573,0
176,24,17600,13900,1000111110,574,0
176,25,17600,13900,1000111110,574,0
176,26,17600,13900,1000111101,573,0
176,27,17600,13900,1000111100,572,0
176,28,17600,13900,1000111110,574,0
176,29,17600,13900,1000111110,574,0
176,30,17600,13900,1000111101,573,0
176,31,17600,13900,1000111110,574,0
176,32,17600,13900,1000111110,574,0
176,33,17600,13900,1000111110,574,0
176,34,17600,13900,1000111110,574,0
176,35,17600,13900,1001000000,576,0
176,36,17600,13900,1001000000,576,0
176,37,17600,13900,1000111101,573,0
176,38,17600,13900,1000111101,573,0
176,39,17600,13900,1000111110,574,0
176,40,17600,13900,1000111110,574,0
176,41,17600,13900,1000111111,575,0
176,42,17600,13900,1000111110,574,0
176,43,17600,13900,1000111110,574,0
176,44,17600,13900,1000111110,574,0
176,45,17600,13900,1000111110,574,0
176,46,17600,13900,1000111110,574,0
176,47,17600,13900,1000111101,573,0
176,48,17600,13900,1000111100,572,0
176,49,17600,13900,1000111110,574,0
177,0,17700,13800,1001000000,576,0
177,1,17700,13800,1001000000,576,0
177,2,17700,13800,1001000000,576,0
177,3,17700,13800,1001000000,576,0
177,4,17700,13800,1001000000,576,0
177,5,17700,13800,1001000000,576,0
177,6,17700,13800,1001000000,576,0
177,7,17700,13800,1001000000,576,0
177,8,17700,13800,1001000000,576,0
177,9,17700,13800,1001000000,576,0
177,10,17700,13800,1001000000,576,0
177,11,17700,13800,1001000000,576,0
177,12,17700,13800,1001000000,576,0
177,13,17700,13800,1001000000,576,0
177,14,17700,13800,1001000000,576,0
177,15,17700,13800,1001000000,576,0
177,16,17700,13800,1001000000,576,0
177,17,17700,13800,1001000000,576,0
177,18,17700,13800,1001000000,576,0
177,19,17700,13800,1001000000,576,0
177,20,17700,13800,1001000000,576,0
177,21,17700,13800,1001000000,576,0
177,22,17700,13800,1001000000,576,0
177,23,17700,13800,1001000000,576,0
177,24,17700,13800,1001000000,576,0
177,25,17700,13800,1001000000,576,0
177,26,17700,13800,1001000000,576,0
177,27,17700,13800,1001000000,576,0
177,28,17700,13800,1001000000,576,0
177,29,17700,13800,1001000000,576,0
177,30,17700,13800,1001000000,576,0
177,31,17700,13800,1001000000,576,0
177,32,17700,13800,1001000000,576,0
177,33,17700,13800,1001000000,576,0
177,34,17700,13800,1000111111,575,0
177,35,17700,13800,1001000000,576,0
177,36,17700,13800,1001000000,576,0
177,37,17700,13800,1001000000,576,0
177,38,17700,13800,1001000000,576,0
177,39,17700,13800,1001000000,576,0
177,40,17700,13800,1001000000,576,0
177,41,17700,13800,1001000000,576,0
177,42,17700,13800,1001000000,576,0
177,43,17700,13800,1001000000,576,0
177,44,17700,13800,1001000000,576,0
177,45,17700,13800,1001000000,576,0
177,46,17700,13800,1001000000,576,0
177,47,17700,13800,1001000000,576,0
177,48,17700,13800,1001000000,576,0
177,49,17700,13800,1001000000,576,0
178,0,17800,13700,1001000010,578,0
178,1,17800,13700,1001000010,578,0
178,2,17800,13700,1001000010,578,0
178,3,17800,13700,1001000001,577,0
178,4,17800,13700,1001000010,578,0
178,5,17800,13700,1001000010,578,0
178,6,17800,13700,1001000010,578,0
178,7,17800,13700,1001000010,578,0
178,8,17800,13700,1001000100,580,0
178,9,17800,13700,1001000010,578,0
178,10,17800,13700,1001000011,579,0
178,11,17800,13700,1001000010,578,0
178,12,17800,13700,1001000010,578,0
178,13,17800,13700,1001000011,579,0
178,14,17800,13700,1001000010,578,0
178,15,17800,13700,1001000010,578,0
178,16,17800,13700,1001000010,578,0
178,17,17800,13700,1001000010,578,0
178,18,17800,13700,1001000010,578,0
178,19,17800,13700,1001000010,578,0
178,20,17800,13700,1001000010,578,0
178,21,17800,13700,1001000001,577,0
178,22,17800,13700,1001000010,578,0
178,23,17800,13700,1001000010,578,0
178,24,17800,13700,1001000001,577,0
178,25,17800,13700,1001000010,578,0
178,26,17800,13700,1001000010,578,0
178,27,17800,13700,1001000010,578,0
178,28,17800,13700,1001000011,579,0
178,29,17800,13700,1001000010,578,0
178,30,17800,13700,1001000010,578,0
178,31,17800,13700,1001000010,578,0
178,32,17800,13700,1001000010,578,0
178,33,17800,13700,1001000010,578,0
178,34,17800,13700,1001000010,578,0
178,35,17800,13700,1001000010,578,0
178,36,17800,13700,1001000010,578,0
178,37,17800,13700,1001000010,578,0
178,38,17800,13700,1001000010,578,0
178,39,17800,13700,1001000001,577,0
178,40,17800,13700,1001000001,577,0
178,41,17800,13700,1001000001,577,0
178,42,17800,13700,1001000001,577,0
178,43,17800,13700,1001000010,578,0
178,44,17800,13700,1001000010,578,0
178,45,17800,13700,1001000010,578,0
178,46,17800,13700,1001000010,578,0
178,47,17800,13700,1001000010,578,0
178,48,17800,13700,1001000010,578,0
178,49,17800,13700,1001000010,578,0
179,0,17900,13600,1001000101,581,0
179,1,17900,13600,1001000101,581,0
179,2,17900,13600,1001000101,581,0
179,3,17900,13600,1001000101,581,0
179,4,17900,13600,1001000101,581,0
179,5,17900,13600,1001000101,581,0
179,6,17900,13600,1001000101,581,0
179,7,17900,13600,1001000101,581,0
179,8,17900,13600,1001000101,581,0
179,9,17900,13600,1001000101,581,0
179,10,17900,13600,1001000111,583,0
179,11,17900,13600,1001000111,583,0
179,12,17900,13600,1001000110,582,0
179,13,17900,13600,1001000101,581,0
179,14,17900,13600,1001000110,582,0
179,15,17900,13600,1001000101,581,0
179,16,17900,13600,1001000101,581,0
179,17,17900,13600,1001000101,581,0
179,18,17900,13600,1001000110,582,0
179,19,17900,13600,1001000101,581,0
179,20,17900,13600,1001000101,581,0
179,21,17900,13600,1001000101,581,0
179,22,17900,13600,1001000100,580,0
179,23,17900,13600,1001000101,581,0
179,24,17900,13600,1001000100,580,0
179,25,17900,13600,1001000101,581,0
179,26,17900,13600,1001000110,582,0
179,27,17900,13600,1001000110,582,0
179,28,17900,13600,1001000101,581,0
179,29,17900,13600,1001000110,582,0
179,30,17900,13600,1001000111,583,0
179,31,17900,13600,1001000110,582,0
179,32,17900,13600,1001000110,582,0
179,33,17900,13600,1001000101,581,0
179,34,17900,13600,1001000110,582,0
179,35,17900,13600,1001000110,582,0
179,36,17900,13600,1001000110,582,0
179,37,17900,13600,1001000101,581,0
179,38,17900,13600,1001000101,581,0
179,39,17900,13600,1001000101,581,0
179,40,17900,13600,1001000101,581,0
179,41,17900,13600,1001000110,582,0
179,42,17900,13600,1001000101,581,0
179,43,17900,13600,1001000101,581,0
179,44,17900,13600,1001000101,581,0
179,45,17900,13600,1001000101,581,0
179,46,17900,13600,1001000101,581,0
179,47,17900,13600,1001000110,582,0
179,48,17900,13600,1001000110,582,0
179,49,17900,13600,1001000110,582,0
180,0,18000,13500,1001001001,585,0
180,1,18000,13500,1001001001,585,0
180,2,18000,13500,1001001000,584,0
180,3,18000,13500,1001001001,585,0
180,4,18000,13500,1001001000,584,0
180,5,18000,13500,1001001000,584,0
180,6,18000,13500,1001001000,584,0
180,7,18000,13500,1001001000,584,0
180,8,18000,13500,1001001000,584,0
180,9,18000,13500,1001001000,584,0
180,10,18000,13500,1001001001,585,0
180,11,18000,13500,1001001010,586,0
180,12,18000,13500,1001001011,587,0
180,13,18000,13500,1001001001,585,0
180,14,18000,13500,1001001000,584,0
180,15,18000,13500,1001001001,585,0
180,16,18000,13500,1001001001,585,0
180,17,18000,13500,1001001001,585,0
180,18,18000,13500,1001001001,585,0
180,19,18000,13500,1001001001,585,0
180,20,18000,13500,1001001001,585,0
180,21,18000,13500,1001001000,584,0
180,22,18000,13500,1001001000,584,0
180,23,18000,13500,1001001000,584,0
180,24,18000,13500,1001001001,585,0
180,25,18000,13500,1001001001,585,0
180,26,18000,13500,1001001001,585,0
180,27,18000,13500,1001001001,585,0
180,28,18000,13500,1001001000,584,0
180,29,18000,13500,1001001001,585,0
180,30,18000,13500,1001001011,587,0
180,31,18000,13500,1001001001,585,0
180,32,18000,13500,1001001000,584,0
180,33,18000,13500,1001001001,585,0
180,34,18000,13500,1001001001,585,0
180,35,18000,13500,1001001001,585,0
180,36,18000,13500,1001001001,585,0
180,37,18000,13500,1001001001,585,0
180,38,18000,13500,1001001000,584,0
180,39,18000,13500,1001001001,585,0
180,40,18000,13500,1001001001,585,0
180,41,18000,13500,1001001001,585,0
180,42,18000,13500,1001001000,584,0
180,43,18000,13500,1001001001,585,0
180,44,18000,13500,1001001000,584,0
180,45,18000,13500,1001001000,584,0
180,46,18000,13500,1001001000,584,0
180,47,18000,13500,1001001001,585,0
180,48,18000,13500,1001001001,585,0
180,49,18000,13500,1001001001,585,0
181,0,18100,13400,1001001101,589,0
181,1,18100,13400,1001001100,588,0
181,2,18100,13400,1001001101,589,0
181,3,18100,13400,1001001101,589,0
181,4,18100,13400,1001001100,588,0
181,5,18100,13400,1001001100,588,0
181,6,18100,13400,1001001100,588,0
181,7,18100,13400,1001001100,588,0
181,8,18100,13400,1001001100,588,0
181,9,18100,13400,1001001011,587,0
181,10,18100,13400,1001001100,588,0
181,11,18100,13400,1001001100,588,0
181,12,18100,13400,1001001100,588,0
181,13,18100,13400,1001001100,588,0
181,14,18100,13400,1001001100,588,0
181,15,18100,13400,1001001100,588,0
181,16,18100,13400,1001001100,588,0
181,17,18100,13400,1001001100,588,0
181,18,18100,13400,1001001110,590,0
181,19,18100,13400,1001001101,589,0
181,20,18100,13400,1001001100,588,0
181,21,18100,13400,1001001101,589,0
181,22,18100,13400,1001001100,588,0
181,23,18100,13400,1001001100,588,0
181,24,18100,13400,1001001100,588,0
181,25,18100,13400,1001001100,588,0
181,26,18100,13400,1001001100,588,0
181,27,18100,13400,1001001100,588,0
181,28,18100,13400,1001001011,587,0
181,29,18100,13400,1001001100,588,0
181,30,18100,13400,1001001100,588,0
181,31,18100,13400,1001001100,588,0
181,32,18100,13400,1001001100,588,0
181,33,18100,13400,1001001101,589,0
181,34,18100,13400,1001001100,588,0
181,35,18100,13400,1001001101,589,0
181,36,18100,13400,1001001100,588,0
181,37,18100,13400,1001001100,588,0
181,38,18100,13400,1001001101,589,0
181,39,18100,13400,1001001101,589,0
181,40,18100,13400,1001001100,588,0
181,41,18100,13400,1001001101,589,0
181,42,18100,13400,1001001100,588,0
181,43,18100,13400,1001001100,588,0
181,44,18100,13400,1001001100,588,0
181,45,18100,13400,1001001100,588,0
181,46,18100,13400,1001001100,588,0
181,47,18100,13400,1001001100,588,0
181,48,18100,13400,1001001100,588,0
181,49,18100,13400,1001001100,588,0
182,0,18200,13300,1001001111,591,0
182,1,18200,13300,1001001111,591,0
182,2,18200,13300,1001001111,591,0
182,3,18200,13300,1001010000,592,0
182,4,18200,13300,1001010000,592,0
182,5,18200,13300,1001001111,591,0
182,6,18200,13300,1001010001,593,0
182,7,18200,13300,1001001111,591,0
182,8,18200,13300,1001010000,592,0
182,9,18200,13300,1001010010,594,0
182,10,18200,13300,1001010001,593,0
182,11,18200,13300,1001010001,593,0
182,12,18200,13300,1001001111,591,0
182,13,18200,13300,1001010000,592,0
182,14,18200,13300,1001010001,593,0
182,15,18200,13300,1001010000,592,0
182,16,18200,13300,1001001111,591,0
182,17,18200,13300,1001001111,591,0
182,18,18200,13300,1001001111,591,0
182,19,18200,13300,1001001111,591,0
182,20,18200,13300,1001001111,591,0
182,21,18200,13300,1001001111,591,0
182,22,18200,13300,1001001111,591,0
182,23,18200,13300,1001010001,593,0
182,24,18200,13300,1001010001,593,0
182,25,18200,13300,1001001111,591,0
182,26,18200,13300,1001010010,594,0
182,27,18200,13300,1001001111,591,0
182,28,18200,13300,1001010011,595,0
182,29,18200,13300,1001010001,593,0
182,30,18200,13300,1001010001,593,0
182,31,18200,13300,1001010001,593,0
182,32,18200,13300,1001001111,591,0
182,33,18200,13300,1001010000,592,0
182,34,18200,13300,1001010001,593,0
182,35,18200,13300,1001010001,593,0
182,36,18200,13300,1001001111,591,0
182,37,18200,13300,1001010001,593,0
182,38,18200,13300,1001010000,592,0
182,39,18200,13300,1001010001,593,0
182,40,18200,13300,1001001111,591,0
182,41,18200,13300,1001001111,591,0
182,42,18200,13300,1001010001,593,0
182,43,18200,13300,1001001111,591,0
182,44,18200,13300,1001010001,593,0
182,45,18200,13300,1001010000,592,0
182,46,18200,13300,1001001111,591,0
182,47,18200,13300,1001010000,592,0
182,48,18200,13300,1001010001,593,0
182,49,18200,13300,1001001111,591,0
183,0,18300,13200,1001010101,597,0
183,1,18300,13200,1001010110,598,0
183,2,18300,13200,1001010100,596,0
183,3,18300,13200,1001010100,596,0
183,4,18300,13200,1001010100,596,0
183,5,18300,13200,1001010100,596,0
183,6,18300,13200,1001010100,596,0
183,7,18300,13200,1001010100,596,0
183,8,18300,13200,1001010100,596,0
183,9,18300,13200,1001010100,596,0
183,10,18300,13200,1001010100,596,0
183,11,18300,13200,1001010011,595,0
183,12,18300,13200,1001010100,596,0
183,13,18300,13200,1001010011,595,0
183,14,18300,13200,1001010100,596,0
183,15,18300,13200,1001010100,596,0
183,16,18300,13200,1001010100,596,0
183,17,18300,13200,1001010100,596,0
183,18,18300,13200,1001010100,596,0
183,19,18300,13200,1001010100,596,0
183,20,18300,13200,1001010100,596,0
183,21,18300,13200,1001010110,598,0
183,22,18300,13200,1001010011,595,0
183,23,18300,13200,1001010101,597,0
183,24,18300,13200,1001010100,596,0
183,25,18300,13200,1001010101,597,0
183,26,18300,13200,1001010100,596,0
183,27,18300,13200,1001010100,596,0
183,28,18300,13200,1001010011,595,0
183,29,18300,13200,1001010011,595,0
183,30,18300,13200,1001010011,595,0
183,31,18300,13200,1001010011,595,0
183,32,18300,13200,1001010100,596,0
183,33,18300,13200,1001010011,595,0
183,34,18300,13200,1001010100,596,0
183,35,18300,13200,1001010100,596,0
183,36,18300,13200,1001010101,597,0
183,37,18300,13200,1001010101,597,0
183,38,18300,13200,1001010100,596,0
183,39,18300,13200,1001010110,598,0
183,40,18300,13200,1001010110,598,0
183,41,18300,13200,1001010100,596,0
183,42,18300,13200,1001010100,596,0
183,43,18300,13200,1001010100,596,0
183,44,18300,13200,1001010100,596,0
183,45,18300,13200,1001010100,596,0
183,46,18300,13200,1001010100,596,0
183,47,18300,13200,1001010100,596,0
183,48,18300,13200,1001010100,596,0
183,49,18300,13200,1001010100,596,0
184,0,18400,13100,1001010111,599,0
184,1,18400,13100,1001010111,599,0
184,2,18400,13100,1001011000,600,0
184,3,18400,13100,1001011010,602,0
184,4,18400,13100,1001011000,600,0
184,5,18400,13100,1001011000,600,0
184,6,18400,13100,1001011000,600,0
184,7,18400,13100,1001011000,600,0
184,8,18400,13100,1001011000,600,0
184,9,18400,13100,1001011000,600,0
184,10,18400,13100,1001010111,599,0
184,11,18400,13100,1001010111,599,0
184,12,18400,13100,1001011000,600,0
184,13,18400,13100,1001010111,599,0
184,14,18400,13100,1001010111,599,0
184,15,18400,13100,1001010110,598,0
184,16,18400,13100,1001010111,599,0
184,17,18400,13100,1001011000,600,0
184,18,18400,13100,1001010111,599,0
184,19,18400,13100,1001010111,599,0
184,20,18400,13100,1001011000,600,0
184,21,18400,13100,1001010111,599,0
184,22,18400,13100,1001011000,600,0
184,23,18400,13100,1001010111,599,0
184,24,18400,13100,1001010111,599,0
184,25,18400,13100,1001011000,600,0
184,26,18400,13100,1001011000,600,0
184,27,18400,13100,1001010111,599,0
184,28,18400,13100,1001011000,600,0
184,29,18400,13100,1001011000,600,0
184,30,18400,13100,1001010111,599,0
184,31,18400,13100,1001011000,600,0
184,32,18400,13100,1001010111,599,0
184,33,18400,13100,1001010111,599,0
184,34,18400,13100,1001011000,600,0
184,35,18400,13100,1001010111,599,0
184,36,18400,13100,1001010111,599,0
184,37,18400,13100,1001010111,599,0
184,38,18400,13100,1001011000,600,0
184,39,18400,13100,1001010111,599,0
184,40,18400,13100,1001011001,601,0
184,41,18400,13100,1001011000,600,0
184,42,18400,13100,1001011010,602,0
184,43,18400,13100,1001010111,599,0
184,44,18400,13100,1001011000,600,0
184,45,18400,13100,1001010111,599,0
184,46,18400,13100,1001011000,600,0
184,47,18400,13100,1001011000,600,0
184,48,18400,13100,1001011000,600,0
184,49,18400,13100,1001010111,599,0
185,0,18500,13000,1001011011,603,0
185,1,18500,13000,1001011011,603,0
185,2,18500,13000,1001011011,603,0
185,3,18500,13000,1001011011,603,0
185,4,18500,13000,1001011100,604,0
185,5,18500,13000,1001011011,603,0
185,6,18500,13000,1001011100,604,0
185,7,18500,13000,1001011011,603,0
185,8,18500,13000,1001011101,605,0
185,9,18500,13000,1001011110,606,0
185,10,18500,13000,1001011100,604,0
185,11,18500,13000,1001011100,604,0
185,12,18500,13000,1001011011,603,0
185,13,18500,13000,1001011100,604,0
185,14,18500,13000,1001011011,603,0
185,15,18500,13000,1001011011,603,0
185,16,18500,13000,1001011011,603,0
185,17,18500,13000,1001011011,603,0
185,18,18500,13000,1001011011,603,0
185,19,18500,13000,1001011010,602,0
185,20,18500,13000,1001011010,602,0
185,21,18500,13000,1001011010,602,0
185,22,18500,13000,1001011011,603,0
185,23,18500,13000,1001011011,603,0
185,24,18500,13000,1001011011,603,0
185,25,18500,13000,1001011100,604,0
185,26,18500,13000,1001011011,603,0
185,27,18500,13000,1001011011,603,0
185,28,18500,13000,1001011110,606,0
185,29,18500,13000,1001011100,604,0
185,30,18500,13000,1001011011,603,0
185,31,18500,13000,1001011011,603,0
185,32,18500,13000,1001011100,604,0
185,33,18500,13000,1001011011,603,0
185,34,18500,13000,1001011011,603,0
185,35,18500,13000,1001011011,603,0
185,36,18500,13000,1001011001,601,0
185,37,18500,13000,1001011010,602,0
185,38,18500,13000,1001011010,602,0
185,39,18500,13000,1001011010,602,0
185,40,18500,13000,1001011010,602,0
185,41,18500,13000,1001011011,603,0
185,42,18500,13000,1001011010,602,0
185,43,18500,13000,1001011011,603,0
185,44,18500,13000,1001011011,603,0
185,45,18500,13000,1001011101,605,0
185,46,18500,13000,1001011011,603,0
185,47,18500,13000,1001011101,605,0
185,48,18500,13000,1001011100,604,0
185,49,18500,13000,1001011011,603,0
186,0,18600,12900,1001011111,607,0
186,1,18600,12900,1001011110,606,0
186,2,18600,12900,1001011110,606,0
186,3,18600,12900,1001011110,606,0
186,4,18600,12900,1001011110,606,0
186,5,18600,12900,1001011110,606,0
186,6,18600,12900,1001011110,606,0
186,7,18600,12900,1001011110,606,0
186,8,18600,12900,1001011110,606,0
186,9,18600,12900,1001011111,607,0
186,10,18600,12900,1001011111,607,0
186,11,18600,12900,1001011110,606,0
186,12,18600,12900,1001100000,608,0
186,13,18600,12900,1001011101,605,0
186,14,18600,12900,1001100000,608,0
186,15,18600,12900,1001011110,606,0
186,16,18600,12900,1001100000,608,0
186,17,18600,12900,1001011101,605,0
186,18,18600,12900,1001011111,607,0
186,19,18600,12900,1001011111,607,0
186,20,18600,12900,1001011110,606,0
186,21,18600,12900,1001011110,606,0
186,22,18600,12900,1001011110,606,0
186,23,18600,12900,1001011110,606,0
186,24,18600,12900,1001011101,605,0
186,25,18600,12900,1001011110,606,0
186,26,18600,12900,1001011110,606,0
186,27,18600,12900,1001100000,608,0
186,28,18600,12900,1001011101,605,0
186,29,18600,12900,1001011110,606,0
186,30,18600,12900,1001011110,606,0
186,31,18600,12900,1001100000,608,0
186,32,18600,12900,1001011110,606,0
186,33,18600,12900,1001100000,608,0
186,34,18600,12900,1001011110,606,0
186,35,18600,12900,1001011111,607,0
186,36,18600,12900,1001011111,607,0
186,37,18600,12900,1001011110,606,0
186,38,18600,12900,1001011110,606,0
186,39,18600,12900,1001011110,606,0
186,40,18600,12900,1001011110,606,0
186,41,18600,12900,1001011111,607,0
186,42,18600,12900,1001011110,606,0
186,43,18600,12900,1001011110,606,0
186,44,18600,12900,1001011110,606,0
186,45,18600,12900,1001011110,606,0
186,46,18600,12900,1001011110,606,0
186,47,18600,12900,1001011110,606,0
186,48,18600,12900,1001011110,606,0
186,49,18600,12900,1001011111,607,0
187,0,18700,12800,1001100000,608,0
187,1,18700,12800,1001100000,608,0
187,2,18700,12800,1001100000,608,0
187,3,18700,12800,1001100000,608,0
187,4,18700,12800,1001100000,608,0
187,5,18700,12800,1001100000,608,0
187,6,18700,12800,1001100000,608,0
187,7,18700,12800,1001100000,608,0
187,8,18700,12800,1001100000,608,0
187,9,18700,12800,1001100000,608,0
187,10,18700,12800,1001100000,608,0
187,11,18700,12800,1001100000,608,0
187,12,18700,12800,1001100000,608,0
187,13,18700,12800,1001100000,608,0
187,14,18700,12800,1001100000,608,0
187,15,18700,12800,1001100000,608,0
187,16,18700,12800,1001100000,608,0
187,17,18700,12800,1001100000,608,0
187,18,18700,12800,1001100000,608,0
187,19,18700,12800,1001100000,608,0
187,20,18700,12800,1001100000,608,0
187,21,18700,12800,1001100000,608,0
187,22,18700,12800,1001100000,608,0
187,23,18700,12800,1001100000,608,0
187,24,18700,12800,1001100000,608,0
187,25,18700,12800,1001100000,608,0
187,26,18700,12800,1001100000,608,0
187,27,18700,12800,1001100000,608,0
187,28,18700,12800,1001100000,608,0
187,29,18700,12800,1001100000,608,0
187,30,18700,12800,1001100000,608,0
187,31,18700,12800,1001100000,608,0
187,32,18700,12800,1001100000,608,0
187,33,18700,12800,1001100000,608,0
187,34,18700,12800,1001100000,608,0
187,35,18700,12800,1001100000,608,0
187,36,18700,12800,1001100000,608,0
187,37,18700,12800,1001100000,608,0
187,38,18700,12800,1001100000,608,0
187,39,18700,12800,1001100000,608,0
187,40,18700,12800,1001100000,608,0
187,41,18700,12800,1001100000,608,0
187,42,18700,12800,1001100000,608,0
187,43,18700,12800,1001100000,608,0
187,44,18700,12800,1001100000,608,0
187,45,18700,12800,1001100000,608,0
187,46,18700,12800,1001100000,608,0
187,47,18700,12800,1001100000,608,0
187,48,18700,12800,1001100000,608,0
187,49,18700,12800,1001100000,608,0
188,0,18800,12700,1001100001,609,0
188,1,18800,12700,1001100010,610,0
188,2,18800,12700,1001100001,609,0
188,3,18800,12700,1001100001,609,0
188,4,18800,12700,1001100001,609,0
188,5,18800,12700,1001100010,610,0
188,6,18800,12700,1001100001,609,0
188,7,18800,12700,1001100010,610,0
188,8,18800,12700,1001100001,609,0
188,9,18800,12700,1001100011,611,0
188,10,18800,12700,1001100010,610,0
188,11,18800,12700,1001100011,611,0
188,12,18800,12700,1001100010,610,0
188,13,18800,12700,1001100001,609,0
188,14,18800,12700,1001100010,610,0
188,15,18800,12700,1001100010,610,0
188,16,18800,12700,1001100010,610,0
188,17,18800,12700,1001100001,609,0
188,18,18800,12700,1001100001,609,0
188,19,18800,12700,1001100010,610,0
188,20,18800,12700,1001100001,609,0
188,21,18800,12700,1001100001,609,0
188,22,18800,12700,1001100010,610,0
188,23,18800,12700,1001100010,610,0
188,24,18800,12700,1001100010,610,0
188,25,18800,12700,1001100011,611,0
188,26,18800,12700,1001100010,610,0
188,27,18800,12700,1001100010,610,0
188,28,18800,12700,1001100010,610,0
188,29,18800,12700,1001100001,609,0
188,30,18800,12700,1001100010,610,0
188,31,18800,12700,1001100010,610,0
188,32,18800,12700,1001100001,609,0
188,33,18800,12700,1001100001,609,0
188,34,18800,12700,1001100001,609,0
188,35,18800,12700,1001100001,609,0
188,36,18800,12700,1001100010,610,0
188,37,18800,12700,1001100001,609,0
188,38,18800,12700,1001100001,609,0
188,39,18800,12700,1001100001,609,0
188,40,18800,12700,1001100001,609,0
188,41,18800,12700,1001100010,610,0
188,42,18800,12700,1001100001,609,0
188,43,18800,12700,1001100010,610,0
188,44,18800,12700,1001100011,611,0
188,45,18800,12700,1001100011,611,0
188,46,18800,12700,1001100010,610,0
188,47,18800,12700,1001100010,610,0
188,48,18800,12700,1001100010,610,0
188,49,18800,12700,1001100010,610,0
189,0,18900,12600,1001100101,613,0
189,1,18900,12600,1001100101,613,0
189,2,18900,12600,1001100110,614,0
189,3,18900,12600,1001100101,613,0
189,4,18900,12600,1001100110,614,0
189,5,18900,12600,1001100101,613,0
189,6,18900,12600,1001100110,614,0
189,7,18900,12600,1001100101,613,0
189,8,18900,12600,1001100101,613,0
189,9,18900,12600,1001100101,613,0
189,10,18900,12600,1001100101,613,0
189,11,18900,12600,1001100101,613,0
189,12,18900,12600,1001100101,613,0
189,13,18900,12600,1001100100,612,0
189,14,18900,12600,1001100101,613,0
189,15,18900,12600,1001100101,613,0
189,16,18900,12600,1001100101,613,0
189,17,18900,12600,1001100101,613,0
189,18,18900,12600,1001100110,614,0
189,19,18900,12600,1001100111,615,0
189,20,18900,12600,1001100111,615,0
189,21,18900,12600,1001100101,613,0
189,22,18900,12600,1001100101,613,0
189,23,18900,12600,1001100110,614,0
189,24,18900,12600,1001100110,614,0
189,25,18900,12600,1001100101,613,0
189,26,18900,12600,1001100101,613,0
189,27,18900,12600,1001100101,613,0
189,28,18900,12600,1001100101,613,0
189,29,18900,12600,1001100101,613,0
189,30,18900,12600,1001100101,613,0
189,31,18900,12600,1001100101,613,0
189,32,18900,12600,1001100101,613,0
189,33,18900,12600,1001100101,613,0
189,34,18900,12600,1001100101,613,0
189,35,18900,12600,1001100101,613,0
189,36,18900,12600,1001100101,613,0
189,37,18900,12600,1001100110,614,0
189,38,18900,12600,1001100101,613,0
189,39,18900,12600,1001100101,613,0
189,40,18900,12600,1001100110,614,0
189,41,18900,12600,1001100101,613,0
189,42,18900,12600,1001100110,614,0
189,43,18900,12600,1001100101,613,0
189,44,18900,12600,1001100101,613,0
189,45,18900,12600,1001100101,613,0
189,46,18900,12600,1001100110,614,0
189,47,18900,12600,1001100101,613,0
189,48,18900,12600,1001100101,613,0
189,49,18900,12600,1001100101,613,0
190,0,19000,12500,1001101000,616,0
190,1,19000,12500,1001101001,617,0
190,2,19000,12500,1001101001,617,0
190,3,19000,12500,1001101010,618,0
190,4,19000,12500,1001101001,617,0
190,5,19000,12500,1001101000,616,0
190,6,19000,12500,1001101001,617,0
190,7,19000,12500,1001101000,616,0
190,8,19000,12500,1001101000,616,0
190,9,19000,12500,1001101000,616,0
190,10,19000,12500,1001101000,616,0
190,11,19000,12500,1001101000,616,0
190,12,19000,12500,1001101000,616,0
190,13,19000,12500,1001101000,616,0
190,14,19000,12500,1001101000,616,0
190,15,19000,12500,1001101000,616,0
190,16,19000,12500,1001101000,616,0
190,17,19000,12500,1001101000,616,0
190,18,19000,12500,1001101000,616,0
190,19,19000,12500,1001101000,616,0
190,20,19000,12500,1001101000,616,0
190,21,19000,12500,1001101010,618,0
190,22,19000,12500,1001101010,618,0
190,23,19000,12500,1001101000,616,0
190,24,19000,12500,1001101000,616,0
190,25,19000,12500,1001101000,616,0
190,26,19000,12500,1001101000,616,0
190,27,19000,12500,1001101001,617,0
190,28,19000,12500,1001101001,617,0
190,29,19000,12500,1001101000,616,0
190,30,19000,12500,1001101001,617,0
190,31,19000,12500,1001101000,616,0
190,32,19000,12500,1001101000,616,0
190,33,19000,12500,1001101000,616,0
190,34,19000,12500,1001101000,616,0
190,35,19000,12500,1001101000,616,0
190,36,19000,12500,1001101000,616,0
190,37,19000,12500,1001101000,616,0
190,38,19000,12500,1001101000,616,0
190,39,19000,12500,1001101000,616,0
190,40,19000,12500,1001101000,616,0
190,41,19000,12500,1001101000,616,0
190,42,19000,12500,1001101001,617,0
190,43,19000,12500,1001101001,617,0
190,44,19000,12500,1001101001,617,0
190,45,19000,12500,1001101001,617,0
190,46,19000,12500,1001101000,616,0
190,47,19000,12500,1001101001,617,0
190,48,19000,12500,1001101001,617,0
190,49,19000,12500,1001101001,617,0
191,0,19100,12400,1001101100,620,0
191,1,19100,12400,1001101100,620,0
191,2,19100,12400,1001101100,620,0
191,3,19100,12400,1001101101,621,0
191,4,19100,12400,1001101110,622,0
191,5,19100,12400,1001101100,620,0
191,6,19100,12400,1001101100,620,0
191,7,19100,12400,1001101100,620,0
191,8,19100,12400,1001101100,620,0
191,9,19100,12400,1001101100,620,0
191,10,19100,12400,1001101100,620,0
191,11,19100,12400,1001101100,620,0
191,12,19100,12400,1001101011,619,0
191,13,19100,12400,1001101011,619,0
191,14,19100,12400,1001101011,619,0
191,15,19100,12400,1001101100,620,0
191,16,19100,12400,1001101100,620,0
191,17,19100,12400,1001101100,620,0
191,18,19100,12400,1001101100,620,0
191,19,19100,12400,1001101100,620,0
191,20,19100,12400,1001101101,621,0
191,21,19100,12400,1001101100,620,0
191,22,19100,12400,1001101100,620,0
191,23,19100,12400,1001101100,620,0
191,24,19100,12400,1001101100,620,0
191,25,19100,12400,1001101100,620,0
191,26,19100,12400,1001101100,620,0
191,27,19100,12400,1001101100,620,0
191,28,19100,12400,1001101100,620,0
191,29,19100,12400,1001101100,620,0
191,30,19100,12400,1001101100,620,0
191,31,19100,12400,1001101011,619,0
191,32,19100,12400,1001101011,619,0
191,33,19100,12400,1001101100,620,0
191,34,19100,12400,1001101100,620,0
191,35,19100,12400,1001101100,620,0
191,36,19100,12400,1001101100,620,0
191,37,19100,12400,1001101100,620,0
191,38,19100,12400,1001101100,620,0
191,39,19100,12400,1001101110,622,0
191,40,19100,12400,1001101100,620,0
191,41,19100,12400,1001101100,620,0
191,42,19100,12400,1001101101,621,0
191,43,19100,12400,1001101100,620,0
191,44,19100,12400,1001101100,620,0
191,45,19100,12400,1001101100,620,0
191,46,19100,12400,1001101100,620,0
191,47,19100,12400,1001101011,619,0
191,48,19100,12400,1001101011,619,0
191,49,19100,12400,1001101100,620,0
192,0,19200,12300,1001110000,624,0
192,1,19200,12300,1001101111,623,0
192,2,19200,12300,1001110001,625,0
192,3,19200,12300,1001101111,623,0
192,4,19200,12300,1001110000,624,0
192,5,19200,12300,1001110001,625,0
192,6,19200,12300,1001110001,625,0
192,7,19200,12300,1001110000,624,0
192,8,19200,12300,1001101111,623,0
192,9,19200,12300,1001110001,625,0
192,10,19200,12300,1001110001,625,0
192,11,19200,12300,1001101111,623,0
192,12,19200,12300,1001110001,625,0
192,13,19200,12300,1001110000,624,0
192,14,19200,12300,1001110000,624,0
192,15,19200,12300,1001101111,623,0
192,16,19200,12300,1001101111,623,0
192,17,19200,12300,1001101111,623,0
192,18,19200,12300,1001110000,624,0
192,19,19200,12300,1001101111,623,0
192,20,19200,12300,1001101111,623,0
192,21,19200,12300,1001101111,623,0
192,22,19200,12300,1001110001,625,0
192,23,19200,12300,1001101111,623,0
192,24,19200,12300,1001110010,626,0
192,25,19200,12300,1001110000,624,0
192,26,19200,12300,1001101111,623,0
192,27,19200,12300,1001110001,625,0
192,28,19200,12300,1001101111,623,0
192,29,19200,12300,1001101111,623,0
192,30,19200,12300,1001110000,624,0
192,31,19200,12300,1001101111,623,0
192,32,19200,12300,1001110000,624,0
192,33,19200,12300,1001101111,623,0
192,34,19200,12300,1001101111,623,0
192,35,19200,12300,1001101111,623,0
192,36,19200,12300,1001110000,624,0
192,37,19200,12300,1001101111,623,0
192,38,19200,12300,1001110001,625,0
192,39,19200,12300,1001110001,625,0
192,40,19200,12300,1001110001,625,0
192,41,19200,12300,1001101111,623,0
192,42,19200,12300,1001110001,625,0
192,43,19200,12300,1001101111,623,0
192,44,19200,12300,1001101111,623,0
192,45,19200,12300,1001101111,623,0
192,46,19200,12300,1001101111,623,0
192,47,19200,12300,1001110000,624,0
192,48,19200,12300,1001110000,624,0
192,49,19200,12300,1001101111,623,0
193,0,19300,12200,1001110011,627,0
193,1,19300,12200,1001110011,627,0
193,2,19300,12200,1001110100,628,0
193,3,19300,12200,1001110100,628,0
193,4,19300,12200,1001110100,628,0
193,5,19300,12200,1001110011,627,0
193,6,19300,12200,1001110100,628,0
193,7,19300,12200,1001110100,628,0
193,8,19300,12200,1001110110,630,0
193,9,19300,12200,1001110110,630,0
193,10,19300,12200,1001110100,628,0
193,11,19300,12200,1001110100,628,0
193,12,19300,12200,1001110100,628,0
193,13,19300,12200,1001110100,628,0
193,14,19300,12200,1001110100,628,0
193,15,19300,12200,1001110100,628,0
193,16,19300,12200,1001110100,628,0
193,17,19300,12200,1001110011,627,0
193,18,19300,12200,1001110100,628,0
193,19,19300,12200,1001110011,627,0
193,20,19300,12200,1001110011,627,0
193,21,19300,12200,1001110100,628,0
193,22,19300,12200,1001110100,628,0
193,23,19300,12200,1001110100,628,0
193,24,19300,12200,1001110100,628,0
193,25,19300,12200,1001110100,628,0
193,26,19300,12200,1001110011,627,0
193,27,19300,12200,1001110110,630,0
193,28,19300,12200,1001110100,628,0
193,29,19300,12200,1001110100,628,0
193,30,19300,12200,1001110101,629,0
193,31,19300,12200,1001110100,628,0
193,32,19300,12200,1001110100,628,0
193,33,19300,12200,1001110100,628,0
193,34,19300,12200,1001110100,628,0
193,35,19300,12200,1001110100,628,0
193,36,19300,12200,1001110011,627,0
193,37,19300,12200,1001110011,627,0
193,38,19300,12200,1001110011,627,0
193,39,19300,12200,1001110011,627,0
193,40,19300,12200,1001110011,627,0
193,41,19300,12200,1001110011,627,0
193,42,19300,12200,1001110100,628,0
193,43,19300,12200,1001110100,628,0
193,44,19300,12200,1001110011,627,0
193,45,19300,12200,1001110011,627,0
193,46,19300,12200,1001110011,627,0
193,47,19300,12200,1001110101,629,0
193,48,19300,12200,1001110100,628,0
193,49,19300,12200,1001110110,630,0
194,0,19400,12100,1001110111,631,0
194,1,19400,12100,1001110111,631,0
194,2,19400,12100,1001111000,632,0
194,3,19400,12100,1001110111,631,0
194,4,19400,12100,1001110111,631,0
194,5,19400,12100,1001110111,631,0
194,6,19400,12100,1001110111,631,0
194,7,19400,12100,1001110111,631,0
194,8,19400,12100,1001110110,630,0
194,9,19400,12100,1001110111,631,0
194,10,19400,12100,1001111000,632,0
194,11,19400,12100,1001110111,631,0
194,12,19400,12100,1001110111,631,0
194,13,19400,12100,1001111001,633,0
194,14,19400,12100,1001111000,632,0
194,15,19400,12100,1001111000,632,0
194,16,19400,12100,1001110111,631,0
194,17,19400,12100,1001111000,632,0
194,18,19400,12100,1001111000,632,0
194,19,19400,12100,1001110111,631,0
194,20,19400,12100,1001110111,631,0
194,21,19400,12100,1001110111,631,0
194,22,19400,12100,1001110111,631,0
194,23,19400,12100,1001110111,631,0
194,24,19400,12100,1001110111,631,0
194,25,19400,12100,1001110111,631,0
194,26,19400,12100,1001110111,631,0
194,27,19400,12100,1001110110,630,0
194,28,19400,12100,1001110111,631,0
194,29,19400,12100,1001110111,631,0
194,30,19400,12100,1001110111,631,0
194,31,19400,12100,1001110111,631,0
194,32,19400,12100,1001110111,631,0
194,33,19400,12100,1001110111,631,0
194,34,19400,12100,1001111000,632,0
194,35,19400,12100,1001110111,631,0
194,36,19400,12100,1001110111,631,0
194,37,19400,12100,1001111000,632,0
194,38,19400,12100,1001111000,632,0
194,39,19400,12100,1001111000,632,0
194,40,19400,12100,1001111000,632,0
194,41,19400,12100,1001110111,631,0
194,42,19400,12100,1001110111,631,0
194,43,19400,12100,1001110111,631,0
194,44,19400,12100,1001110111,631,0
194,45,19400,12100,1001111000,632,0
194,46,19400,12100,1001110111,631,0
194,47,19400,12100,1001110111,631,0
194,48,19400,12100,1001110111,631,0
194,49,19400,12100,1001110111,631,0
195,0,19500,12000,1001111100,636,0
195,1,19500,12000,1001111100,636,0
195,2,19500,12000,1001111011,635,0
195,3,19500,12000,1001111101,637,0
195,4,19500,12000,1001111011,635,0
195,5,19500,12000,1001111011,635,0
195,6,19500,12000,1001111100,636,0
195,7,19500,12000,1001111100,636,0
195,8,19500,12000,1001111011,635,0
195,9,19500,12000,1001111011,635,0
195,10,19500,12000,1001111010,634,0
195,11,19500,12000,1001111011,635,0
195,12,19500,12000,1001111011,635,0
195,13,19500,12000,1001111011,635,0
195,14,19500,12000,1001111011,635,0
195,15,19500,12000,1001111010,634,0
195,16,19500,12000,1001111011,635,0
195,17,19500,12000,1001111010,634,0
195,18,19500,12000,1001111010,634,0
195,19,19500,12000,1001111010,634,0
195,20,19500,12000,1001111011,635,0
195,21,19500,12000,1001111011,635,0
195,22,19500,12000,1001111011,635,0
195,23,19500,12000,1001111011,635,0
195,24,19500,12000,1001111100,636,0
195,25,19500,12000,1001111011,635,0
195,26,19500,12000,1001111011,635,0
195,27,19500,12000,1001111101,637,0
195,28,19500,12000,1001111100,636,0
195,29,19500,12000,1001111011,635,0
195,30,19500,12000,1001111100,636,0
195,31,19500,12000,1001111100,636,0
195,32,19500,12000,1001111011,635,0
195,33,19500,12000,1001111011,635,0
195,34,19500,12000,1001111011,635,0
195,35,19500,12000,1001111011,635,0
195,36,19500,12000,1001111011,635,0
195,37,19500,12000,1001111011,635,0
195,38,19500,12000,1001111010,634,0
195,39,19500,12000,1001111001,633,0
195,40,19500,12000,1001111010,634,0
195,41,19500,12000,1001111011,635,0
195,42,19500,12000,1001111011,635,0
195,43,19500,12000,1001111011,635,0
195,44,19500,12000,1001111011,635,0
195,45,19500,12000,1001111011,635,0
195,46,19500,12000,1001111101,637,0
195,47,19500,12000,1001111011,635,0
195,48,19500,12000,1001111011,635,0
195,49,19500,12000,1001111100,636,0
196,0,19600,11900,1001111101,637,0
196,1,19600,11900,1001111111,639,0
196,2,19600,11900,1001111111,639,0
196,3,19600,11900,1001111111,639,0
196,4,19600,11900,1001111110,638,0
196,5,19600,11900,1001111110,638,0
196,6,19600,11900,1001111110,638,0
196,7,19600,11900,1001111101,637,0
196,8,19600,11900,1001111110,638,0
196,9,19600,11900,1001111110,638,0
196,10,19600,11900,1001111110,638,0
196,11,19600,11900,1001111111,639,0
196,12,19600,11900,1001111111,639,0
196,13,19600,11900,1001111110,638,0
196,14,19600,11900,1010000000,640,0
196,15,19600,11900,1001111110,638,0
196,16,19600,11900,1001111110,638,0
196,17,19600,11900,1001111111,639,0
196,18,19600,11900,1001111110,638,0
196,19,19600,11900,1001111110,638,0
196,20,19600,11900,1001111110,638,0
196,21,19600,11900,1001111110,638,0
196,22,19600,11900,1001111110,638,0
196,23,19600,11900,1001111110,638,0
196,24,19600,11900,1001111110,638,0
196,25,19600,11900,1001111110,638,0
196,26,19600,11900,1001111110,638,0
196,27,19600,11900,1001111110,638,0
196,28,19600,11900,1001111110,638,0
196,29,19600,11900,1001111110,638,0
196,30,19600,11900,1001111110,638,0
196,31,19600,11900,1001111111,639,0
196,32,19600,11900,1001111110,638,0
196,33,19600,11900,1001111110,638,0
196,34,19600,11900,1001111101,637,0
196,35,19600,11900,1001111101,637,0
196,36,19600,11900,1001111111,639,0
196,37,19600,11900,1001111110,638,0
196,38,19600,11900,1001111111,639,0
196,39,19600,11900,1001111110,638,0
196,40,19600,11900,1001111111,639,0
196,41,19600,11900,1001111111,639,0
196,42,19600,11900,1001111110,638,0
196,43,19600,11900,1001111110,638,0
196,44,19600,11900,1001111110,638,0
196,45,19600,11900,1001111101,637,0
196,46,19600,11900,1001111110,638,0
196,47,19600,11900,1001111110,638,0
196,48,19600,11900,1001111110,638,0
196,49,19600,11900,1001111110,638,0
197,0,19700,11800,1010000000,640,0
197,1,19700,11800,1010000000,640,0
197,2,19700,11800,1010000000,640,0
197,3,19700,11800,1010000000,640,0
197,4,19700,11800,1010000000,640,0
197,5,19700,11800,1010000000,640,0
197,6,19700,11800,1010000000,640,0
197,7,19700,11800,1010000000,640,0
197,8,19700,11800,1010000000,640,0
197,9,19700,11800,1010000000,640,0
197,10,19700,11800,1010000000,640,0
197,11,19700,11800,1010000000,640,0
197,12,19700,11800,1010000000,640,0
197,13,19700,11800,1010000000,640,0
197,14,19700,11800,1010000000,640,0
197,15,19700,11800,1010000000,640,0
197,16,19700,11800,1010000000,640,0
197,17,19700,11800,1010000000,640,0
197,18,19700,11800,1010000000,640,0
197,19,19700,11800,1010000000,640,0
197,20,19700,11800,1010000000,640,0
197,21,19700,11800,1010000000,640,0
197,22,19700,11800,1010000000,640,0
197,23,19700,11800,1010000000,640,0
197,24,19700,11800,1010000000,640,0
197,25,19700,11800,1010000000,640,0
197,26,19700,11800,1010000000,640,0
197,27,19700,11800,1010000000,640,0
197,28,19700,11800,1010000000,640,0
197,29,19700,11800,1010000000,640,0
197,30,19700,11800,1010000000,640,0
197,31,19700,11800,1010000000,640,0
197,32,19700,11800,1010000000,640,0
197,33,19700,11800,1010000000,640,0
197,34,19700,11800,1010000000,640,0
197,35,19700,11800,1010000000,640,0
197,36,19700,11800,1010000000,640,0
197,37,19700,11800,1010000000,640,0
197,38,19700,11800,1010000000,640,0
197,39,19700,11800,1010000000,640,0
197,40,19700,11800,1010000000,640,0
197,41,19700,11800,1010000000,640,0
197,42,19700,11800,1010000000,640,0
197,43,19700,11800,1010000000,640,0
197,44,19700,11800,1010000000,640,0
197,45,19700,11800,1010000000,640,0
197,46,19700,11800,1010000000,640,0
197,47,19700,11800,1010000000,640,0
197,48,19700,11800,1010000000,640,0
197,49,19700,11800,1010000000,640,0
198,0,19800,11700,1010000010,642,0
198,1,19800,11700,1010000011,643,0
198,2,19800,11700,1010000010,642,0
198,3,19800,11700,1010000011,643,0
198,4,19800,11700,1010000010,642,0
198,5,19800,11700,1010000011,643,0
198,6,19800,11700,1010000011,643,0
198,7,19800,11700,1010000011,643,0
198,8,19800,11700,1010000011,643,0
198,9,19800,11700,1010000011,643,0
198,10,19800,11700,1010000011,643,0
198,11,19800,11700,1010000011,643,0
198,12,19800,11700,1010000011,643,0
198,13,19800,11700,1010000011,643,0
198,14,19800,11700,1010000011,643,0
198,15,19800,11700,1010000011,643,0
198,16,19800,11700,1010000011,643,0
198,17,19800,11700,1010000011,643,0
198,18,19800,11700,1010000011,643,0
198,19,19800,11700,1010000011,643,0
198,20,19800,11700,1010000010,642,0
198,21,19800,11700,1010000010,642,0
198,22,19800,11700,1010000010,642,0
198,23,19800,11700,1010000011,643,0
198,24,19800,11700,1010000011,643,0
198,25,19800,11700,1010000011,643,0
198,26,19800,11700,1010000011,643,0
198,27,19800,11700,1010000011,643,0
198,28,19800,11700,1010000100,644,0
198,29,19800,11700,1010000011,643,0
198,30,19800,11700,1010000011,643,0
198,31,19800,11700,1010000011,643,0
198,32,19800,11700,1010000011,643,0
198,33,19800,11700,1010000011,643,0
198,34,19800,11700,1010000011,643,0
198,35,19800,11700,1010000011,643,0
198,36,19800,11700,1010000010,642,0
198,37,19800,11700,1010000010,642,0
198,38,19800,11700,1010000010,642,0
198,39,19800,11700,1010000010,642,0
198,40,19800,11700,1010000010,642,0
198,41,19800,11700,1010000010,642,0
198,42,19800,11700,1010000010,642,0
198,43,19800,11700,1010000010,642,0
198,44,19800,11700,1010000011,643,0
198,45,19800,11700,1010000011,643,0
198,46,19800,11700,1010000010,642,0
198,47,19800,11700,1010000011,643,0
198,48,19800,11700,1010000011,643,0
198,49,19800,11700,1010000011,643,0
199,0,19900,11600,1010000110,646,0
199,1,19900,11600,1010000110,646,0
199,2,19900,11600,1010000110,646,0
199,3,19900,11600,1010000110,646,0
199,4,19900,11600,1010000110,646,0
199,5,19900,11600,1010000110,646,0
199,6,19900,11600,1010000101,645,0
199,7,19900,11600,1010000110,646,0
199,8,19900,11600,1010000110,646,0
199,9,19900,11600,1010000110,646,0
199,10,19900,11600,1010000101,645,0
199,11,19900,11600,1010000111,647,0
199,12,19900,11600,1010000111,647,0
199,13,19900,11600,1010000110,646,0
199,14,19900,11600,1010000111,647,0
199,15,19900,11600,1010000110,646,0
199,16,19900,11600,1010000110,646,0
199,17,19900,11600,1010000110,646,0
199,18,19900,11600,1010000110,646,0
199,19,19900,11600,1010000110,646,0
199,20,19900,11600,1010000110,646,0
199,21,19900,11600,1010000110,646,0
199,22,19900,11600,1010000101,645,0
199,23,19900,11600,1010000101,645,0
199,24,19900,11600,1010000110,646,0
199,25,19900,11600,1010000110,646,0
199,26,19900,11600,1010000111,647,0
199,27,19900,11600,1010000110,646,0
199,28,19900,11600,1010000110,646,0
199,29,19900,11600,1010000110,646,0
199,30,19900,11600,1010000111,647,0
199,31,19900,11600,1010000110,646,0
199,32,19900,11600,1010000110,646,0
199,33,19900,11600,1010000110,646,0
199,34,19900,11600,1010000110,646,0
199,35,19900,11600,1010000110,646,0
199,36,19900,11600,1010000110,646,0
199,37,19900,11600,1010000110,646,0
199,38,19900,11600,1010000101,645,0
199,39,19900,11600,1010000110,646,0
199,40,19900,11600,1010000110,646,0
199,41,19900,11600,1010000110,646,0
199,42,19900,11600,1010000110,646,0
199,43,19900,11600,1010000110,646,0
199,44,19900,11600,1010000110,646,0
199,45,19900,11600,1010000111,647,0
199,46,19900,11600,1010000111,647,0
199,47,19900,11600,1010000111,647,0
199,48,19900,11600,1010000110,646,0
199,49,19900,11600,1010000110,646,0
200,0,20000,11500,1010001001,649,0
200,1,20000,11500,1010001001,649,0
200,2,20000,11500,1010001001,649,0
200,3,20000,11500,1010001001,649,0
200,4,20000,11500,1010001000,648,0
200,5,20000,11500,1010001001,649,0
200,6,20000,11500,1010001001,649,0
200,7,20000,11500,1010001001,649,0
200,8,20000,11500,1010001001,649,0
200,9,20000,11500,1010001001,649,0
200,10,20000,11500,1010001001,649,0
200,11,20000,11500,1010001001,649,0
200,12,20000,11500,1010001001,649,0
200,13,20000,11500,1010001001,649,0
200,14,20000,11500,1010001001,649,0
200,15,20000,11500,1010001011,651,0
200,16,20000,11500,1010001001,649,0
200,17,20000,11500,1010001001,649,0
200,18,20000,11500,1010001001,649,0
200,19,20000,11500,1010001001,649,0
200,20,20000,11500,1010001001,649,0
200,21,20000,11500,1010001001,649,0
200,22,20000,11500,1010001001,649,0
200,23,20000,11500,1010001001,649,0
200,24,20000,11500,1010001000,648,0
200,25,20000,11500,1010001001,649,0
200,26,20000,11500,1010001001,649,0
200,27,20000,11500,1010001001,649,0
200,28,20000,11500,1010001001,649,0
200,29,20000,11500,1010001010,650,0
200,30,20000,11500,1010001001,649,0
200,31,20000,11500,1010001001,649,0
200,32,20000,11500,1010001010,650,0
200,33,20000,11500,1010001010,650,0
200,34,20000,11500,1010001001,649,0
200,35,20000,11500,1010001001,649,0
200,36,20000,11500,1010001001,649,0
200,37,20000,11500,1010001001,649,0
200,38,20000,11500,1010001001,649,0
200,39,20000,11500,1010001001,649,0
200,40,20000,11500,1010001001,649,0
200,41,20000,11500,1010001001,649,0
200,42,20000,11500,1010001000,648,0
200,43,20000,11500,1010001001,649,0
200,44,20000,11500,1010001001,649,0
200,45,20000,11500,1010001001,649,0
200,46,20000,11500,1010001001,649,0
200,47,20000,11500,1010001001,649,0
200,48,20000,11500,1010001010,650,0
200,49,20000,11500,1010001001,649,0
201,0,20100,11400,1010001101,653,0
201,1,20100,11400,1010001101,653,0
201,2,20100,11400,1010001101,653,0
201,3,20100,11400,1010001100,652,0
201,4,20100,11400,1010001100,652,0
201,5,20100,11400,1010001101,653,0
201,6,20100,11400,1010001100,652,0
201,7,20100,11400,1010001100,652,0
201,8,20100,11400,1010001100,652,0
201,9,20100,11400,1010001100,652,0
201,10,20100,11400,1010001101,653,0
201,11,20100,11400,1010001100,652,0
201,12,20100,11400,1010001101,653,0
201,13,20100,11400,1010001100,652,0
201,14,20100,11400,1010001101,653,0
201,15,20100,11400,1010001101,653,0
201,16,20100,11400,1010001101,653,0
201,17,20100,11400,1010001101,653,0
201,18,20100,11400,1010001110,654,0
201,19,20100,11400,1010001101,653,0
201,20,20100,11400,1010001100,652,0
201,21,20100,11400,1010001101,653,0
201,22,20100,11400,1010001101,653,0
201,23,20100,11400,1010001101,653,0
201,24,20100,11400,1010001101,653,0
201,25,20100,11400,1010001101,653,0
201,26,20100,11400,1010001101,653,0
201,27,20100,11400,1010001100,652,0
201,28,20100,11400,1010001100,652,0
201,29,20100,11400,1010001100,652,0
201,30,20100,11400,1010001100,652,0
201,31,20100,11400,1010001100,652,0
201,32,20100,11400,1010001100,652,0
201,33,20100,11400,1010001100,652,0
201,34,20100,11400,1010001101,653,0
201,35,20100,11400,1010001101,653,0
201,36,20100,11400,1010001100,652,0
201,37,20100,11400,1010001101,653,0
201,38,20100,11400,1010001101,653,0
201,39,20100,11400,1010001110,654,0
201,40,20100,11400,1010001101,653,0
201,41,20100,11400,1010001110,654,0
201,42,20100,11400,1010001101,653,0
201,43,20100,11400,1010001101,653,0
201,44,20100,11400,1010001101,653,0
201,45,20100,11400,1010001100,652,0
201,46,20100,11400,1010001101,653,0
201,47,20100,11400,1010001100,652,0
201,48,20100,11400,1010001100,652,0
201,49,20100,11400,1010001101,653,0
202,0,20200,11300,1010010001,657,0
202,1,20200,11300,1010010010,658,0
202,2,20200,11300,1010010010,658,0
202,3,20200,11300,1010010000,656,0
202,4,20200,11300,1010010010,658,0
202,5,20200,11300,1010010001,657,0
202,6,20200,11300,1010010010,658,0
202,7,20200,11300,1010010001,657,0
202,8,20200,11300,1010010001,657,0
202,9,20200,11300,1010010001,657,0
202,10,20200,11300,1010010001,657,0
202,11,20200,11300,1010010001,657,0
202,12,20200,11300,1010010001,657,0
202,13,20200,11300,1010010001,657,0
202,14,20200,11300,1010010001,657,0
202,15,20200,11300,1010010001,657,0
202,16,20200,11300,1010001111,655,0
202,17,20200,11300,1010001111,655,0
202,18,20200,11300,1010010001,657,0
202,19,20200,11300,1010010001,657,0
202,20,20200,11300,1010010001,657,0
202,21,20200,11300,1010010001,657,0
202,22,20200,11300,1010010001,657,0
202,23,20200,11300,1010010001,657,0
202,24,20200,11300,1010010001,657,0
202,25,20200,11300,1010010001,657,0
202,26,20200,11300,1010010001,657,0
202,27,20200,11300,1010010001,657,0
202,28,20200,11300,1010010001,657,0
202,29,20200,11300,1010010010,658,0
202,30,20200,11300,1010010001,657,0
202,31,20200,11300,1010010001,657,0
202,32,20200,11300,1010010001,657,0
202,33,20200,11300,1010010001,657,0
202,34,20200,11300,1010010001,657,0
202,35,20200,11300,1010010001,657,0
202,36,20200,11300,1010010001,657,0
202,37,20200,11300,1010010001,657,0
202,38,20200,11300,1010010001,657,0
202,39,20200,11300,1010010001,657,0
202,40,20200,11300,1010010001,657,0
202,41,20200,11300,1010001111,655,0
202,42,20200,11300,1010010001,657,0
202,43,20200,11300,1010010001,657,0
202,44,20200,11300,1010010001,657,0
202,45,20200,11300,1010010001,657,0
202,46,20200,11300,1010010001,657,0
202,47,20200,11300,1010010001,657,0
202,48,20200,11300,1010010011,659,0
202,49,20200,11300,1010010001,657,0
203,0,20300,11200,1010010100,660,0
203,1,20300,11200,1010010101,661,0
203,2,20300,11200,1010010100,660,0
203,3,20300,11200,1010010100,660,0
203,4,20300,11200,1010010100,660,0
203,5,20300,11200,1010010100,660,0
203,6,20300,11200,1010010100,660,0
203,7,20300,11200,1010010100,660,0
203,8,20300,11200,1010010100,660,0
203,9,20300,11200,1010010100,660,0
203,10,20300,11200,1010010100,660,0
203,11,20300,11200,1010010100,660,0
203,12,20300,11200,1010010100,660,0
203,13,20300,11200,1010010101,661,0
203,14,20300,11200,1010010100,660,0
203,15,20300,11200,1010010110,662,0
203,16,20300,11200,1010010100,660,0
203,17,20300,11200,1010010100,660,0
203,18,20300,11200,1010010100,660,0
203,19,20300,11200,1010010101,661,0
203,20,20300,11200,1010010101,661,0
203,21,20300,11200,1010010101,661,0
203,22,20300,11200,1010010100,660,0
203,23,20300,11200,1010010100,660,0
203,24,20300,11200,1010010100,660,0
203,25,20300,11200,1010010100,660,0
203,26,20300,11200,1010010100,660,0
203,27,20300,11200,1010010100,660,0
203,28,20300,11200,1010010100,660,0
203,29,20300,11200,1010010101,661,0
203,30,20300,11200,1010010100,660,0
203,31,20300,11200,1010010100,660,0
203,32,20300,11200,1010010110,662,0
203,33,20300,11200,1010010100,660,0
203,34,20300,11200,1010010101,661,0
203,35,20300,11200,1010010101,661,0
203,36,20300,11200,1010010100,660,0
203,37,20300,11200,1010010101,661,0
203,38,20300,11200,1010010100,660,0
203,39,20300,11200,1010010100,660,0
203,40,20300,11200,1010010100,660,0
203,41,20300,11200,1010010100,660,0
203,42,20300,11200,1010010100,660,0
203,43,20300,11200,1010010100,660,0
203,44,20300,11200,1010010100,660,0
203,45,20300,11200,1010010100,660,0
203,46,20300,11200,1010010100,660,0
203,47,20300,11200,1010010011,659,0
203,48,20300,11200,1010010100,660,0
203,49,20300,11200,1010010100,660,0
204,0,20400,11100,1010011000,664,0
204,1,20400,11100,1010011000,664,0
204,2,20400,11100,1010011001,665,0
204,3,20400,11100,1010011000,664,0
204,4,20400,11100,1010011001,665,0
204,5,20400,11100,1010011000,664,0
204,6,20400,11100,1010011000,664,0
204,7,20400,11100,1010011000,664,0
204,8,20400,11100,1010011000,664,0
204,9,20400,11100,1010011000,664,0
204,10,20400,11100,1010011000,664,0
204,11,20400,11100,1010011000,664,0
204,12,20400,11100,1010011000,664,0
204,13,20400,11100,1010010111,663,0
204,14,20400,11100,1010011000,664,0
204,15,20400,11100,1010011000,664,0
204,16,20400,11100,1010011000,664,0
204,17,20400,11100,1010011000,664,0
204,18,20400,11100,1010011001,665,0
204,19,20400,11100,1010011010,666,0
204,20,20400,11100,1010011000,664,0
204,21,20400,11100,1010011000,664,0
204,22,20400,11100,1010011000,664,0
204,23,20400,11100,1010011000,664,0
204,24,20400,11100,1010011000,664,0
204,25,20400,11100,1010011001,665,0
204,26,20400,11100,1010011000,664,0
204,27,20400,11100,1010011000,664,0
204,28,20400,11100,1010011000,664,0
204,29,20400,11100,1010011000,664,0
204,30,20400,11100,1010010111,663,0
204,31,20400,11100,1010010111,663,0
204,32,20400,11100,1010011000,664,0
204,33,20400,11100,1010010111,663,0
204,34,20400,11100,1010011000,664,0
204,35,20400,11100,1010011000,664,0
204,36,20400,11100,1010011001,665,0
204,37,20400,11100,1010011001,665,0
204,38,20400,11100,1010011000,664,0
204,39,20400,11100,1010011000,664,0
204,40,20400,11100,1010011001,665,0
204,41,20400,11100,1010011000,664,0
204,42,20400,11100,1010011000,664,0
204,43,20400,11100,1010011000,664,0
204,44,20400,11100,1010011000,664,0
204,45,20400,11100,1010011000,664,0
204,46,20400,11100,1010010111,663,0
204,47,20400,11100,1010010111,663,0
204,48,20400,11100,1010011000,664,0
204,49,20400,11100,1010011000,664,0
205,0,20500,11000,1010011101,669,0
205,1,20500,11000,1010011100,668,0
205,2,20500,11000,1010011100,668,0
205,3,20500,11000,1010011011,667,0
205,4,20500,11000,1010011100,668,0
205,5,20500,11000,1010011011,667,0
205,6,20500,11000,1010011100,668,0
205,7,20500,11000,1010011100,668,0
205,8,20500,11000,1010011011,667,0
205,9,20500,11000,1010011011,667,0
205,10,20500,11000,1010011011,667,0
205,11,20500,11000,1010011011,667,0
205,12,20500,11000,1010011010,666,0
205,13,20500,11000,1010011100,668,0
205,14,20500,11000,1010011100,668,0
205,15,20500,11000,1010011100,668,0
205,16,20500,11000,1010011011,667,0
205,17,20500,11000,1010011011,667,0
205,18,20500,11000,1010011011,667,0
205,19,20500,11000,1010011101,669,0
205,20,20500,11000,1010011100,668,0
205,21,20500,11000,1010011011,667,0
205,22,20500,11000,1010011100,668,0
205,23,20500,11000,1010011100,668,0
205,24,20500,11000,1010011100,668,0
205,25,20500,11000,1010011100,668,0
205,26,20500,11000,1010011100,668,0
205,27,20500,11000,1010011011,667,0
205,28,20500,11000,1010011011,667,0
205,29,20500,11000,1010011011,667,0
205,30,20500,11000,1010011011,667,0
205,31,20500,11000,1010011011,667,0
205,32,20500,11000,1010011011,667,0
205,33,20500,11000,1010011011,667,0
205,34,20500,11000,1010011010,666,0
205,35,20500,11000,1010011011,667,0
205,36,20500,11000,1010011011,667,0
205,37,20500,11000,1010011011,667,0
205,38,20500,11000,1010011011,667,0
205,39,20500,11000,1010011100,668,0
205,40,20500,11000,1010011011,667,0
205,41,20500,11000,1010011011,667,0
205,42,20500,11000,1010011100,668,0
205,43,20500,11000,1010011100,668,0
205,44,20500,11000,1010011100,668,0
205,45,20500,11000,1010011011,667,0
205,46,20500,11000,1010011100,668,0
205,47,20500,11000,1010011100,668,0
205,48,20500,11000,1010011011,667,0
205,49,20500,11000,1010011011,667,0
206,0,20600,10900,1010011110,670,0
206,1,20600,10900,1010011110,670,0
206,2,20600,10900,1010011111,671,0
206,3,20600,10900,1010011110,670,0
206,4,20600,10900,1010011111,671,0
206,5,20600,10900,1010011110,670,0
206,6,20600,10900,1010011111,671,0
206,7,20600,10900,1010011111,671,0
206,8,20600,10900,1010011110,670,0
206,9,20600,10900,1010011110,670,0
206,10,20600,10900,1010011111,671,0
206,11,20600,10900,1010011111,671,0
206,12,20600,10900,1010011111,671,0
206,13,20600,10900,1010011110,670,0
206,14,20600,10900,1010011111,671,0
206,15,20600,10900,1010011111,671,0
206,16,20600,10900,1010100000,672,0
206,17,20600,10900,1010011110,670,0
206,18,20600,10900,1010100000,672,0
206,19,20600,10900,1010011110,670,0
206,20,20600,10900,1010011111,671,0
206,21,20600,10900,1010011110,670,0
206,22,20600,10900,1010011111,671,0
206,23,20600,10900,1010011111,671,0
206,24,20600,10900,1010011110,670,0
206,25,20600,10900,1010011111,671,0
206,26,20600,10900,1010011111,671,0
206,27,20600,10900,1010011110,670,0
206,28,20600,10900,1010011111,671,0
206,29,20600,10900,1010011111,671,0
206,30,20600,10900,1010011111,671,0
206,31,20600,10900,1010011111,671,0
206,32,20600,10900,1010011111,671,0
206,33,20600,10900,1010011110,670,0
206,34,20600,10900,1010100000,672,0
206,35,20600,10900,1010100000,672,0
206,36,20600,10900,1010011111,671,0
206,37,20600,10900,1010011111,671,0
206,38,20600,10900,1010011111,671,0
206,39,20600,10900,1010011111,671,0
206,40,20600,10900,1010011111,671,0
206,41,20600,10900,1010011111,671,0
206,42,20600,10900,1010011110,670,0
206,43,20600,10900,1010011110,670,0
206,44,20600,10900,1010011110,670,0
206,45,20600,10900,1010011111,671,0
206,46,20600,10900,1010011111,671,0
206,47,20600,10900,1010100000,672,0
206,48,20600,10900,1010011101,669,0
206,49,20600,10900,1010100000,672,0
207,0,20700,10800,1010100000,672,0
207,1,20700,10800,1010100000,672,0
207,2,20700,10800,1010100000,672,0
207,3,20700,10800,1010100000,672,0
207,4,20700,10800,1010100000,672,0
207,5,20700,10800,1010100000,672,0
207,6,20700,10800,1010100000,672,0
207,7,20700,10800,1010100000,672,0
207,8,20700,10800,1010100000,672,0
207,9,20700,10800,1010100000,672,0
207,10,20700,10800,1010100000,672,0
207,11,20700,10800,1010100000,672,0
207,12,20700,10800,1010100000,672,0
207,13,20700,10800,1010100000,672,0
207,14,20700,10800,1010100000,672,0
207,15,20700,10800,1010100000,672,0
207,16,20700,10800,1010100000,672,0
207,17,20700,10800,1010100000,672,0
207,18,20700,10800,1010100000,672,0
207,19,20700,10800,1010100000,672,0
207,20,20700,10800,1010100000,672,0
207,21,20700,10800,1010100000,672,0
207,22,20700,10800,1010100000,672,0
207,23,20700,10800,1010100000,672,0
207,24,20700,10800,1010100000,672,0
207,25,20700,10800,1010100000,672,0
207,26,20700,10800,1010100000,672,0
207,27,20700,10800,1010100000,672,0
207,28,20700,10800,1010100000,672,0
207,29,20700,10800,1010100000,672,0
207,30,20700,10800,1010100000,672,0
207,31,20700,10800,1010100000,672,0
207,32,20700,10800,1010100000,672,0
207,33,20700,10800,1010100000,672,0
207,34,20700,10800,1010100000,672,0
207,35,20700,10800,1010100001,673,0
207,36,20700,10800,1010100000,672,0
207,37,20700,10800,1010100000,672,0
207,38,20700,10800,1010100000,672,0
207,39,20700,10800,1010100000,672,0
207,40,20700,10800,1010100000,672,0
207,41,20700,10800,1010100000,672,0
207,42,20700,10800,1010100000,672,0
207,43,20700,10800,1010100000,672,0
207,44,20700,10800,1010100000,672,0
207,45,20700,10800,1010100000,672,0
207,46,20700,10800,1010100000,672,0
207,47,20700,10800,1010100000,672,0
207,48,20700,10800,1010100000,672,0
207,49,20700,10800,1010100000,672,0
208,0,20800,10700,1010100010,674,0
208,1,20800,10700,1010100010,674,0
208,2,20800,10700,1010100010,674,0
208,3,20800,10700,1010100010,674,0
208,4,20800,10700,1010100010,674,0
208,5,20800,10700,1010100001,673,0
208,6,20800,10700,1010100011,675,0
208,7,20800,10700,1010100010,674,0
208,8,20800,10700,1010100011,675,0
208,9,20800,10700,1010100010,674,0
208,10,20800,10700,1010100010,674,0
208,11,20800,10700,1010100010,674,0
208,12,20800,10700,1010100010,674,0
208,13,20800,10700,1010100010,674,0
208,14,20800,10700,1010100011,675,0
208,15,20800,10700,1010100010,674,0
208,16,20800,10700,1010100010,674,0
208,17,20800,10700,1010100010,674,0
208,18,20800,10700,1010100010,674,0
208,19,20800,10700,1010100010,674,0
208,20,20800,10700,1010100010,674,0
208,21,20800,10700,1010100010,674,0
208,22,20800,10700,1010100010,674,0
208,23,20800,10700,1010100010,674,0
208,24,20800,10700,1010100011,675,0
208,25,20800,10700,1010100010,674,0
208,26,20800,10700,1010100011,675,0
208,27,20800,10700,1010100011,675,0
208,28,20800,10700,1010100010,674,0
208,29,20800,10700,1010100010,674,0
208,30,20800,10700,1010100010,674,0
208,31,20800,10700,1010100010,674,0
208,32,20800,10700,1010100010,674,0
208,33,20800,10700,1010100010,674,0
208,34,20800,10700,1010100010,674,0
208,35,20800,10700,1010100010,674,0
208,36,20800,10700,1010100010,674,0
208,37,20800,10700,1010100010,674,0
208,38,20800,10700,1010100010,674,0
208,39,20800,10700,1010100011,675,0
208,40,20800,10700,1010100010,674,0
208,41,20800,10700,1010100011,675,0
208,42,20800,10700,1010100011,675,0
208,43,20800,10700,1010100011,675,0
208,44,20800,10700,1010100011,675,0
208,45,20800,10700,1010100010,674,0
208,46,20800,10700,1010100011,675,0
208,47,20800,10700,1010100010,674,0
208,48,20800,10700,1010100010,674,0
208,49,20800,10700,1010100010,674,0
209,0,20900,10600,1010100110,678,0
209,1,20900,10600,1010100110,678,0
209,2,20900,10600,1010100110,678,0
209,3,20900,10600,1010100110,678,0
209,4,20900,10600,1010100101,677,0
209,5,20900,10600,1010100110,678,0
209,6,20900,10600,1010100110,678,0
209,7,20900,10600,1010100110,678,0
209,8,20900,10600,1010100110,678,0
209,9,20900,10600,1010100110,678,0
209,10,20900,10600,1010100110,678,0
209,11,20900,10600,1010100110,678,0
209,12,20900,10600,1010100110,678,0
209,13,20900,10600,1010100110,678,0
209,14,20900,10600,1010100110,678,0
209,15,20900,10600,1010100110,678,0
209,16,20900,10600,1010100110,678,0
209,17,20900,10600,1010100101,677,0
209,18,20900,10600,1010100101,677,0
209,19,20900,10600,1010100110,678,0
209,20,20900,10600,1010100101,677,0
209,21,20900,10600,1010100110,678,0
209,22,20900,10600,1010100110,678,0
209,23,20900,10600,1010100110,678,0
209,24,20900,10600,1010100101,677,0
209,25,20900,10600,1010100101,677,0
209,26,20900,10600,1010100110,678,0
209,27,20900,10600,1010100101,677,0
209,28,20900,10600,1010100110,678,0
209,29,20900,10600,1010100110,678,0
209,30,20900,10600,1010100110,678,0
209,31,20900,10600,1010100110,678,0
209,32,20900,10600,1010100110,678,0
209,33,20900,10600,1010100110,678,0
209,34,20900,10600,1010100110,678,0
209,35,20900,10600,1010100110,678,0
209,36,20900,10600,1010100101,677,0
209,37,20900,10600,1010100101,677,0
209,38,20900,10600,1010100110,678,0
209,39,20900,10600,1010100101,677,0
209,40,20900,10600,1010100101,677,0
209,41,20900,10600,1010100110,678,0
209,42,20900,10600,1010100110,678,0
209,43,20900,10600,1010100110,678,0
209,44,20900,10600,1010100101,677,0
209,45,20900,10600,1010100110,678,0
209,46,20900,10600,1010100101,677,0
209,47,20900,10600,1010100110,678,0
209,48,20900,10600,1010100101,677,0
209,49,20900,10600,1010100110,678,0
210,0,21000,10500,1010101001,681,0
210,1,21000,10500,1010101000,680,0
210,2,21000,10500,1010101000,680,0
210,3,21000,10500,1010101001,681,0
210,4,21000,10500,1010101001,681,0
210,5,21000,10500,1010101001,681,0
210,6,21000,10500,1010101001,681,0
210,7,21000,10500,1010101000,680,0
210,8,21000,10500,1010101000,680,0
210,9,21000,10500,1010101001,681,0
210,10,21000,10500,1010101001,681,0
210,11,21000,10500,1010101001,681,0
210,12,21000,10500,1010101001,681,0
210,13,21000,10500,1010101001,681,0
210,14,21000,10500,1010101001,681,0
210,15,21000,10500,1010101001,681,0
210,16,21000,10500,1010101001,681,0
210,17,21000,10500,1010101001,681,0
210,18,21000,10500,1010101001,681,0
210,19,21000,10500,1010101001,681,0
210,20,21000,10500,1010101001,681,0
210,21,21000,10500,1010101001,681,0
210,22,21000,10500,1010101001,681,0
210,23,21000,10500,1010101000,680,0
210,24,21000,10500,1010101001,681,0
210,25,21000,10500,1010101001,681,0
210,26,21000,10500,1010101000,680,0
210,27,21000,10500,1010101001,681,0
210,28,21000,10500,1010101001,681,0
210,29,21000,10500,1010101001,681,0
210,30,21000,10500,1010101010,682,0
210,31,21000,10500,1010101001,681,0
210,32,21000,10500,1010101010,682,0
210,33,21000,10500,1010101001,681,0
210,34,21000,10500,1010101001,681,0
210,35,21000,10500,1010101001,681,0
210,36,21000,10500,1010101001,681,0
210,37,21000,10500,1010101001,681,0
210,38,21000,10500,1010101001,681,0
210,39,21000,10500,1010101001,681,0
210,40,21000,10500,1010101000,680,0
210,41,21000,10500,1010101000,680,0
210,42,21000,10500,1010101001,681,0
210,43,21000,10500,1010101001,681,0
210,44,21000,10500,1010101001,681,0
210,45,21000,10500,1010101001,681,0
210,46,21000,10500,1010101001,681,0
210,47,21000,10500,1010101001,681,0
210,48,21000,10500,1010101001,681,0
210,49,21000,10500,1010101001,681,0
211,0,21100,10400,1010101100,684,0
211,1,21100,10400,1010101100,684,0
211,2,21100,10400,1010101100,684,0
211,3,21100,10400,1010101100,684,0
211,4,21100,10400,1010101100,684,0
211,5,21100,10400,1010101100,684,0
211,6,21100,10400,1010101100,684,0
211,7,21100,10400,1010101100,684,0
211,8,21100,10400,1010101100,684,0
211,9,21100,10400,1010101100,684,0
211,10,21100,10400,1010101101,685,0
211,11,21100,10400,1010101101,685,0
211,12,21100,10400,1010101100,684,0
211,13,21100,10400,1010101100,684,0
211,14,21100,10400,1010101100,684,0
211,15,21100,10400,1010101100,684,0
211,16,21100,10400,1010101100,684,0
211,17,21100,10400,1010101100,684,0
211,18,21100,10400,1010101100,684,0
211,19,21100,10400,1010101100,684,0
211,20,21100,10400,1010101100,684,0
211,21,21100,10400,1010101100,684,0
211,22,21100,10400,1010101100,684,0
211,23,21100,10400,1010101100,684,0
211,24,21100,10400,1010101100,684,0
211,25,21100,10400,1010101100,684,0
211,26,21100,10400,1010101101,685,0
211,27,21100,10400,1010101100,684,0
211,28,21100,10400,1010101101,685,0
211,29,21100,10400,1010101101,685,0
211,30,21100,10400,1010101100,684,0
211,31,21100,10400,1010101100,684,0
211,32,21100,10400,1010101100,684,0
211,33,21100,10400,1010101100,684,0
211,34,21100,10400,1010101100,684,0
211,35,21100,10400,1010101100,684,0
211,36,21100,10400,1010101100,684,0
211,37,21100,10400,1010101100,684,0
211,38,21100,10400,1010101100,684,0
211,39,21100,10400,1010101100,684,0
211,40,21100,10400,1010101100,684,0
211,41,21100,10400,1010101100,684,0
211,42,21100,10400,1010101100,684,0
211,43,21100,10400,1010101100,684,0
211,44,21100,10400,1010101101,685,0
211,45,21100,10400,1010101101,685,0
211,46,21100,10400,1010101101,685,0
211,47,21100,10400,1010101100,684,0
211,48,21100,10400,1010101100,684,0
211,49,21100,10400,1010101101,685,0
212,0,21200,10300,1010110000,688,0
212,1,21200,10300,1010110000,688,0
212,2,21200,10300,1010110001,689,0
212,3,21200,10300,1010110001,689,0
212,4,21200,10300,1010101111,687,0
212,5,21200,10300,1010110001,689,0
212,6,21200,10300,1010110001,689,0
212,7,21200,10300,1010110001,689,0
212,8,21200,10300,1010110001,689,0
212,9,21200,10300,1010110001,689,0
212,10,21200,10300,1010110001,689,0
212,11,21200,10300,1010110001,689,0
212,12,21200,10300,1010110001,689,0
212,13,21200,10300,1010110001,689,0
212,14,21200,10300,1010110001,689,0
212,15,21200,10300,1010110000,688,0
212,16,21200,10300,1010110000,688,0
212,17,21200,10300,1010101111,687,0
212,18,21200,10300,1010101111,687,0
212,19,21200,10300,1010101111,687,0
212,20,21200,10300,1010110000,688,0
212,21,21200,10300,1010110000,688,0
212,22,21200,10300,1010110001,689,0
212,23,21200,10300,1010110001,689,0
212,24,21200,10300,1010110001,689,0
212,25,21200,10300,1010110001,689,0
212,26,21200,10300,1010110000,688,0
212,27,21200,10300,1010110010,690,0
212,28,21200,10300,1010110001,689,0
212,29,21200,10300,1010110001,689,0
212,30,21200,10300,1010110001,689,0
212,31,21200,10300,1010110000,688,0
212,32,21200,10300,1010110001,689,0
212,33,21200,10300,1010110001,689,0
212,34,21200,10300,1010110001,689,0
212,35,21200,10300,1010101111,687,0
212,36,21200,10300,1010110000,688,0
212,37,21200,10300,1010101111,687,0
212,38,21200,10300,1010110000,688,0
212,39,21200,10300,1010110001,689,0
212,40,21200,10300,1010110001,689,0
212,41,21200,10300,1010110001,689,0
212,42,21200,10300,1010110010,690,0
212,43,21200,10300,1010110001,689,0
212,44,21200,10300,1010110001,689,0
212,45,21200,10300,1010110001,689,0
212,46,21200,10300,1010101111,687,0
212,47,21200,10300,1010110010,690,0
212,48,21200,10300,1010110000,688,0
212,49,21200,10300,1010110001,689,0
213,0,21300,10200,1010110100,692,0
213,1,21300,10200,1010110100,692,0
213,2,21300,10200,1010110100,692,0
213,3,21300,10200,1010110100,692,0
213,4,21300,10200,1010110100,692,0
213,5,21300,10200,1010110100,692,0
213,6,21300,10200,1010110100,692,0
213,7,21300,10200,1010110100,692,0
213,8,21300,10200,1010110100,692,0
213,9,21300,10200,1010110101,693,0
213,10,21300,10200,1010110100,692,0
213,11,21300,10200,1010110100,692,0
213,12,21300,10200,1010110100,692,0
213,13,21300,10200,1010110100,692,0
213,14,21300,10200,1010110100,692,0
213,15,21300,10200,1010110100,692,0
213,16,21300,10200,1010110100,692,0
213,17,21300,10200,1010110100,692,0
213,18,21300,10200,1010110100,692,0
213,19,21300,10200,1010110100,692,0
213,20,21300,10200,1010110100,692,0
213,21,21300,10200,1010110011,691,0
213,22,21300,10200,1010110011,691,0
213,23,21300,10200,1010110100,692,0
213,24,21300,10200,1010110100,692,0
213,25,21300,10200,1010110100,692,0
213,26,21300,10200,1010110100,692,0
213,27,21300,10200,1010110100,692,0
213,28,21300,10200,1010110101,693,0
213,29,21300,10200,1010110101,693,0
213,30,21300,10200,1010110101,693,0
213,31,21300,10200,1010110100,692,0
213,32,21300,10200,1010110101,693,0
213,33,21300,10200,1010110100,692,0
213,34,21300,10200,1010110100,692,0
213,35,21300,10200,1010110100,692,0
213,36,21300,10200,1010110100,692,0
213,37,21300,10200,1010110100,692,0
213,38,21300,10200,1010110100,692,0
213,39,21300,10200,1010110011,691,0
213,40,21300,10200,1010110100,692,0
213,41,21300,10200,1010110100,692,0
213,42,21300,10200,1010110100,692,0
213,43,21300,10200,1010110100,692,0
213,44,21300,10200,1010110100,692,0
213,45,21300,10200,1010110100,692,0
213,46,21300,10200,1010110100,692,0
213,47,21300,10200,1010110100,692,0
213,48,21300,10200,1010110101,693,0
213,49,21300,10200,1010110100,692,0
214,0,21400,10100,1010111000,696,0
214,1,21400,10100,1010111000,696,0
214,2,21400,10100,1010111000,696,0
214,3,21400,10100,1010110111,695,0
214,4,21400,10100,1010111000,696,0
214,5,21400,10100,1010111000,696,0
214,6,21400,10100,1010111000,696,0
214,7,21400,10100,1010111000,696,0
214,8,21400,10100,1010111000,696,0
214,9,21400,10100,1010110111,695,0
214,10,21400,10100,1010111000,696,0
214,11,21400,10100,1010111000,696,0
214,12,21400,10100,1010111000,696,0
214,13,21400,10100,1010111000,696,0
214,14,21400,10100,1010110111,695,0
214,15,21400,10100,1010111000,696,0
214,16,21400,10100,1010111000,696,0
214,17,21400,10100,1010111000,696,0
214,18,21400,10100,1010111000,696,0
214,19,21400,10100,1010111000,696,0
214,20,21400,10100,1010110111,695,0
214,21,21400,10100,1010111000,696,0
214,22,21400,10100,1010110111,695,0
214,23,21400,10100,1010111000,696,0
214,24,21400,10100,1010110111,695,0
214,25,21400,10100,1010110111,695,0
214,26,21400,10100,1010110111,695,0
214,27,21400,10100,1010110111,695,0
214,28,21400,10100,1010110111,695,0
214,29,21400,10100,1010110111,695,0
214,30,21400,10100,1010111000,696,0
214,31,21400,10100,1010111000,696,0
214,32,21400,10100,1010111000,696,0
214,33,21400,10100,1010111000,696,0
214,34,21400,10100,1010111001,697,0
214,35,21400,10100,1010111000,696,0
214,36,21400,10100,1010111000,696,0
214,37,21400,10100,1010111000,696,0
214,38,21400,10100,1010111000,696,0
214,39,21400,10100,1010111000,696,0
214,40,21400,10100,1010111000,696,0
214,41,21400,10100,1010110111,695,0
214,42,21400,10100,1010111000,696,0
214,43,21400,10100,1010110111,695,0
214,44,21400,10100,1010111000,696,0
214,45,21400,10100,1010111000,696,0
214,46,21400,10100,1010110111,695,0
214,47,21400,10100,1010111000,696,0
214,48,21400,10100,1010110111,695,0
214,49,21400,10100,1010111000,696,0
215,0,21500,10000,1010111101,701,0
215,1,21500,10000,1010111011,699,0
215,2,21500,10000,1010111100,700,0
215,3,21500,10000,1010111011,699,0
215,4,21500,10000,1010111011,699,0
215,5,21500,10000,1010111011,699,0
215,6,21500,10000,1010111011,699,0
215,7,21500,10000,1010111011,699,0
215,8,21500,10000,1010111011,699,0
215,9,21500,10000,1010111011,699,0
215,10,21500,10000,1010111011,699,0
215,11,21500,10000,1010111011,699,0
215,12,21500,10000,1010111011,699,0
215,13,21500,10000,1010111011,699,0
215,14,21500,10000,1010111100,700,0
215,15,21500,10000,1010111100,700,0
215,16,21500,10000,1010111100,700,0
215,17,21500,10000,1010111100,700,0
215,18,21500,10000,1010111011,699,0
215,19,21500,10000,1010111100,700,0
215,20,21500,10000,1010111011,699,0
215,21,21500,10000,1010111011,699,0
215,22,21500,10000,1010111011,699,0
215,23,21500,10000,1010111011,699,0
215,24,21500,10000,1010111011,699,0
215,25,21500,10000,1010111011,699,0
215,26,21500,10000,1010111011,699,0
215,27,21500,10000,1010111011,699,0
215,28,21500,10000,1010111011,699,0
215,29,21500,10000,1010111011,699,0
215,30,21500,10000,1010111100,700,0
215,31,21500,10000,1010111011,699,0
215,32,21500,10000,1010111100,700,0
215,33,21500,10000,1010111011,699,0
215,34,21500,10000,1010111100,700,0
215,35,21500,10000,1010111011,699,0
215,36,21500,10000,1010111011,699,0
215,37,21500,10000,1010111011,699,0
215,38,21500,10000,1010111011,699,0
215,39,21500,10000,1010111011,699,0
215,40,21500,10000,1010111010,698,0
215,41,21500,10000,1010111011,699,0
215,42,21500,10000,1010111010,698,0
215,43,21500,10000,1010111011,699,0
215,44,21500,10000,1010111011,699,0
215,45,21500,10000,1010111011,699,0
215,46,21500,10000,1010111100,700,0
215,47,21500,10000,1010111011,699,0
215,48,21500,10000,1010111101,701,0
215,49,21500,10000,1010111100,700,0
216,0,21600,9900,1010111111,703,0
216,1,21600,9900,1010111110,702,0
216,2,21600,9900,1010111110,702,0
216,3,21600,9900,1010111110,702,0
216,4,21600,9900,1010111111,703,0
216,5,21600,9900,1010111110,702,0
216,6,21600,9900,1010111110,702,0
216,7,21600,9900,1010111111,703,0
216,8,21600,9900,1010111111,703,0
216,9,21600,9900,1010111111,703,0
216,10,21600,9900,1010111111,703,0
216,11,21600,9900,1010111110,702,0
216,12,21600,9900,1010111110,702,0
216,13,21600,9900,1010111111,703,0
216,14,21600,9900,1011000000,704,0
216,15,21600,9900,1011000000,704,0
216,16,21600,9900,1010111111,703,0
216,17,21600,9900,1010111111,703,0
216,18,21600,9900,1010111110,702,0
216,19,21600,9900,1010111111,703,0
216,20,21600,9900,1010111110,702,0
216,21,21600,9900,1010111110,702,0
216,22,21600,9900,1010111111,703,0
216,23,21600,9900,1010111110,702,0
216,24,21600,9900,1010111110,702,0
216,25,21600,9900,1010111110,702,0
216,26,21600,9900,1010111111,703,0
216,27,21600,9900,1010111110,702,0
216,28,21600,9900,1010111111,703,0
216,29,21600,9900,1010111111,703,0
216,30,21600,9900,1010111110,702,0
216,31,21600,9900,1011000000,704,0
216,32,21600,9900,1010111110,702,0
216,33,21600,9900,1011000000,704,0
216,34,21600,9900,1010111110,702,0
216,35,21600,9900,1010111111,703,0
216,36,21600,9900,1011000000,704,0
216,37,21600,9900,1010111110,702,0
216,38,21600,9900,1010111111,703,0
216,39,21600,9900,1010111111,703,0
216,40,21600,9900,1010111111,703,0
216,41,21600,9900,1010111110,702,0
216,42,21600,9900,1010111111,703,0
216,43,21600,9900,1010111110,702,0
216,44,21600,9900,1010111111,703,0
216,45,21600,9900,1010111111,703,0
216,46,21600,9900,1010111111,703,0
216,47,21600,9900,1010111111,703,0
216,48,21600,9900,1011000000,704,0
216,49,21600,9900,1010111101,701,0
217,0,21700,9800,1011000000,704,0
217,1,21700,9800,1011000000,704,0
217,2,21700,9800,1011000000,704,0
217,3,21700,9800,1011000000,704,0
217,4,21700,9800,1011000000,704,0
217,5,21700,9800,1011000000,704,0
217,6,21700,9800,1011000000,704,0
217,7,21700,9800,1011000000,704,0
217,8,21700,9800,1011000000,704,0
217,9,21700,9800,1011000000,704,0
217,10,21700,9800,1011000000,704,0
217,11,21700,9800,1011000000,704,0
217,12,21700,9800,1011000000,704,0
217,13,21700,9800,1011000000,704,0
217,14,21700,9800,1011000000,704,0
217,15,21700,9800,1011000000,704,0
217,16,21700,9800,1011000000,704,0
217,17,21700,9800,1011000000,704,0
217,18,21700,9800,1011000000,704,0
217,19,21700,9800,1011000000,704,0
217,20,21700,9800,1011000000,704,0
217,21,21700,9800,1011000000,704,0
217,22,21700,9800,1011000000,704,0
217,23,21700,9800,1011000000,704,0
217,24,21700,9800,1011000000,704,0
217,25,21700,9800,1011000000,704,0
217,26,21700,9800,1011000000,704,0
217,27,21700,9800,1011000000,704,0
217,28,21700,9800,1011000000,704,0
217,29,21700,9800,1011000000,704,0
217,30,21700,9800,1011000000,704,0
217,31,21700,9800,1011000000,704,0
217,32,21700,9800,1011000000,704,0
217,33,21700,9800,1011000000,704,0
217,34,21700,9800,1011000000,704,0
217,35,21700,9800,1011000000,704,0
217,36,21700,9800,1011000000,704,0
217,37,21700,9800,1011000000,704,0
217,38,21700,9800,1011000000,704,0
217,39,21700,9800,1011000000,704,0
217,40,21700,9800,1011000000,704,0
217,41,21700,9800,1011000000,704,0
217,42,21700,9800,1011000000,704,0
217,43,21700,9800,1011000000,704,0
217,44,21700,9800,1011000000,704,0
217,45,21700,9800,1011000000,704,0
217,46,21700,9800,1011000000,704,0
217,47,21700,9800,1011000000,704,0
217,48,21700,9800,1011000000,704,0
217,49,21700,9800,1011000000,704,0
218,0,21800,9700,1011000011,707,0
218,1,21800,9700,1011000011,707,0
218,2,21800,9700,1011000011,707,0
218,3,21800,9700,1011000010,706,0
218,4,21800,9700,1011000011,707,0
218,5,21800,9700,1011000011,707,0
218,6,21800,9700,1011000011,707,0
218,7,21800,9700,1011000011,707,0
218,8,21800,9700,1011000011,707,0
218,9,21800,9700,1011000011,707,0
218,10,21800,9700,1011000011,707,0
218,11,21800,9700,1011000011,707,0
218,12,21800,9700,1011000011,707,0
218,13,21800,9700,1011000011,707,0
218,14,21800,9700,1011000011,707,0
218,15,21800,9700,1011000011,707,0
218,16,21800,9700,1011000011,707,0
218,17,21800,9700,1011000011,707,0
218,18,21800,9700,1011000011,707,0
218,19,21800,9700,1011000011,707,0
218,20,21800,9700,1011000011,707,0
218,21,21800,9700,1011000011,707,0
218,22,21800,9700,1011000011,707,0
218,23,21800,9700,1011000011,707,0
218,24,21800,9700,1011000011,707,0
218,25,21800,9700,1011000011,707,0
218,26,21800,9700,1011000011,707,0
218,27,21800,9700,1011000011,707,0
218,28,21800,9700,1011000011,707,0
218,29,21800,9700,1011000011,707,0
218,30,21800,9700,1011000011,707,0
218,31,21800,9700,1011000011,707,0
218,32,21800,9700,1011000011,707,0
218,33,21800,9700,1011000011,707,0
218,34,21800,9700,1011000011,707,0
218,35,21800,9700,1011000011,707,0
218,36,21800,9700,1011000011,707,0
218,37,21800,9700,1011000011,707,0
218,38,21800,9700,1011000011,707,0
218,39,21800,9700,1011000011,707,0
218,40,21800,9700,1011000011,707,0
218,41,21800,9700,1011000011,707,0
218,42,21800,9700,1011000011,707,0
218,43,21800,9700,1011000011,707,0
218,44,21800,9700,1011000100,708,0
218,45,21800,9700,1011000011,707,0
218,46,21800,9700,1011000011,707,0
218,47,21800,9700,1011000011,707,0
218,48,21800,9700,1011000011,707,0
218,49,21800,9700,1011000011,707,0
219,0,21900,9600,1011000110,710,0
219,1,21900,9600,1011000110,710,0
219,2,21900,9600,1011000110,710,0
219,3,21900,9600,1011000110,710,0
219,4,21900,9600,1011000110,710,0
219,5,21900,9600,1011000110,710,0
219,6,21900,9600,1011000110,710,0
219,7,21900,9600,1011000110,710,0
219,8,21900,9600,1011000111,711,0
219,9,21900,9600,1011000110,710,0
219,10,21900,9600,1011000110,710,0
219,11,21900,9600,1011000111,711,0
219,12,21900,9600,1011000110,710,0
219,13,21900,9600,1011000111,711,0
219,14,21900,9600,1011000111,711,0
219,15,21900,9600,1011000110,710,0
219,16,21900,9600,1011000110,710,0
219,17,21900,9600,1011000111,711,0
219,18,21900,9600,1011000110,710,0
219,19,21900,9600,1011000111,711,0
219,20,21900,9600,1011000111,711,0
219,21,21900,9600,1011000110,710,0
219,22,21900,9600,1011000110,710,0
219,23,21900,9600,1011000110,710,0
219,24,21900,9600,1011000110,710,0
219,25,21900,9600,1011000110,710,0
219,26,21900,9600,1011000111,711,0
219,27,21900,9600,1011000110,710,0
219,28,21900,9600,1011000110,710,0
219,29,21900,9600,1011000111,711,0
219,30,21900,9600,1011000111,711,0
219,31,21900,9600,1011000110,710,0
219,32,21900,9600,1011000111,711,0
219,33,21900,9600,1011000111,711,0
219,34,21900,9600,1011000111,711,0
219,35,21900,9600,1011000111,711,0
219,36,21900,9600,1011000111,711,0
219,37,21900,9600,1011000110,710,0
219,38,21900,9600,1011000110,710,0
219,39,21900,9600,1011000110,710,0
219,40,21900,9600,1011000110,710,0
219,41,21900,9600,1011000110,710,0
219,42,21900,9600,1011000110,710,0
219,43,21900,9600,1011000110,710,0
219,44,21900,9600,1011000111,711,0
219,45,21900,9600,1011000110,710,0
219,46,21900,9600,1011000110,710,0
219,47,21900,9600,1011000110,710,0
219,48,21900,9600,1011000110,710,0
219,49,21900,9600,1011000110,710,0
220,0,22000,9500,1011001010,714,0
220,1,22000,9500,1011001001,713,0
220,2,22000,9500,1011001001,713,0
220,3,22000,9500,1011001001,713,0
220,4,22000,9500,1011001010,714,0
220,5,22000,9500,1011001010,714,0
220,6,22000,9500,1011001001,713,0
220,7,22000,9500,1011001001,713,0
220,8,22000,9500,1011001001,713,0
220,9,22000,9500,1011001001,713,0
220,10,22000,9500,1011001001,713,0
220,11,22000,9500,1011001010,714,0
220,12,22000,9500,1011001001,713,0
220,13,22000,9500,1011001001,713,0
220,14,22000,9500,1011001010,714,0
220,15,22000,9500,1011001010,714,0
220,16,22000,9500,1011001010,714,0
220,17,22000,9500,1011001001,713,0
220,18,22000,9500,1011001010,714,0
220,19,22000,9500,1011001010,714,0
220,20,22000,9500,1011001010,714,0
220,21,22000,9500,1011001010,714,0
220,22,22000,9500,1011001001,713,0
220,23,22000,9500,1011001010,714,0
220,24,22000,9500,1011001010,714,0
220,25,22000,9500,1011001001,713,0
220,26,22000,9500,1011001001,713,0
220,27,22000,9500,1011001001,713,0
220,28,22000,9500,1011001010,714,0
220,29,22000,9500,1011001010,714,0
220,30,22000,9500,1011001001,713,0
220,31,22000,9500,1011001001,713,0
220,32,22000,9500,1011001001,713,0
220,33,22000,9500,1011001010,714,0
220,34,22000,9500,1011001001,713,0
220,35,22000,9500,1011001001,713,0
220,36,22000,9500,1011001010,714,0
220,37,22000,9500,1011001001,713,0
220,38,22000,9500,1011001001,713,0
220,39,22000,9500,1011001001,713,0
220,40,22000,9500,1011001001,713,0
220,41,22000,9500,1011001001,713,0
220,42,22000,9500,1011001001,713,0
220,43,22000,9500,1011001001,713,0
220,44,22000,9500,1011001001,713,0
220,45,22000,9500,1011001010,714,0
220,46,22000,9500,1011001010,714,0
220,47,22000,9500,1011001001,713,0
220,48,22000,9500,1011001001,713,0
220,49,22000,9500,1011001010,714,0
221,0,22100,9400,1011001101,717,0
221,1,22100,9400,1011001110,718,0
221,2,22100,9400,1011001101,717,0
221,3,22100,9400,1011001101,717,0
221,4,22100,9400,1011001101,717,0
221,5,22100,9400,1011001101,717,0
221,6,22100,9400,1011001101,717,0
221,7,22100,9400,1011001101,717,0
221,8,22100,9400,1011001101,717,0
221,9,22100,9400,1011001101,717,0
221,10,22100,9400,1011001101,717,0
221,11,22100,9400,1011001101,717,0
221,12,22100,9400,1011001101,717,0
221,13,22100,9400,1011001101,717,0
221,14,22100,9400,1011001100,716,0
221,15,22100,9400,1011001101,717,0
221,16,22100,9400,1011001101,717,0
221,17,22100,9400,1011001101,717,0
221,18,22100,9400,1011001101,717,0
221,19,22100,9400,1011001101,717,0
221,20,22100,9400,1011001101,717,0
221,21,22100,9400,1011001101,717,0
221,22,22100,9400,1011001101,717,0
221,23,22100,9400,1011001101,717,0
221,24,22100,9400,1011001101,717,0
221,25,22100,9400,1011001110,718,0
221,26,22100,9400,1011001101,717,0
221,27,22100,9400,1011001101,717,0
221,28,22100,9400,1011001101,717,0
221,29,22100,9400,1011001101,717,0
221,30,22100,9400,1011001101,717,0
221,31,22100,9400,1011001101,717,0
221,32,22100,9400,1011001101,717,0
221,33,22100,9400,1011001101,717,0
221,34,22100,9400,1011001100,716,0
221,35,22100,9400,1011001101,717,0
221,36,22100,9400,1011001101,717,0
221,37,22100,9400,1011001100,716,0
221,38,22100,9400,1011001101,717,0
221,39,22100,9400,1011001101,717,0
221,40,22100,9400,1011001101,717,0
221,41,22100,9400,1011001101,717,0
221,42,22100,9400,1011001101,717,0
221,43,22100,9400,1011001101,717,0
221,44,22100,9400,1011001110,718,0
221,45,22100,9400,1011001101,717,0
221,46,22100,9400,1011001101,717,0
221,47,22100,9400,1011001101,717,0
221,48,22100,9400,1011001101,717,0
221,49,22100,9400,1011001101,717,0
222,0,22200,9300,1011010001,721,0
222,1,22200,9300,1011010010,722,0
222,2,22200,9300,1011010001,721,0
222,3,22200,9300,1011010001,721,0
222,4,22200,9300,1011010001,721,0
222,5,22200,9300,1011010001,721,0
222,6,22200,9300,1011010001,721,0
222,7,22200,9300,1011010001,721,0
222,8,22200,9300,1011010001,721,0
222,9,22200,9300,1011010001,721,0
222,10,22200,9300,1011010001,721,0
222,11,22200,9300,1011010001,721,0
222,12,22200,9300,1011010001,721,0
222,13,22200,9300,1011010010,722,0
222,14,22200,9300,1011010001,721,0
222,15,22200,9300,1011010001,721,0
222,16,22200,9300,1011010001,721,0
222,17,22200,9300,1011010001,721,0
222,18,22200,9300,1011010001,721,0
222,19,22200,9300,1011010001,721,0
222,20,22200,9300,1011010001,721,0
222,21,22200,9300,1011010001,721,0
222,22,22200,9300,1011010001,721,0
222,23,22200,9300,1011010001,721,0
222,24,22200,9300,1011010001,721,0
222,25,22200,9300,1011010001,721,0
222,26,22200,9300,1011010001,721,0
222,27,22200,9300,1011010001,721,0
222,28,22200,9300,1011010001,721,0
222,29,22200,9300,1011010001,721,0
222,30,22200,9300,1011010000,720,0
222,31,22200,9300,1011010001,721,0
222,32,22200,9300,1011010001,721,0
222,33,22200,9300,1011010001,721,0
222,34,22200,9300,1011010001,721,0
222,35,22200,9300,1011010001,721,0
222,36,22200,9300,1011010001,721,0
222,37,22200,9300,1011010001,721,0
222,38,22200,9300,1011010001,721,0
222,39,22200,9300,1011010010,722,0
222,40,22200,9300,1011010010,722,0
222,41,22200,9300,1011010001,721,0
222,42,22200,9300,1011010010,722,0
222,43,22200,9300,1011010010,722,0
222,44,22200,9300,1011010001,721,0
222,45,22200,9300,1011010001,721,0
222,46,22200,9300,1011010010,722,0
222,47,22200,9300,1011010001,721,0
222,48,22200,9300,1011010001,721,0
222,49,22200,9300,1011010001,721,0
223,0,22300,9200,1011010101,725,0
223,1,22300,9200,1011010101,725,0
223,2,22300,9200,1011010101,725,0
223,3,22300,9200,1011010100,724,0
223,4,22300,9200,1011010101,725,0
223,5,22300,9200,1011010101,725,0
223,6,22300,9200,1011010100,724,0
223,7,22300,9200,1011010101,725,0
223,8,22300,9200,1011010100,724,0
223,9,22300,9200,1011010101,725,0
223,10,22300,9200,1011010101,725,0
223,11,22300,9200,1011010100,724,0
223,12,22300,9200,1011010101,725,0
223,13,22300,9200,1011010101,725,0
223,14,22300,9200,1011010101,725,0
223,15,22300,9200,1011010101,725,0
223,16,22300,9200,1011010101,725,0
223,17,22300,9200,1011010110,726,0
223,18,22300,9200,1011010101,725,0
223,19,22300,9200,1011010101,725,0
223,20,22300,9200,1011010100,724,0
223,21,22300,9200,1011010101,725,0
223,22,22300,9200,1011010100,724,0
223,23,22300,9200,1011010100,724,0
223,24,22300,9200,1011010100,724,0
223,25,22300,9200,1011010100,724,0
223,26,22300,9200,1011010100,724,0
223,27,22300,9200,1011010100,724,0
223,28,22300,9200,1011010100,724,0
223,29,22300,9200,1011010101,725,0
223,30,22300,9200,1011010100,724,0
223,31,22300,9200,1011010101,725,0
223,32,22300,9200,1011010100,724,0
223,33,22300,9200,1011010101,725,0
223,34,22300,9200,1011010101,725,0
223,35,22300,9200,1011010100,724,0
223,36,22300,9200,1011010101,725,0
223,37,22300,9200,1011010101,725,0
223,38,22300,9200,1011010101,725,0
223,39,22300,9200,1011010100,724,0
223,40,22300,9200,1011010101,725,0
223,41,22300,9200,1011010100,724,0
223,42,22300,9200,1011010100,724,0
223,43,22300,9200,1011010100,724,0
223,44,22300,9200,1011010100,724,0
223,45,22300,9200,1011010100,724,0
223,46,22300,9200,1011010101,725,0
223,47,22300,9200,1011010101,725,0
223,48,22300,9200,1011010101,725,0
223,49,22300,9200,1011010101,725,0
224,0,22400,9100,1011011000,728,0
224,1,22400,9100,1011011000,728,0
224,2,22400,9100,1011011000,728,0
224,3,22400,9100,1011011000,728,0
224,4,22400,9100,1011011000,728,0
224,5,22400,9100,1011011000,728,0
224,6,22400,9100,1011011000,728,0
224,7,22400,9100,1011010111,727,0
224,8,22400,9100,1011011000,728,0
224,9,22400,9100,1011011000,728,0
224,10,22400,9100,1011011000,728,0
224,11,22400,9100,1011011000,728,0
224,12,22400,9100,1011011000,728,0
224,13,22400,9100,1011011000,728,0
224,14,22400,9100,1011011001,729,0
224,15,22400,9100,1011011000,728,0
224,16,22400,9100,1011011000,728,0
224,17,22400,9100,1011011001,729,0
224,18,22400,9100,1011011000,728,0
224,19,22400,9100,1011011000,728,0
224,20,22400,9100,1011011000,728,0
224,21,22400,9100,1011011000,728,0
224,22,22400,9100,1011010111,727,0
224,23,22400,9100,1011011000,728,0
224,24,22400,9100,1011011000,728,0
224,25,22400,9100,1011011000,728,0
224,26,22400,9100,1011011000,728,0
224,27,22400,9100,1011011000,728,0
224,28,22400,9100,1011011000,728,0
224,29,22400,9100,1011011000,728,0
224,30,22400,9100,1011011000,728,0
224,31,22400,9100,1011011000,728,0
224,32,22400,9100,1011011000,728,0
224,33,22400,9100,1011011000,728,0
224,34,22400,9100,1011011000,728,0
224,35,22400,9100,1011011000,728,0
224,36,22400,9100,1011011000,728,0
224,37,22400,9100,1011011001,729,0
224,38,22400,9100,1011011000,728,0
224,39,22400,9100,1011011000,728,0
224,40,22400,9100,1011011001,729,0
224,41,22400,9100,1011011000,728,0
224,42,22400,9100,1011011000,728,0
224,43,22400,9100,1011011000,728,0
224,44,22400,9100,1011011000,728,0
224,45,22400,9100,1011011000,728,0
224,46,22400,9100,1011011000,728,0
224,47,22400,9100,1011011000,728,0
224,48,22400,9100,1011011000,728,0
224,49,22400,9100,1011011000,728,0
225,0,22500,9000,1011011100,732,0
225,1,22500,9000,1011011100,732,0
225,2,22500,9000,1011011100,732,0
225,3,22500,9000,1011011100,732,0
225,4,22500,9000,1011011011,731,0
225,5,22500,9000,1011011011,731,0
225,6,22500,9000,1011011011,731,0
225,7,22500,9000,1011011100,732,0
225,8,22500,9000,1011011100,732,0
225,9,22500,9000,1011011011,731,0
225,10,22500,9000,1011011100,732,0
225,11,22500,9000,1011011100,732,0
225,12,22500,9000,1011011101,733,0
225,13,22500,9000,1011011101,733,0
225,14,22500,9000,1011011100,732,0
225,15,22500,9000,1011011100,732,0
225,16,22500,9000,1011011100,732,0
225,17,22500,9000,1011011100,732,0
225,18,22500,9000,1011011100,732,0
225,19,22500,9000,1011011100,732,0
225,20,22500,9000,1011011100,732,0
225,21,22500,9000,1011011011,731,0
225,22,22500,9000,1011011100,732,0
225,23,22500,9000,1011011100,732,0
225,24,22500,9000,1011011100,732,0
225,25,22500,9000,1011011100,732,0
225,26,22500,9000,1011011100,732,0
225,27,22500,9000,1011011100,732,0
225,28,22500,9000,1011011101,733,0
225,29,22500,9000,1011011100,732,0
225,30,22500,9000,1011011101,733,0
225,31,22500,9000,1011011100,732,0
225,32,22500,9000,1011011100,732,0
225,33,22500,9000,1011011100,732,0
225,34,22500,9000,1011011100,732,0
225,35,22500,9000,1011011100,732,0
225,36,22500,9000,1011011100,732,0
225,37,22500,9000,1011011100,732,0
225,38,22500,9000,1011011100,732,0
225,39,22500,9000,1011011100,732,0
225,40,22500,9000,1011011011,731,0
225,41,22500,9000,1011011100,732,0
225,42,22500,9000,1011011100,732,0
225,43,22500,9000,1011011100,732,0
225,44,22500,9000,1011011100,732,0
225,45,22500,9000,1011011100,732,0
225,46,22500,9000,1011011100,732,0
225,47,22500,9000,1011011100,732,0
225,48,22500,9000,1011011100,732,0
225,49,22500,9000,1011011100,732,0
226,0,22600,8900,1011100000,736,0
226,1,22600,8900,1011011110,734,0
226,2,22600,8900,1011011110,734,0
226,3,22600,8900,1011011111,735,0
226,4,22600,8900,1011100000,736,0
226,5,22600,8900,1011011111,735,0
226,6,22600,8900,1011011111,735,0
226,7,22600,8900,1011011111,735,0
226,8,22600,8900,1011011111,735,0
226,9,22600,8900,1011011111,735,0
226,10,22600,8900,1011011111,735,0
226,11,22600,8900,1011011110,734,0
226,12,22600,8900,1011011110,734,0
226,13,22600,8900,1011011111,735,0
226,14,22600,8900,1011011111,735,0
226,15,22600,8900,1011011111,735,0
226,16,22600,8900,1011011110,734,0
226,17,22600,8900,1011011111,735,0
226,18,22600,8900,1011011111,735,0
226,19,22600,8900,1011011111,735,0
226,20,22600,8900,1011011111,735,0
226,21,22600,8900,1011011111,735,0
226,22,22600,8900,1011011111,735,0
226,23,22600,8900,1011011111,735,0
226,24,22600,8900,1011011110,734,0
226,25,22600,8900,1011011111,735,0
226,26,22600,8900,1011100000,736,0
226,27,22600,8900,1011100000,736,0
226,28,22600,8900,1011100000,736,0
226,29,22600,8900,1011011111,735,0
226,30,22600,8900,1011011111,735,0
226,31,22600,8900,1011011111,735,0
226,32,22600,8900,1011011111,735,0
226,33,22600,8900,1011011111,735,0
226,34,22600,8900,1011011111,735,0
226,35,22600,8900,1011100000,736,0
226,36,22600,8900,1011100000,736,0
226,37,22600,8900,1011011111,735,0
226,38,22600,8900,1011011111,735,0
226,39,22600,8900,1011011110,734,0
226,40,22600,8900,1011011111,735,0
226,41,22600,8900,1011011111,735,0
226,42,22600,8900,1011011111,735,0
226,43,22600,8900,1011011111,735,0
226,44,22600,8900,1011011111,735,0
226,45,22600,8900,1011011111,735,0
226,46,22600,8900,1011011110,734,0
226,47,22600,8900,1011011110,734,0
226,48,22600,8900,1011011110,734,0
226,49,22600,8900,1011011111,735,0
227,0,22700,8800,1011100000,736,0
227,1,22700,8800,1011100000,736,0
227,2,22700,8800,1011100000,736,0
227,3,22700,8800,1011100000,736,0
227,4,22700,8800,1011100000,736,0
227,5,22700,8800,1011100000,736,0
227,6,22700,8800,1011100000,736,0
227,7,22700,8800,1011100000,736,0
227,8,22700,8800,1011100000,736,0
227,9,22700,8800,1011100000,736,0
227,10,22700,8800,1011100000,736,0
227,11,22700,8800,1011100000,736,0
227,12,22700,8800,1011100000,736,0
227,13,22700,8800,1011100000,736,0
227,14,22700,8800,1011100000,736,0
227,15,22700,8800,1011100000,736,0
227,16,22700,8800,1011100000,736,0
227,17,22700,8800,1011100000,736,0
227,18,22700,8800,1011100000,736,0
227,19,22700,8800,1011100000,736,0
227,20,22700,8800,1011100000,736,0
227,21,22700,8800,1011100000,736,0
227,22,22700,8800,1011100000,736,0
227,23,22700,8800,1011100000,736,0
227,24,22700,8800,1011100000,736,0
227,25,22700,8800,1011100000,736,0
227,26,22700,8800,1011100000,736,0
227,27,22700,8800,1011100000,736,0
227,28,22700,8800,1011100000,736,0
227,29,22700,8800,1011100000,736,0
227,30,22700,8800,1011100000,736,0
227,31,22700,8800,1011100000,736,0
227,32,22700,8800,1011100000,736,0
227,33,22700,8800,1011100000,736,0
227,34,22700,8800,1011100000,736,0
227,35,22700,8800,1011100000,736,0
227,36,22700,8800,1011100000,736,0
227,37,22700,8800,1011100000,736,0
227,38,22700,8800,1011100000,736,0
227,39,22700,8800,1011100000,736,0
227,40,22700,8800,1011100000,736,0
227,41,22700,8800,1011100000,736,0
227,42,22700,8800,1011100000,736,0
227,43,22700,8800,1011100000,736,0
227,44,22700,8800,1011100000,736,0
227,45,22700,8800,1011100000,736,0
227,46,22700,8800,1011100000,736,0
227,47,22700,8800,1011100000,736,0
227,48,22700,8800,1011100000,736,0
227,49,22700,8800,1011100000,736,0
228,0,22800,8700,1011100011,739,0
228,1,22800,8700,1011100011,739,0
228,2,22800,8700,1011100011,739,0
228,3,22800,8700,1011100011,739,0
228,4,22800,8700,1011100011,739,0
228,5,22800,8700,1011100011,739,0
228,6,22800,8700,1011100011,739,0
228,7,22800,8700,1011100011,739,0
228,8,22800,8700,1011100011,739,0
228,9,22800,8700,1011100010,738,0
228,10,22800,8700,1011100011,739,0
228,11,22800,8700,1011100011,739,0
228,12,22800,8700,1011100010,738,0
228,13,22800,8700,1011100011,739,0
228,14,22800,8700,1011100011,739,0
228,15,22800,8700,1011100011,739,0
228,16,22800,8700,1011100011,739,0
228,17,22800,8700,1011100011,739,0
228,18,22800,8700,1011100011,739,0
228,19,22800,8700,1011100010,738,0
228,20,22800,8700,1011100010,738,0
228,21,22800,8700,1011100010,738,0
228,22,22800,8700,1011100011,739,0
228,23,22800,8700,1011100011,739,0
228,24,22800,8700,1011100011,739,0
228,25,22800,8700,1011100011,739,0
228,26,22800,8700,1011100010,738,0
228,27,22800,8700,1011100010,738,0
228,28,22800,8700,1011100011,739,0
228,29,22800,8700,1011100011,739,0
228,30,22800,8700,1011100011,739,0
228,31,22800,8700,1011100011,739,0
228,32,22800,8700,1011100011,739,0
228,33,22800,8700,1011100011,739,0
228,34,22800,8700,1011100011,739,0
228,35,22800,8700,1011100011,739,0
228,36,22800,8700,1011100011,739,0
228,37,22800,8700,1011100010,738,0
228,38,22800,8700,1011100011,739,0
228,39,22800,8700,1011100011,739,0
228,40,22800,8700,1011100011,739,0
228,41,22800,8700,1011100010,738,0
228,42,22800,8700,1011100011,739,0
228,43,22800,8700,1011100011,739,0
228,44,22800,8700,1011100010,738,0
228,45,22800,8700,1011100011,739,0
228,46,22800,8700,1011100011,739,0
228,47,22800,8700,1011100011,739,0
228,48,22800,8700,1011100011,739,0
228,49,22800,8700,1011100011,739,0
229,0,22900,8600,1011100110,742,0
229,1,22900,8600,1011100110,742,0
229,2,22900,8600,1011100110,742,0
229,3,22900,8600,1011100110,742,0
229,4,22900,8600,1011100110,742,0
229,5,22900,8600,1011100110,742,0
229,6,22900,8600,1011100110,742,0
229,7,22900,8600,1011100110,742,0
229,8,22900,8600,1011100110,742,0
229,9,22900,8600,1011100110,742,0
229,10,22900,8600,1011100110,742,0
229,11,22900,8600,1011100110,742,0
229,12,22900,8600,1011100110,742,0
229,13,22900,8600,1011100110,742,0
229,14,22900,8600,1011100110,742,0
229,15,22900,8600,1011100110,742,0
229,16,22900,8600,1011100110,742,0
229,17,22900,8600,1011100110,742,0
229,18,22900,8600,1011100110,742,0
229,19,22900,8600,1011100110,742,0
229,20,22900,8600,1011100110,742,0
229,21,22900,8600,1011100110,742,0
229,22,22900,8600,1011100110,742,0
229,23,22900,8600,1011100110,742,0
229,24,22900,8600,1011100110,742,0
229,25,22900,8600,1011100110,742,0
229,26,22900,8600,1011100110,742,0
229,27,22900,8600,1011100110,742,0
229,28,22900,8600,1011100110,742,0
229,29,22900,8600,1011100110,742,0
229,30,22900,8600,1011100110,742,0
229,31,22900,8600,1011100110,742,0
229,32,22900,8600,1011100110,742,0
229,33,22900,8600,1011100110,742,0
229,34,22900,8600,1011100110,742,0
229,35,22900,8600,1011100110,742,0
229,36,22900,8600,1011100110,742,0
229,37,22900,8600,1011100110,742,0
229,38,22900,8600,1011100110,742,0
229,39,22900,8600,1011100110,742,0
229,40,22900,8600,1011100110,742,0
229,41,22900,8600,1011100110,742,0
229,42,22900,8600,1011100110,742,0
229,43,22900,8600,1011100110,742,0
229,44,22900,8600,1011100110,742,0
229,45,22900,8600,1011100110,742,0
229,46,22900,8600,1011100110,742,0
229,47,22900,8600,1011100110,742,0
229,48,22900,8600,1011100110,742,0
229,49,22900,8600,1011100110,742,0
230,0,23000,8500,1011101001,745,0
230,1,23000,8500,1011101001,745,0
230,2,23000,8500,1011101001,745,0
230,3,23000,8500,1011101001,745,0
230,4,23000,8500,1011101001,745,0
230,5,23000,8500,1011101001,745,0
230,6,23000,8500,1011101001,745,0
230,7,23000,8500,1011101001,745,0
230,8,23000,8500,1011101001,745,0
230,9,23000,8500,1011101001,745,0
230,10,23000,8500,1011101001,745,0
230,11,23000,8500,1011101001,745,0
230,12,23000,8500,1011101001,745,0
230,13,23000,8500,1011101001,745,0
230,14,23000,8500,1011101001,745,0
230,15,23000,8500,1011101010,746,0
230,16,23000,8500,1011101001,745,0
230,17,23000,8500,1011101001,745,0
230,18,23000,8500,1011101001,745,0
230,19,23000,8500,1011101001,745,0
230,20,23000,8500,1011101001,745,0
230,21,23000,8500,1011101001,745,0
230,22,23000,8500,1011101001,745,0
230,23,23000,8500,1011101001,745,0
230,24,23000,8500,1011101001,745,0
230,25,23000,8500,1011101001,745,0
230,26,23000,8500,1011101001,745,0
230,27,23000,8500,1011101010,746,0
230,28,23000,8500,1011101001,745,0
230,29,23000,8500,1011101001,745,0
230,30,23000,8500,1011101001,745,0
230,31,23000,8500,1011101001,745,0
230,32,23000,8500,1011101001,745,0
230,33,23000,8500,1011101001,745,0
230,34,23000,8500,1011101001,745,0
230,35,23000,8500,1011101001,745,0
230,36,23000,8500,1011101001,745,0
230,37,23000,8500,1011101001,745,0
230,38,23000,8500,1011101001,745,0
230,39,23000,8500,1011101001,745,0
230,40,23000,8500,1011101001,745,0
230,41,23000,8500,1011101001,745,0
230,42,23000,8500,1011101010,746,0
230,43,23000,8500,1011101001,745,0
230,44,23000,8500,1011101001,745,0
230,45,23000,8500,1011101001,745,0
230,46,23000,8500,1011101001,745,0
230,47,23000,8500,1011101001,745,0
230,48,23000,8500,1011101001,745,0
230,49,23000,8500,1011101001,745,0
231,0,23100,8400,1011101101,749,0
231,1,23100,8400,1011101101,749,0
231,2,23100,8400,1011101101,749,0
231,3,23100,8400,1011101101,749,0
231,4,23100,8400,1011101101,749,0
231,5,23100,8400,1011101101,749,0
231,6,23100,8400,1011101101,749,0
231,7,23100,8400,1011101011,747,0
231,8,23100,8400,1011101100,748,0
231,9,23100,8400,1011101101,749,0
231,10,23100,8400,1011101100,748,0
231,11,23100,8400,1011101101,749,0
231,12,23100,8400,1011101100,748,0
231,13,23100,8400,1011101101,749,0
231,14,23100,8400,1011101101,749,0
231,15,23100,8400,1011101100,748,0
231,16,23100,8400,1011101101,749,0
231,17,23100,8400,1011101101,749,0
231,18,23100,8400,1011101101,749,0
231,19,23100,8400,1011101101,749,0
231,20,23100,8400,1011101101,749,0
231,21,23100,8400,1011101101,749,0
231,22,23100,8400,1011101101,749,0
231,23,23100,8400,1011101101,749,0
231,24,23100,8400,1011101100,748,0
231,25,23100,8400,1011101101,749,0
231,26,23100,8400,1011101100,748,0
231,27,23100,8400,1011101100,748,0
231,28,23100,8400,1011101100,748,0
231,29,23100,8400,1011101101,749,0
231,30,23100,8400,1011101101,749,0
231,31,23100,8400,1011101100,748,0
231,32,23100,8400,1011101100,748,0
231,33,23100,8400,1011101101,749,0
231,34,23100,8400,1011101101,749,0
231,35,23100,8400,1011101101,749,0
231,36,23100,8400,1011101100,748,0
231,37,23100,8400,1011101101,749,0
231,38,23100,8400,1011101101,749,0
231,39,23100,8400,1011101101,749,0
231,40,23100,8400,1011101101,749,0
231,41,23100,8400,1011101101,749,0
231,42,23100,8400,1011101101,749,0
231,43,23100,8400,1011101101,749,0
231,44,23100,8400,1011101101,749,0
231,45,23100,8400,1011101101,749,0
231,46,23100,8400,1011101100,748,0
231,47,23100,8400,1011101101,749,0
231,48,23100,8400,1011101100,748,0
231,49,23100,8400,1011101100,748,0
232,0,23200,8300,1011110001,753,0
232,1,23200,8300,1011110001,753,0
232,2,23200,8300,1011110001,753,0
232,3,23200,8300,1011110001,753,0
232,4,23200,8300,1011110001,753,0
232,5,23200,8300,1011110001,753,0
232,6,23200,8300,1011110001,753,0
232,7,23200,8300,1011110001,753,0
232,8,23200,8300,1011110001,753,0
232,9,23200,8300,1011110001,753,0
232,10,23200,8300,1011110010,754,0
232,11,23200,8300,1011110001,753,0
232,12,23200,8300,1011110010,754,0
232,13,23200,8300,1011110010,754,0
232,14,23200,8300,1011110001,753,0
232,15,23200,8300,1011110001,753,0
232,16,23200,8300,1011110001,753,0
232,17,23200,8300,1011110001,753,0
232,18,23200,8300,1011110001,753,0
232,19,23200,8300,1011110001,753,0
232,20,23200,8300,1011110000,752,0
232,21,23200,8300,1011110000,752,0
232,22,23200,8300,1011110001,753,0
232,23,23200,8300,1011110001,753,0
232,24,23200,8300,1011110010,754,0
232,25,23200,8300,1011110001,753,0
232,26,23200,8300,1011110001,753,0
232,27,23200,8300,1011110001,753,0
232,28,23200,8300,1011110001,753,0
232,29,23200,8300,1011110001,753,0
232,30,23200,8300,1011110001,753,0
232,31,23200,8300,1011110001,753,0
232,32,23200,8300,1011110001,753,0
232,33,23200,8300,1011110001,753,0
232,34,23200,8300,1011110001,753,0
232,35,23200,8300,1011110001,753,0
232,36,23200,8300,1011110001,753,0
232,37,23200,8300,1011110001,753,0
232,38,23200,8300,1011110001,753,0
232,39,23200,8300,1011110001,753,0
232,40,23200,8300,1011110001,753,0
232,41,23200,8300,1011110001,753,0
232,42,23200,8300,1011110010,754,0
232,43,23200,8300,1011110001,753,0
232,44,23200,8300,1011110010,754,0
232,45,23200,8300,1011110001,753,0
232,46,23200,8300,1011110001,753,0
232,47,23200,8300,1011110001,753,0
232,48,23200,8300,1011110001,753,0
232,49,23200,8300,1011110001,753,0
233,0,23300,8200,1011110100,756,0
233,1,23300,8200,1011110101,757,0
233,2,23300,8200,1011110100,756,0
233,3,23300,8200,1011110101,757,0
233,4,23300,8200,1011110100,756,0
233,5,23300,8200,1011110101,757,0
233,6,23300,8200,1011110100,756,0
233,7,23300,8200,1011110101,757,0
233,8,23300,8200,1011110101,757,0
233,9,23300,8200,1011110100,756,0
233,10,23300,8200,1011110101,757,0
233,11,23300,8200,1011110100,756,0
233,12,23300,8200,1011110100,756,0
233,13,23300,8200,1011110100,756,0
233,14,23300,8200,1011110100,756,0
233,15,23300,8200,1011110101,757,0
233,16,23300,8200,1011110100,756,0
233,17,23300,8200,1011110101,757,0
233,18,23300,8200,1011110101,757,0
233,19,23300,8200,1011110101,757,0
233,20,23300,8200,1011110101,757,0
233,21,23300,8200,1011110100,756,0
233,22,23300,8200,1011110101,757,0
233,23,23300,8200,1011110100,756,0
233,24,23300,8200,1011110101,757,0
233,25,23300,8200,1011110101,757,0
233,26,23300,8200,1011110100,756,0
233,27,23300,8200,1011110100,756,0
233,28,23300,8200,1011110100,756,0
233,29,23300,8200,1011110100,756,0
233,30,23300,8200,1011110100,756,0
233,31,23300,8200,1011110100,756,0
233,32,23300,8200,1011110100,756,0
233,33,23300,8200,1011110101,757,0
233,34,23300,8200,1011110100,756,0
233,35,23300,8200,1011110101,757,0
233,36,23300,8200,1011110101,757,0
233,37,23300,8200,1011110100,756,0
233,38,23300,8200,1011110101,757,0
233,39,23300,8200,1011110101,757,0
233,40,23300,8200,1011110100,756,0
233,41,23300,8200,1011110100,756,0
233,42,23300,8200,1011110100,756,0
233,43,23300,8200,1011110100,756,0
233,44,23300,8200,1011110101,757,0
233,45,23300,8200,1011110100,756,0
233,46,23300,8200,1011110100,756,0
233,47,23300,8200,1011110101,757,0
233,48,23300,8200,1011110101,757,0
233,49,23300,8200,1011110100,756,0
234,0,23400,8100,1011111000,760,0
234,1,23400,8100,1011111000,760,0
234,2,23400,8100,1011111000,760,0
234,3,23400,8100,1011111000,760,0
234,4,23400,8100,1011111000,760,0
234,5,23400,8100,1011111000,760,0
234,6,23400,8100,1011111000,760,0
234,7,23400,8100,1011111000,760,0
234,8,23400,8100,1011111000,760,0
234,9,23400,8100,1011111000,760,0
234,10,23400,8100,1011111000,760,0
234,11,23400,8100,1011111000,760,0
234,12,23400,8100,1011111000,760,0
234,13,23400,8100,1011111000,760,0
234,14,23400,8100,1011111000,760,0
234,15,23400,8100,1011111000,760,0
234,16,23400,8100,1011111000,760,0
234,17,23400,8100,1011111000,760,0
234,18,23400,8100,1011111000,760,0
234,19,23400,8100,1011111000,760,0
234,20,23400,8100,1011111000,760,0
234,21,23400,8100,1011111000,760,0
234,22,23400,8100,1011111000,760,0
234,23,23400,8100,1011110111,759,0
234,24,23400,8100,1011111000,760,0
234,25,23400,8100,1011111000,760,0
234,26,23400,8100,1011111000,760,0
234,27,23400,8100,1011111000,760,0
234,28,23400,8100,1011111000,760,0
234,29,23400,8100,1011111000,760,0
234,30,23400,8100,1011111000,760,0
234,31,23400,8100,1011111000,760,0
234,32,23400,8100,1011111000,760,0
234,33,23400,8100,1011111000,760,0
234,34,23400,8100,1011111001,761,0
234,35,23400,8100,1011111000,760,0
234,36,23400,8100,1011111001,761,0
234,37,23400,8100,1011111000,760,0
234,38,23400,8100,1011111000,760,0
234,39,23400,8100,1011111000,760,0
234,40,23400,8100,1011111000,760,0
234,41,23400,8100,1011111000,760,0
234,42,23400,8100,1011111000,760,0
234,43,23400,8100,1011111000,760,0
234,44,23400,8100,1011111000,760,0
234,45,23400,8100,1011111000,760,0
234,46,23400,8100,1011111000,760,0
234,47,23400,8100,1011111000,760,0
234,48,23400,8100,1011111000,760,0
234,49,23400,8100,1011111000,760,0
235,0,23500,8000,1011111011,763,0
235,1,23500,8000,1011111100,764,0
235,2,23500,8000,1011111100,764,0
235,3,23500,8000,1011111100,764,0
235,4,23500,8000,1011111100,764,0
235,5,23500,8000,1011111100,764,0
235,6,23500,8000,1011111100,764,0
235,7,23500,8000,1011111100,764,0
235,8,23500,8000,1011111100,764,0
235,9,23500,8000,1011111100,764,0
235,10,23500,8000,1011111100,764,0
235,11,23500,8000,1011111011,763,0
235,12,23500,8000,1011111100,764,0
235,13,23500,8000,1011111011,763,0
235,14,23500,8000,1011111011,763,0
235,15,23500,8000,1011111011,763,0
235,16,23500,8000,1011111011,763,0
235,17,23500,8000,1011111011,763,0
235,18,23500,8000,1011111100,764,0
235,19,23500,8000,1011111100,764,0
235,20,23500,8000,1011111100,764,0
235,21,23500,8000,1011111011,763,0
235,22,23500,8000,1011111100,764,0
235,23,23500,8000,1011111100,764,0
235,24,23500,8000,1011111011,763,0
235,25,23500,8000,1011111100,764,0
235,26,23500,8000,1011111100,764,0
235,27,23500,8000,1011111011,763,0
235,28,23500,8000,1011111011,763,0
235,29,23500,8000,1011111011,763,0
235,30,23500,8000,1011111011,763,0
235,31,23500,8000,1011111100,764,0
235,32,23500,8000,1011111100,764,0
235,33,23500,8000,1011111100,764,0
235,34,23500,8000,1011111100,764,0
235,35,23500,8000,1011111100,764,0
235,36,23500,8000,1011111011,763,0
235,37,23500,8000,1011111011,763,0
235,38,23500,8000,1011111011,763,0
235,39,23500,8000,1011111011,763,0
235,40,23500,8000,1011111011,763,0
235,41,23500,8000,1011111011,763,0
235,42,23500,8000,1011111011,763,0
235,43,23500,8000,1011111011,763,0
235,44,23500,8000,1011111011,763,0
235,45,23500,8000,1011111100,764,0
235,46,23500,8000,1011111100,764,0
235,47,23500,8000,1011111100,764,0
235,48,23500,8000,1011111100,764,0
235,49,23500,8000,1011111011,763,0
236,0,23600,7900,1011111110,766,0
236,1,23600,7900,1011111110,766,0
236,2,23600,7900,1011111111,767,0
236,3,23600,7900,1011111111,767,0
236,4,23600,7900,1011111111,767,0
236,5,23600,7900,1011111111,767,0
236,6,23600,7900,1011111111,767,0
236,7,23600,7900,1011111111,767,0
236,8,23600,7900,1011111110,766,0
236,9,23600,7900,1100000000,768,0
236,10,23600,7900,1011111111,767,0
236,11,23600,7900,1011111111,767,0
236,12,23600,7900,1011111111,767,0
236,13,23600,7900,1011111111,767,0
236,14,23600,7900,1011111111,767,0
236,15,23600,7900,1011111111,767,0
236,16,23600,7900,1011111111,767,0
236,17,23600,7900,1011111110,766,0
236,18,23600,7900,1011111111,767,0
236,19,23600,7900,1011111111,767,0
236,20,23600,7900,1100000000,768,0
236,21,23600,7900,1100000000,768,0
236,22,23600,7900,1011111110,766,0
236,23,23600,7900,1100000000,768,0
236,24,23600,7900,1011111110,766,0
236,25,23600,7900,1011111111,767,0
236,26,23600,7900,1011111111,767,0
236,27,23600,7900,1100000000,768,0
236,28,23600,7900,1011111111,767,0
236,29,23600,7900,1011111110,766,0
236,30,23600,7900,1011111111,767,0
236,31,23600,7900,1011111111,767,0
236,32,23600,7900,1011111111,767,0
236,33,23600,7900,1011111111,767,0
236,34,23600,7900,1011111110,766,0
236,35,23600,7900,1011111111,767,0
236,36,23600,7900,1011111110,766,0
236,37,23600,7900,1011111111,767,0
236,38,23600,7900,1011111110,766,0
236,39,23600,7900,1011111111,767,0
236,40,23600,7900,1011111111,767,0
236,41,23600,7900,1100000000,768,0
236,42,23600,7900,1011111110,766,0
236,43,23600,7900,1011111110,766,0
236,44,23600,7900,1011111111,767,0
236,45,23600,7900,1011111111,767,0
236,46,23600,7900,1011111111,767,0
236,47,23600,7900,1011111111,767,0
236,48,23600,7900,1011111111,767,0
236,49,23600,7900,1011111111,767,0
237,0,23700,7800,1100000001,769,0
237,1,23700,7800,1100000001,769,0
237,2,23700,7800,1100000001,769,0
237,3,23700,7800,1100000001,769,0
237,4,23700,7800,1100000001,769,0
237,5,23700,7800,1100000001,769,0
237,6,23700,7800,1100000001,769,0
237,7,23700,7800,1100000001,769,0
237,8,23700,7800,1100000001,769,0
237,9,23700,7800,1100000001,769,0
237,10,23700,7800,1100000001,769,0
237,11,23700,7800,1100000001,769,0
237,12,23700,7800,1100000001,769,0
237,13,23700,7800,1100000001,769,0
237,14,23700,7800,1100000001,769,0
237,15,23700,7800,1100000001,769,0
237,16,23700,7800,1100000001,769,0
237,17,23700,7800,1100000001,769,0
237,18,23700,7800,1100000001,769,0
237,19,23700,7800,1100000001,769,0
237,20,23700,7800,1100000001,769,0
237,21,23700,7800,1100000001,769,0
237,22,23700,7800,1100000001,769,0
237,23,23700,7800,1100000001,769,0
237,24,23700,7800,1100000001,769,0
237,25,23700,7800,1100000001,769,0
237,26,23700,7800,1100000001,769,0
237,27,23700,7800,1100000001,769,0
237,28,23700,7800,1100000001,769,0
237,29,23700,7800,1100000001,769,0
237,30,23700,7800,1100000001,769,0
237,31,23700,7800,1100000001,769,0
237,32,23700,7800,1100000001,769,0
237,33,23700,7800,1100000001,769,0
237,34,23700,7800,1100000001,769,0
237,35,23700,7800,1100000001,769,0
237,36,23700,7800,1100000001,769,0
237,37,23700,7800,1100000001,769,0
237,38,23700,7800,1100000001,769,0
237,39,23700,7800,1100000001,769,0
237,40,23700,7800,1100000001,769,0
237,41,23700,7800,1100000000,768,0
237,42,23700,7800,1100000001,769,0
237,43,23700,7800,1100000001,769,0
237,44,23700,7800,1100000001,769,0
237,45,23700,7800,1100000001,769,0
237,46,23700,7800,1100000001,769,0
237,47,23700,7800,1100000001,769,0
237,48,23700,7800,1100000001,769,0
237,49,23700,7800,1100000001,769,0
238,0,23800,7700,1100000100,772,0
238,1,23800,7700,1100000100,772,0
238,2,23800,7700,1100000100,772,0
238,3,23800,7700,1100000100,772,0
238,4,23800,7700,1100000100,772,0
238,5,23800,7700,1100000100,772,0
238,6,23800,7700,1100000100,772,0
238,7,23800,7700,1100000100,772,0
238,8,23800,7700,1100000100,772,0
238,9,23800,7700,1100000101,773,0
238,10,23800,7700,1100000101,773,0
238,11,23800,7700,1100000100,772,0
238,12,23800,7700,1100000100,772,0
238,13,23800,7700,1100000100,772,0
238,14,23800,7700,1100000100,772,0
238,15,23800,7700,1100000100,772,0
238,16,23800,7700,1100000100,772,0
238,17,23800,7700,1100000101,773,0
238,18,23800,7700,1100000101,773,0
238,19,23800,7700,1100000100,772,0
238,20,23800,7700,1100000100,772,0
238,21,23800,7700,1100000100,772,0
238,22,23800,7700,1100000100,772,0
238,23,23800,7700,1100000100,772,0
238,24,23800,7700,1100000100,772,0
238,25,23800,7700,1100000100,772,0
238,26,23800,7700,1100000101,773,0
238,27,23800,7700,1100000100,772,0
238,28,23800,7700,1100000100,772,0
238,29,23800,7700,1100000100,772,0
238,30,23800,7700,1100000100,772,0
238,31,23800,7700,1100000100,772,0
238,32,23800,7700,1100000100,772,0
238,33,23800,7700,1100000100,772,0
238,34,23800,7700,1100000100,772,0
238,35,23800,7700,1100000100,772,0
238,36,23800,7700,1100000100,772,0
238,37,23800,7700,1100000100,772,0
238,38,23800,7700,1100000100,772,0
238,39,23800,7700,1100000100,772,0
238,40,23800,7700,1100000100,772,0
238,41,23800,7700,1100000101,773,0
238,42,23800,7700,1100000100,772,0
238,43,23800,7700,1100000100,772,0
238,44,23800,7700,1100000100,772,0
238,45,23800,7700,1100000100,772,0
238,46,23800,7700,1100000100,772,0
238,47,23800,7700,1100000100,772,0
238,48,23800,7700,1100000100,772,0
238,49,23800,7700,1100000101,773,0
239,0,23900,7600,1100000111,775,0
239,1,23900,7600,1100000111,775,0
239,2,23900,7600,1100000111,775,0
239,3,23900,7600,1100000111,775,0
239,4,23900,7600,1100001000,776,0
239,5,23900,7600,1100001000,776,0
239,6,23900,7600,1100001000,776,0
239,7,23900,7600,1100001000,776,0
239,8,23900,7600,1100001000,776,0
239,9,23900,7600,1100001000,776,0
239,10,23900,7600,1100001000,776,0
239,11,23900,7600,1100000111,775,0
239,12,23900,7600,1100001000,776,0
239,13,23900,7600,1100001000,776,0
239,14,23900,7600,1100001000,776,0
239,15,23900,7600,1100001000,776,0
239,16,23900,7600,1100001000,776,0
239,17,23900,7600,1100001000,776,0
239,18,23900,7600,1100001000,776,0
239,19,23900,7600,1100001000,776,0
239,20,23900,7600,1100001000,776,0
239,21,23900,7600,1100000111,775,0
239,22,23900,7600,1100000111,775,0
239,23,23900,7600,1100001000,776,0
239,24,23900,7600,1100001000,776,0
239,25,23900,7600,1100001000,776,0
239,26,23900,7600,1100001000,776,0
239,27,23900,7600,1100001000,776,0
239,28,23900,7600,1100001000,776,0
239,29,23900,7600,1100001000,776,0
239,30,23900,7600,1100001000,776,0
239,31,23900,7600,1100001000,776,0
239,32,23900,7600,1100001000,776,0
239,33,23900,7600,1100001000,776,0
239,34,23900,7600,1100000111,775,0
239,35,23900,7600,1100001000,776,0
239,36,23900,7600,1100001000,776,0
239,37,23900,7600,1100000111,775,0
239,38,23900,7600,1100001000,776,0
239,39,23900,7600,1100000111,775,0
239,40,23900,7600,1100001000,776,0
239,41,23900,7600,1100001000,776,0
239,42,23900,7600,1100000111,775,0
239,43,23900,7600,1100001000,776,0
239,44,23900,7600,1100001000,776,0
239,45,23900,7600,1100001000,776,0
239,46,23900,7600,1100001000,776,0
239,47,23900,7600,1100000111,775,0
239,48,23900,7600,1100001000,776,0
239,49,23900,7600,1100001000,776,0
240,0,24000,7500,1100001100,780,0
240,1,24000,7500,1100001100,780,0
240,2,24000,7500,1100001011,779,0
240,3,24000,7500,1100001011,779,0
240,4,24000,7500,1100001011,779,0
240,5,24000,7500,1100001100,780,0
240,6,24000,7500,1100001011,779,0
240,7,24000,7500,1100001011,779,0
240,8,24000,7500,1100001011,779,0
240,9,24000,7500,1100001100,780,0
240,10,24000,7500,1100001011,779,0
240,11,24000,7500,1100001011,779,0
240,12,24000,7500,1100001011,779,0
240,13,24000,7500,1100001011,779,0
240,14,24000,7500,1100001011,779,0
240,15,24000,7500,1100001011,779,0
240,16,24000,7500,1100001011,779,0
240,17,24000,7500,1100001011,779,0
240,18,24000,7500,1100001011,779,0
240,19,24000,7500,1100001011,779,0
240,20,24000,7500,1100001011,779,0
240,21,24000,7500,1100001011,779,0
240,22,24000,7500,1100001011,779,0
240,23,24000,7500,1100001011,779,0
240,24,24000,7500,1100001011,779,0
240,25,24000,7500,1100001011,779,0
240,26,24000,7500,1100001011,779,0
240,27,24000,7500,1100001011,779,0
240,28,24000,7500,1100001011,779,0
240,29,24000,7500,1100001100,780,0
240,30,24000,7500,1100001011,779,0
240,31,24000,7500,1100001011,779,0
240,32,24000,7500,1100001011,779,0
240,33,24000,7500,1100001011,779,0
240,34,24000,7500,1100001011,779,0
240,35,24000,7500,1100001100,780,0
240,36,24000,7500,1100001011,779,0
240,37,24000,7500,1100001100,780,0
240,38,24000,7500,1100001011,779,0
240,39,24000,7500,1100001011,779,0
240,40,24000,7500,1100001011,779,0
240,41,24000,7500,1100001011,779,0
240,42,24000,7500,1100001011,779,0
240,43,24000,7500,1100001011,779,0
240,44,24000,7500,1100001011,779,0
240,45,24000,7500,1100001011,779,0
240,46,24000,7500,1100001011,779,0
240,47,24000,7500,1100001011,779,0
240,48,24000,7500,1100001011,779,0
240,49,24000,7500,1100001011,779,0
241,0,24100,7400,1100001111,783,0
241,1,24100,7400,1100001111,783,0
241,2,24100,7400,1100001111,783,0
241,3,24100,7400,1100001111,783,0
241,4,24100,7400,1100001111,783,0
241,5,24100,7400,1100001111,783,0
241,6,24100,7400,1100001111,783,0
241,7,24100,7400,1100001111,783,0
241,8,24100,7400,1100001111,783,0
241,9,24100,7400,1100001110,782,0
241,10,24100,7400,1100001111,783,0
241,11,24100,7400,1100001111,783,0
241,12,24100,7400,1100001110,782,0
241,13,24100,7400,1100001110,782,0
241,14,24100,7400,1100001111,783,0
241,15,24100,7400,1100001111,783,0
241,16,24100,7400,1100001111,783,0
241,17,24100,7400,1100001111,783,0
241,18,24100,7400,1100001111,783,0
241,19,24100,7400,1100001111,783,0
241,20,24100,7400,1100001111,783,0
241,21,24100,7400,1100001111,783,0
241,22,24100,7400,1100001111,783,0
241,23,24100,7400,1100001111,783,0
241,24,24100,7400,1100001111,783,0
241,25,24100,7400,1100001111,783,0
241,26,24100,7400,1100001110,782,0
241,27,24100,7400,1100001111,783,0
241,28,24100,7400,1100001111,783,0
241,29,24100,7400,1100001111,783,0
241,30,24100,7400,1100001111,783,0
241,31,24100,7400,1100001111,783,0
241,32,24100,7400,1100001111,783,0
241,33,24100,7400,1100001111,783,0
241,34,24100,7400,1100001111,783,0
241,35,24100,7400,1100001111,783,0
241,36,24100,7400,1100001111,783,0
241,37,24100,7400,1100001111,783,0
241,38,24100,7400,1100001111,783,0
241,39,24100,7400,1100001111,783,0
241,40,24100,7400,1100001111,783,0
241,41,24100,7400,1100001111,783,0
241,42,24100,7400,1100001111,783,0
241,43,24100,7400,1100001111,783,0
241,44,24100,7400,1100001111,783,0
241,45,24100,7400,1100001111,783,0
241,46,24100,7400,1100001111,783,0
241,47,24100,7400,1100001111,783,0
241,48,24100,7400,1100001111,783,0
241,49,24100,7400,1100001111,783,0
242,0,24200,7300,1100010011,787,0
242,1,24200,7300,1100010011,787,0
242,2,24200,7300,1100010011,787,0
242,3,24200,7300,1100010011,787,0
242,4,24200,7300,1100010011,787,0
242,5,24200,7300,1100010011,787,0
242,6,24200,7300,1100010011,787,0
242,7,24200,7300,1100010011,787,0
242,8,24200,7300,1100010011,787,0
242,9,24200,7300,1100010011,787,0
242,10,24200,7300,1100010011,787,0
242,11,24200,7300,1100010011,787,0
242,12,24200,7300,1100010011,787,0
242,13,24200,7300,1100010011,787,0
242,14,24200,7300,1100010011,787,0
242,15,24200,7300,1100010011,787,0
242,16,24200,7300,1100010011,787,0
242,17,24200,7300,1100010011,787,0
242,18,24200,7300,1100010011,787,0
242,19,24200,7300,1100010011,787,0
242,20,24200,7300,1100010011,787,0
242,21,24200,7300,1100010011,787,0
242,22,24200,7300,1100010011,787,0
242,23,24200,7300,1100010011,787,0
242,24,24200,7300,1100010011,787,0
242,25,24200,7300,1100010011,787,0
242,26,24200,7300,1100010011,787,0
242,27,24200,7300,1100010011,787,0
242,28,24200,7300,1100010011,787,0
242,29,24200,7300,1100010011,787,0
242,30,24200,7300,1100010011,787,0
242,31,24200,7300,1100010011,787,0
242,32,24200,7300,1100010011,787,0
242,33,24200,7300,1100010011,787,0
242,34,24200,7300,1100010011,787,0
242,35,24200,7300,1100010011,787,0
242,36,24200,7300,1100010011,787,0
242,37,24200,7300,1100010011,787,0
242,38,24200,7300,1100010100,788,0
242,39,24200,7300,1100010011,787,0
242,40,24200,7300,1100010011,787,0
242,41,24200,7300,1100010011,787,0
242,42,24200,7300,1100010011,787,0
242,43,24200,7300,1100010011,787,0
242,44,24200,7300,1100010011,787,0
242,45,24200,7300,1100010011,787,0
242,46,24200,7300,1100010011,787,0
242,47,24200,7300,1100010011,787,0
242,48,24200,7300,1100010011,787,0
242,49,24200,7300,1100010011,787,0
243,0,24300,7200,1100010110,790,0
243,1,24300,7200,1100010111,791,0
243,2,24300,7200,1100010111,791,0
243,3,24300,7200,1100010111,791,0
243,4,24300,7200,1100010110,790,0
243,5,24300,7200,1100010111,791,0
243,6,24300,7200,1100010111,791,0
243,7,24300,7200,1100010111,791,0
243,8,24300,7200,1100010111,791,0
243,9,24300,7200,1100010111,791,0
243,10,24300,7200,1100010110,790,0
243,11,24300,7200,1100010110,790,0
243,12,24300,7200,1100010111,791,0
243,13,24300,7200,1100010110,790,0
243,14,24300,7200,1100010110,790,0
243,15,24300,7200,1100010111,791,0
243,16,24300,7200,1100010110,790,0
243,17,24300,7200,1100010110,790,0
243,18,24300,7200,1100010110,790,0
243,19,24300,7200,1100010110,790,0
243,20,24300,7200,1100010110,790,0
243,21,24300,7200,1100010110,790,0
243,22,24300,7200,1100010110,790,0
243,23,24300,7200,1100010111,791,0
243,24,24300,7200,1100010111,791,0
243,25,24300,7200,1100010111,791,0
243,26,24300,7200,1100010111,791,0
243,27,24300,7200,1100010111,791,0
243,28,24300,7200,1100010110,790,0
243,29,24300,7200,1100010111,791,0
243,30,24300,7200,1100010111,791,0
243,31,24300,7200,1100010110,790,0
243,32,24300,7200,1100010111,791,0
243,33,24300,7200,1100010110,790,0
243,34,24300,7200,1100010110,790,0
243,35,24300,7200,1100010110,790,0
243,36,24300,7200,1100010110,790,0
243,37,24300,7200,1100010111,791,0
243,38,24300,7200,1100010110,790,0
243,39,24300,7200,1100010110,790,0
243,40,24300,7200,1100010111,791,0
243,41,24300,7200,1100010111,791,0
243,42,24300,7200,1100010111,791,0
243,43,24300,7200,1100010111,791,0
243,44,24300,7200,1100010111,791,0
243,45,24300,7200,1100010111,791,0
243,46,24300,7200,1100010110,790,0
243,47,24300,7200,1100010110,790,0
243,48,24300,7200,1100010110,790,0
243,49,24300,7200,1100010111,791,0
244,0,24400,7100,1100011010,794,0
244,1,24400,7100,1100011010,794,0
244,2,24400,7100,1100011010,794,0
244,3,24400,7100,1100011001,793,0
244,4,24400,7100,1100011010,794,0
244,5,24400,7100,1100011010,794,0
244,6,24400,7100,1100011010,794,0
244,7,24400,7100,1100011011,795,0
244,8,24400,7100,1100011010,794,0
244,9,24400,7100,1100011010,794,0
244,10,24400,7100,1100011010,794,0
244,11,24400,7100,1100011010,794,0
244,12,24400,7100,1100011010,794,0
244,13,24400,7100,1100011001,793,0
244,14,24400,7100,1100011001,793,0
244,15,24400,7100,1100011010,794,0
244,16,24400,7100,1100011010,794,0
244,17,24400,7100,1100011001,793,0
244,18,24400,7100,1100011010,794,0
244,19,24400,7100,1100011001,793,0
244,20,24400,7100,1100011010,794,0
244,21,24400,7100,1100011001,793,0
244,22,24400,7100,1100011011,795,0
244,23,24400,7100,1100011010,794,0
244,24,24400,7100,1100011010,794,0
244,25,24400,7100,1100011010,794,0
244,26,24400,7100,1100011010,794,0
244,27,24400,7100,1100011010,794,0
244,28,24400,7100,1100011010,794,0
244,29,24400,7100,1100011010,794,0
244,30,24400,7100,1100011010,794,0
244,31,24400,7100,1100011010,794,0
244,32,24400,7100,1100011010,794,0
244,33,24400,7100,1100011010,794,0
244,34,24400,7100,1100011010,794,0
244,35,24400,7100,1100011010,794,0
244,36,24400,7100,1100011010,794,0
244,37,24400,7100,1100011001,793,0
244,38,24400,7100,1100011010,794,0
244,39,24400,7100,1100011010,794,0
244,40,24400,7100,1100011010,794,0
244,41,24400,7100,1100011010,794,0
244,42,24400,7100,1100011010,794,0
244,43,24400,7100,1100011010,794,0
244,44,24400,7100,1100011010,794,0
244,45,24400,7100,1100011010,794,0
244,46,24400,7100,1100011010,794,0
244,47,24400,7100,1100011001,793,0
244,48,24400,7100,1100011010,794,0
244,49,24400,7100,1100011010,794,0
245,0,24500,7000,1100011110,798,0
245,1,24500,7000,1100011110,798,0
245,2,24500,7000,1100011110,798,0
245,3,24500,7000,1100011110,798,0
245,4,24500,7000,1100011110,798,0
245,5,24500,7000,1100011110,798,0
245,6,24500,7000,1100011110,798,0
245,7,24500,7000,1100011110,798,0
245,8,24500,7000,1100011101,797,0
245,9,24500,7000,1100011101,797,0
245,10,24500,7000,1100011101,797,0
245,11,24500,7000,1100011101,797,0
245,12,24500,7000,1100011101,797,0
245,13,24500,7000,1100011101,797,0
245,14,24500,7000,1100011101,797,0
245,15,24500,7000,1100011101,797,0
245,16,24500,7000,1100011101,797,0
245,17,24500,7000,1100011101,797,0
245,18,24500,7000,1100011101,797,0
245,19,24500,7000,1100011110,798,0
245,20,24500,7000,1100011110,798,0
245,21,24500,7000,1100011110,798,0
245,22,24500,7000,1100011110,798,0
245,23,24500,7000,1100011110,798,0
245,24,24500,7000,1100011110,798,0
245,25,24500,7000,1100011101,797,0
245,26,24500,7000,1100011110,798,0
245,27,24500,7000,1100011110,798,0
245,28,24500,7000,1100011110,798,0
245,29,24500,7000,1100011110,798,0
245,30,24500,7000,1100011101,797,0
245,31,24500,7000,1100011101,797,0
245,32,24500,7000,1100011101,797,0
245,33,24500,7000,1100011110,798,0
245,34,24500,7000,1100011101,797,0
245,35,24500,7000,1100011101,797,0
245,36,24500,7000,1100011101,797,0
245,37,24500,7000,1100011110,798,0
245,38,24500,7000,1100011101,797,0
245,39,24500,7000,1100011110,798,0
245,40,24500,7000,1100011110,798,0
245,41,24500,7000,1100011110,798,0
245,42,24500,7000,1100011101,797,0
245,43,24500,7000,1100011101,797,0
245,44,24500,7000,1100011110,798,0
245,45,24500,7000,1100011110,798,0
245,46,24500,7000,1100011101,797,0
245,47,24500,7000,1100011101,797,0
245,48,24500,7000,1100011101,797,0
245,49,24500,7000,1100011101,797,0
246,0,24600,6900,1100100000,800,0
246,1,24600,6900,1100100000,800,0
246,2,24600,6900,1100100000,800,0
246,3,24600,6900,1100100000,800,0
246,4,24600,6900,1100100000,800,0
246,5,24600,6900,1100100000,800,0
246,6,24600,6900,1100100000,800,0
246,7,24600,6900,1100100000,800,0
246,8,24600,6900,1100100000,800,0
246,9,24600,6900,1100100000,800,0
246,10,24600,6900,1100100000,800,0
246,11,24600,6900,1100100000,800,0
246,12,24600,6900,1100100000,800,0
246,13,24600,6900,1100100000,800,0
246,14,24600,6900,1100100000,800,0
246,15,24600,6900,1100100000,800,0
246,16,24600,6900,1100100000,800,0
246,17,24600,6900,1100100000,800,0
246,18,24600,6900,1100100000,800,0
246,19,24600,6900,1100100000,800,0
246,20,24600,6900,1100100000,800,0
246,21,24600,6900,1100100000,800,0
246,22,24600,6900,1100100000,800,0
246,23,24600,6900,1100011111,799,0
246,24,24600,6900,1100100000,800,0
246,25,24600,6900,1100100000,800,0
246,26,24600,6900,1100100000,800,0
246,27,24600,6900,1100100000,800,0
246,28,24600,6900,1100100000,800,0
246,29,24600,6900,1100100000,800,0
246,30,24600,6900,1100100000,800,0
246,31,24600,6900,1100011111,799,0
246,32,24600,6900,1100100000,800,0
246,33,24600,6900,1100100000,800,0
246,34,24600,6900,1100100000,800,0
246,35,24600,6900,1100100000,800,0
246,36,24600,6900,1100100000,800,0
246,37,24600,6900,1100100000,800,0
246,38,24600,6900,1100100000,800,0
246,39,24600,6900,1100100000,800,0
246,40,24600,6900,1100100000,800,0
246,41,24600,6900,1100100000,800,0
246,42,24600,6900,1100100000,800,0
246,43,24600,6900,1100100000,800,0
246,44,24600,6900,1100100000,800,0
246,45,24600,6900,1100100000,800,0
246,46,24600,6900,1100100000,800,0
246,47,24600,6900,1100100000,800,0
246,48,24600,6900,1100011111,799,0
246,49,24600,6900,1100011111,799,0
247,0,24700,6800,1100100001,801,0
247,1,24700,6800,1100100000,800,0
247,2,24700,6800,1100100001,801,0
247,3,24700,6800,1100100000,800,0
247,4,24700,6800,1100100000,800,0
247,5,24700,6800,1100100001,801,0
247,6,24700,6800,1100100001,801,0
247,7,24700,6800,1100100000,800,0
247,8,24700,6800,1100100001,801,0
247,9,24700,6800,1100100000,800,0
247,10,24700,6800,1100100001,801,0
247,11,24700,6800,1100100000,800,0
247,12,24700,6800,1100100000,800,0
247,13,24700,6800,1100100001,801,0
247,14,24700,6800,1100100001,801,0
247,15,24700,6800,1100100000,800,0
247,16,24700,6800,1100100000,800,0
247,17,24700,6800,1100100001,801,0
247,18,24700,6800,1100100000,800,0
247,19,24700,6800,1100100001,801,0
247,20,24700,6800,1100100001,801,0
247,21,24700,6800,1100100000,800,0
247,22,24700,6800,1100100001,801,0
247,23,24700,6800,1100100000,800,0
247,24,24700,6800,1100100001,801,0
247,25,24700,6800,1100100001,801,0
247,26,24700,6800,1100100001,801,0
247,27,24700,6800,1100100000,800,0
247,28,24700,6800,1100100000,800,0
247,29,24700,6800,1100100000,800,0
247,30,24700,6800,1100100001,801,0
247,31,24700,6800,1100100001,801,0
247,32,24700,6800,1100100001,801,0
247,33,24700,6800,1100100000,800,0
247,34,24700,6800,1100100000,800,0
247,35,24700,6800,1100100001,801,0
247,36,24700,6800,1100100001,801,0
247,37,24700,6800,1100100001,801,0
247,38,24700,6800,1100100001,801,0
247,39,24700,6800,1100100000,800,0
247,40,24700,6800,1100100001,801,0
247,41,24700,6800,1100100001,801,0
247,42,24700,6800,1100100001,801,0
247,43,24700,6800,1100100000,800,0
247,44,24700,6800,1100100000,800,0
247,45,24700,6800,1100100001,801,0
247,46,24700,6800,1100100001,801,0
247,47,24700,6800,1100100000,800,0
247,48,24700,6800,1100100001,801,0
247,49,24700,6800,1100100001,801,0
248,0,24800,6700,1100100100,804,0
248,1,24800,6700,1100100100,804,0
248,2,24800,6700,1100100100,804,0
248,3,24800,6700,1100100100,804,0
248,4,24800,6700,1100100100,804,0
248,5,24800,6700,1100100100,804,0
248,6,24800,6700,1100100011,803,0
248,7,24800,6700,1100100100,804,0
248,8,24800,6700,1100100100,804,0
248,9,24800,6700,1100100100,804,0
248,10,24800,6700,1100100100,804,0
248,11,24800,6700,1100100100,804,0
248,12,24800,6700,1100100100,804,0
248,13,24800,6700,1100100100,804,0
248,14,24800,6700,1100100100,804,0
248,15,24800,6700,1100100100,804,0
248,16,24800,6700,1100100100,804,0
248,17,24800,6700,1100100100,804,0
248,18,24800,6700,1100100100,804,0
248,19,24800,6700,1100100100,804,0
248,20,24800,6700,1100100100,804,0
248,21,24800,6700,1100100100,804,0
248,22,24800,6700,1100100100,804,0
248,23,24800,6700,1100100100,804,0
248,24,24800,6700,1100100100,804,0
248,25,24800,6700,1100100100,804,0
248,26,24800,6700,1100100011,803,0
248,27,24800,6700,1100100100,804,0
248,28,24800,6700,1100100100,804,0
248,29,24800,6700,1100100100,804,0
248,30,24800,6700,1100100100,804,0
248,31,24800,6700,1100100100,804,0
248,32,24800,6700,1100100100,804,0
248,33,24800,6700,1100100100,804,0
248,34,24800,6700,1100100100,804,0
248,35,24800,6700,1100100100,804,0
248,36,24800,6700,1100100100,804,0
248,37,24800,6700,1100100100,804,0
248,38,24800,6700,1100100100,804,0
248,39,24800,6700,1100100100,804,0
248,40,24800,6700,1100100100,804,0
248,41,24800,6700,1100100100,804,0
248,42,24800,6700,1100100101,805,0
248,43,24800,6700,1100100100,804,0
248,44,24800,6700,1100100100,804,0
248,45,24800,6700,1100100100,804,0
248,46,24800,6700,1100100100,804,0
248,47,24800,6700,1100100100,804,0
248,48,24800,6700,1100100100,804,0
248,49,24800,6700,1100100100,804,0
249,0,24900,6600,1100100111,807,0
249,1,24900,6600,1100100111,807,0
249,2,24900,6600,1100101000,808,0
249,3,24900,6600,1100100111,807,0
249,4,24900,6600,1100100111,807,0
249,5,24900,6600,1100100111,807,0
249,6,24900,6600,1100101000,808,0
249,7,24900,6600,1100100111,807,0
249,8,24900,6600,1100100111,807,0
249,9,24900,6600,1100101000,808,0
249,10,24900,6600,1100100111,807,0
249,11,24900,6600,1100100111,807,0
249,12,24900,6600,1100100111,807,0
249,13,24900,6600,1100101000,808,0
249,14,24900,6600,1100101000,808,0
249,15,24900,6600,1100100111,807,0
249,16,24900,6600,1100100111,807,0
249,17,24900,6600,1100101000,808,0
249,18,24900,6600,1100100111,807,0
249,19,24900,6600,1100100111,807,0
249,20,24900,6600,1100101000,808,0
249,21,24900,6600,1100100111,807,0
249,22,24900,6600,1100100111,807,0
249,23,24900,6600,1100101000,808,0
249,24,24900,6600,1100101000,808,0
249,25,24900,6600,1100101000,808,0
249,26,24900,6600,1100101000,808,0
249,27,24900,6600,1100100111,807,0
249,28,24900,6600,1100100111,807,0
249,29,24900,6600,1100100111,807,0
249,30,24900,6600,1100100111,807,0
249,31,24900,6600,1100100111,807,0
249,32,24900,6600,1100100111,807,0
249,33,24900,6600,1100100111,807,0
249,34,24900,6600,1100101000,808,0
249,35,24900,6600,1100101000,808,0
249,36,24900,6600,1100100111,807,0
249,37,24900,6600,1100100111,807,0
249,38,24900,6600,1100101000,808,0
249,39,24900,6600,1100100111,807,0
249,40,24900,6600,1100100111,807,0
249,41,24900,6600,1100100111,807,0
249,42,24900,6600,1100100111,807,0
249,43,24900,6600,1100101000,808,0
249,44,24900,6600,1100101000,808,0
249,45,24900,6600,1100100111,807,0
249,46,24900,6600,1100100111,807,0
249,47,24900,6600,1100100111,807,0
249,48,24900,6600,1100100111,807,0
249,49,24900,6600,1100101000,808,0
250,0,25000,6500,1100101100,812,0
250,1,25000,6500,1100101011,811,0
250,2,25000,6500,1100101011,811,0
250,3,25000,6500,1100101011,811,0
250,4,25000,6500,1100101011,811,0
250,5,25000,6500,1100101011,811,0
250,6,25000,6500,1100101100,812,0
250,7,25000,6500,1100101011,811,0
250,8,25000,6500,1100101011,811,0
250,9,25000,6500,1100101011,811,0
250,10,25000,6500,1100101011,811,0
250,11,25000,6500,1100101011,811,0
250,12,25000,6500,1100101011,811,0
250,13,25000,6500,1100101011,811,0
250,14,25000,6500,1100101011,811,0
250,15,25000,6500,1100101011,811,0
250,16,25000,6500,1100101011,811,0
250,17,25000,6500,1100101011,811,0
250,18,25000,6500,1100101011,811,0
250,19,25000,6500,1100101011,811,0
250,20,25000,6500,1100101011,811,0
250,21,25000,6500,1100101010,810,0
250,22,25000,6500,1100101011,811,0
250,23,25000,6500,1100101011,811,0
250,24,25000,6500,1100101011,811,0
250,25,25000,6500,1100101011,811,0
250,26,25000,6500,1100101011,811,0
250,27,25000,6500,1100101011,811,0
250,28,25000,6500,1100101011,811,0
250,29,25000,6500,1100101011,811,0
250,30,25000,6500,1100101011,811,0
250,31,25000,6500,1100101011,811,0
250,32,25000,6500,1100101011,811,0
250,33,25000,6500,1100101011,811,0
250,34,25000,6500,1100101011,811,0
250,35,25000,6500,1100101011,811,0
250,36,25000,6500,1100101011,811,0
250,37,25000,6500,1100101011,811,0
250,38,25000,6500,1100101011,811,0
250,39,25000,6500,1100101011,811,0
250,40,25000,6500,1100101011,811,0
250,41,25000,6500,1100101011,811,0
250,42,25000,6500,1100101011,811,0
250,43,25000,6500,1100101011,811,0
250,44,25000,6500,1100101011,811,0
250,45,25000,6500,1100101011,811,0
250,46,25000,6500,1100101011,811,0
250,47,25000,6500,1100101011,811,0
250,48,25000,6500,1100101011,811,0
250,49,25000,6500,1100101011,811,0
251,0,25100,6400,1100101110,814,0
251,1,25100,6400,1100101110,814,0
251,2,25100,6400,1100101110,814,0
251,3,25100,6400,1100101110,814,0
251,4,25100,6400,1100101111,815,0
251,5,25100,6400,1100101110,814,0
251,6,25100,6400,1100101111,815,0
251,7,25100,6400,1100101111,815,0
251,8,25100,6400,1100101111,815,0
251,9,25100,6400,1100101110,814,0
251,10,25100,6400,1100101110,814,0
251,11,25100,6400,1100101110,814,0
251,12,25100,6400,1100101110,814,0
251,13,25100,6400,1100101111,815,0
251,14,25100,6400,1100101110,814,0
251,15,25100,6400,1100101110,814,0
251,16,25100,6400,1100101110,814,0
251,17,25100,6400,1100101110,814,0
251,18,25100,6400,1100101111,815,0
251,19,25100,6400,1100101110,814,0
251,20,25100,6400,1100101110,814,0
251,21,25100,6400,1100101111,815,0
251,22,25100,6400,1100101110,814,0
251,23,25100,6400,1100101110,814,0
251,24,25100,6400,1100101110,814,0
251,25,25100,6400,1100101111,815,0
251,26,25100,6400,1100101111,815,0
251,27,25100,6400,1100101110,814,0
251,28,25100,6400,1100101110,814,0
251,29,25100,6400,1100101111,815,0
251,30,25100,6400,1100101110,814,0
251,31,25100,6400,1100101111,815,0
251,32,25100,6400,1100101111,815,0
251,33,25100,6400,1100101111,815,0
251,34,25100,6400,1100101110,814,0
251,35,25100,6400,1100101111,815,0
251,36,25100,6400,1100101111,815,0
251,37,25100,6400,1100101111,815,0
251,38,25100,6400,1100101110,814,0
251,39,25100,6400,1100101111,815,0
251,40,25100,6400,1100101111,815,0
251,41,25100,6400,1100101110,814,0
251,42,25100,6400,1100101110,814,0
251,43,25100,6400,1100101111,815,0
251,44,25100,6400,1100101111,815,0
251,45,25100,6400,1100101110,814,0
251,46,25100,6400,1100101111,815,0
251,47,25100,6400,1100101111,815,0
251,48,25100,6400,1100101111,815,0
251,49,25100,6400,1100101111,815,0
252,0,25200,6300,1100110011,819,0
252,1,25200,6300,1100110011,819,0
252,2,25200,6300,1100110011,819,0
252,3,25200,6300,1100110011,819,0
252,4,25200,6300,1100110011,819,0
252,5,25200,6300,1100110011,819,0
252,6,25200,6300,1100110011,819,0
252,7,25200,6300,1100110011,819,0
252,8,25200,6300,1100110011,819,0
252,9,25200,6300,1100110011,819,0
252,10,25200,6300,1100110011,819,0
252,11,25200,6300,1100110011,819,0
252,12,25200,6300,1100110011,819,0
252,13,25200,6300,1100110011,819,0
252,14,25200,6300,1100110011,819,0
252,15,25200,6300,1100110011,819,0
252,16,25200,6300,1100110010,818,0
252,17,25200,6300,1100110011,819,0
252,18,25200,6300,1100110011,819,0
252,19,25200,6300,1100110011,819,0
252,20,25200,6300,1100110011,819,0
252,21,25200,6300,1100111111,831,0
252,22,25200,6300,1100110011,819,0
252,23,25200,6300,1100110011,819,0
252,24,25200,6300,1100110011,819,0
252,25,25200,6300,1100110011,819,0
252,26,25200,6300,1100110011,819,0
252,27,25200,6300,1100110011,819,0
252,28,25200,6300,1100110011,819,0
252,29,25200,6300,1100110011,819,0
252,30,25200,6300,1100110011,819,0
252,31,25200,6300,1100110011,819,0
252,32,25200,6300,1100110011,819,0
252,33,25200,6300,1100110011,819,0
252,34,25200,6300,1100110011,819,0
252,35,25200,6300,1100110011,819,0
252,36,25200,6300,1100110011,819,0
252,37,25200,6300,1100110011,819,0
252,38,25200,6300,1100110011,819,0
252,39,25200,6300,1100110011,819,0
252,40,25200,6300,1100110011,819,0
252,41,25200,6300,1100110011,819,0
252,42,25200,6300,1100110011,819,0
252,43,25200,6300,1100110011,819,0
252,44,25200,6300,1100110011,819,0
252,45,25200,6300,1100110011,819,0
252,46,25200,6300,1100110011,819,0
252,47,25200,6300,1100110011,819,0
252,48,25200,6300,1100110011,819,0
252,49,25200,6300,1100110011,819,0
253,0,25300,6200,1100110110,822,0
253,1,25300,6200,1100110110,822,0
253,2,25300,6200,1100110110,822,0
253,3,25300,6200,1100110110,822,0
253,4,25300,6200,1100110110,822,0
253,5,25300,6200,1100110110,822,0
253,6,25300,6200,1100110110,822,0
253,7,25300,6200,1100110110,822,0
253,8,25300,6200,1100110110,822,0
253,9,25300,6200,1100110110,822,0
253,10,25300,6200,1100110110,822,0
253,11,25300,6200,1100110110,822,0
253,12,25300,6200,1100110111,823,0
253,13,25300,6200,1100110110,822,0
253,14,25300,6200,1100110110,822,0
253,15,25300,6200,1100110110,822,0
253,16,25300,6200,1100110111,823,0
253,17,25300,6200,1100110110,822,0
253,18,25300,6200,1100110110,822,0
253,19,25300,6200,1100110110,822,0
253,20,25300,6200,1100110110,822,0
253,21,25300,6200,1100110110,822,0
253,22,25300,6200,1100110110,822,0
253,23,25300,6200,1100110110,822,0
253,24,25300,6200,1100110110,822,0
253,25,25300,6200,1100110110,822,0
253,26,25300,6200,1100110110,822,0
253,27,25300,6200,1100110110,822,0
253,28,25300,6200,1100110110,822,0
253,29,25300,6200,1100110110,822,0
253,30,25300,6200,1100110110,822,0
253,31,25300,6200,1100110110,822,0
253,32,25300,6200,1100110110,822,0
253,33,25300,6200,1100110110,822,0
253,34,25300,6200,1100110110,822,0
253,35,25300,6200,1100110110,822,0
253,36,25300,6200,1100110110,822,0
253,37,25300,6200,1100110110,822,0
253,38,25300,6200,1100110110,822,0
253,39,25300,6200,1100110110,822,0
253,40,25300,6200,1100110111,823,0
253,41,25300,6200,1100110110,822,0
253,42,25300,6200,1100110110,822,0
253,43,25300,6200,1100110111,823,0
253,44,25300,6200,1100110111,823,0
253,45,25300,6200,1100110110,822,0
253,46,25300,6200,1100110110,822,0
253,47,25300,6200,1100110110,822,0
253,48,25300,6200,1100110110,822,0
253,49,25300,6200,1100110110,822,0
254,0,25400,6100,1100111010,826,0
254,1,25400,6100,1100111010,826,0
254,2,25400,6100,1100111010,826,0
254,3,25400,6100,1100111010,826,0
254,4,25400,6100,1100111001,825,0
254,5,25400,6100,1100111001,825,0
254,6,25400,6100,1100111010,826,0
254,7,25400,6100,1100111010,826,0
254,8,25400,6100,1100111010,826,0
254,9,25400,6100,1100111010,826,0
254,10,25400,6100,1100111010,826,0
254,11,25400,6100,1100111010,826,0
254,12,25400,6100,1100111001,825,0
254,13,25400,6100,1100111001,825,0
254,14,25400,6100,1100111001,825,0
254,15,25400,6100,1100111001,825,0
254,16,25400,6100,1100111001,825,0
254,17,25400,6100,1100111010,826,0
254,18,25400,6100,1100111001,825,0
254,19,25400,6100,1100111001,825,0
254,20,25400,6100,1100111001,825,0
254,21,25400,6100,1100111001,825,0
254,22,25400,6100,1100111010,826,0
254,23,25400,6100,1100111001,825,0
254,24,25400,6100,1100111001,825,0
254,25,25400,6100,1100111001,825,0
254,26,25400,6100,1100111010,826,0
254,27,25400,6100,1100111010,826,0
254,28,25400,6100,1100111001,825,0
254,29,25400,6100,1100111001,825,0
254,30,25400,6100,1100111010,826,0
254,31,25400,6100,1100111001,825,0
254,32,25400,6100,1100111001,825,0
254,33,25400,6100,1100111001,825,0
254,34,25400,6100,1100111001,825,0
254,35,25400,6100,1100111010,826,0
254,36,25400,6100,1100111010,826,0
254,37,25400,6100,1100111010,826,0
254,38,25400,6100,1100111010,826,0
254,39,25400,6100,1100111010,826,0
254,40,25400,6100,1100111010,826,0
254,41,25400,6100,1100111001,825,0
254,42,25400,6100,1100111010,826,0
254,43,25400,6100,1100111001,825,0
254,44,25400,6100,1100111001,825,0
254,45,25400,6100,1100111001,825,0
254,46,25400,6100,1100111001,825,0
254,47,25400,6100,1100111001,825,0
254,48,25400,6100,1100111001,825,0
254,49,25400,6100,1100111010,826,0
255,0,25500,6000,1100111101,829,0
255,1,25500,6000,1100111101,829,0
255,2,25500,6000,1100111101,829,0
255,3,25500,6000,1100111110,830,0
255,4,25500,6000,1100111101,829,0
255,5,25500,6000,1100111110,830,0
255,6,25500,6000,1100111101,829,0
255,7,25500,6000,1100111110,830,0
255,8,25500,6000,1100111101,829,0
255,9,25500,6000,1100111101,829,0
255,10,25500,6000,1100111101,829,0
255,11,25500,6000,1100111101,829,0
255,12,25500,6000,1100111101,829,0
255,13,25500,6000,1100111101,829,0
255,14,25500,6000,1100111101,829,0
255,15,25500,6000,1100111101,829,0
255,16,25500,6000,1100111101,829,0
255,17,25500,6000,1100111110,830,0
255,18,25500,6000,1101111111,895,0
255,19,25500,6000,1100111110,830,0
255,20,25500,6000,1100111101,829,0
255,21,25500,6000,1100111101,829,0
255,22,25500,6000,1100111110,830,0
255,23,25500,6000,1100111101,829,0
255,24,25500,6000,1100111101,829,0
255,25,25500,6000,1100111101,829,0
255,26,25500,6000,1100111101,829,0
255,27,25500,6000,1100111101,829,0
255,28,25500,6000,1100111101,829,0
255,29,25500,6000,1100111101,829,0
255,30,25500,6000,1100111101,829,0
255,31,25500,6000,1100111110,830,0
255,32,25500,6000,1100111101,829,0
255,33,25500,6000,1100111110,830,0
255,34,25500,6000,1100111110,830,0
255,35,25500,6000,1100111101,829,0
255,36,25500,6000,1100111101,829,0
255,37,25500,6000,1100111110,830,0
255,38,25500,6000,1100111101,829,0
255,39,25500,6000,1100111101,829,0
255,40,25500,6000,1100111101,829,0
255,41,25500,6000,1100111101,829,0
255,42,25500,6000,1100111101,829,0
255,43,25500,6000,1100111101,829,0
255,44,25500,6000,1100111101,829,0
255,45,25500,6000,1100111100,828,0
255,46,25500,6000,1100111101,829,0
255,47,25500,6000,1100111101,829,0
255,48,25500,6000,1100111110,830,0
255,49,25500,6000,1100111110,830,0
256,0,25600,5900,1101000000,832,0
256,1,25600,5900,1111111111,1023,0
256,2,25600,5900,1101000000,832,0
256,3,25600,5900,1101000000,832,0
256,4,25600,5900,1101000000,832,0
256,5,25600,5900,1101000000,832,0
256,6,25600,5900,1101000000,832,0
256,7,25600,5900,1101000000,832,0
256,8,25600,5900,1101000000,832,0
256,9,25600,5900,1101000000,832,0
256,10,25600,5900,1101000000,832,0
256,11,25600,5900,1100111111,831,0
256,12,25600,5900,1101000000,832,0
256,13,25600,5900,1101000000,832,0
256,14,25600,5900,1101000000,832,0
256,15,25600,5900,1101000000,832,0
256,16,25600,5900,1101000000,832,0
256,17,25600,5900,1100111111,831,0
256,18,25600,5900,1100111111,831,0
256,19,25600,5900,1101000000,832,0
256,20,25600,5900,1101000000,832,0
256,21,25600,5900,1101000000,832,0
256,22,25600,5900,1100111111,831,0
256,23,25600,5900,1100111111,831,0
256,24,25600,5900,1101000000,832,0
256,25,25600,5900,1101000000,832,0
256,26,25600,5900,1100111111,831,0
256,27,25600,5900,1100111111,831,0
256,28,25600,5900,1100111111,831,0
256,29,25600,5900,1101000000,832,0
256,30,25600,5900,1101000000,832,0
256,31,25600,5900,1100111111,831,0
256,32,25600,5900,1101000000,832,0
256,33,25600,5900,1101000000,832,0
256,34,25600,5900,1101000000,832,0
256,35,25600,5900,1100111111,831,0
256,36,25600,5900,1100111111,831,0
256,37,25600,5900,1101000000,832,0
256,38,25600,5900,1101000000,832,0
256,39,25600,5900,1101000000,832,0
256,40,25600,5900,1100111111,831,0
256,41,25600,5900,1101000000,832,0
256,42,25600,5900,1101000000,832,0
256,43,25600,5900,1101000000,832,0
256,44,25600,5900,1101000000,832,0
256,45,25600,5900,1101000000,832,0
256,46,25600,5900,1100111111,831,0
256,47,25600,5900,1101000000,832,0
256,48,25600,5900,1100111111,831,0
256,49,25600,5900,1101000000,832,0
257,0,25700,5800,1101000001,833,0
257,1,25700,5800,1101000001,833,0
257,2,25700,5800,1101000001,833,0
257,3,25700,5800,1101000001,833,0
257,4,25700,5800,1101000001,833,0
257,5,25700,5800,1101000010,834,0
257,6,25700,5800,1101000001,833,0
257,7,25700,5800,1101000001,833,0
257,8,25700,5800,1101000001,833,0
257,9,25700,5800,1101000001,833,0
257,10,25700,5800,1101000001,833,0
257,11,25700,5800,1101000001,833,0
257,12,25700,5800,1101000001,833,0
257,13,25700,5800,1101000001,833,0
257,14,25700,5800,1101000001,833,0
257,15,25700,5800,1101000001,833,0
257,16,25700,5800,1101000000,832,0
257,17,25700,5800,1101000001,833,0
257,18,25700,5800,1101000001,833,0
257,19,25700,5800,1101000001,833,0
257,20,25700,5800,1101000001,833,0
257,21,25700,5800,1101000000,832,0
257,22,25700,5800,1101000001,833,0
257,23,25700,5800,1101000001,833,0
257,24,25700,5800,1101000001,833,0
257,25,25700,5800,1101000001,833,0
257,26,25700,5800,1101000001,833,0
257,27,25700,5800,1101000001,833,0
257,28,25700,5800,1101000001,833,0
257,29,25700,5800,1101000001,833,0
257,30,25700,5800,1101000001,833,0
257,31,25700,5800,1101000001,833,0
257,32,25700,5800,1101000001,833,0
257,33,25700,5800,1101000001,833,0
257,34,25700,5800,1101000000,832,0
257,35,25700,5800,1101000001,833,0
257,36,25700,5800,1101000001,833,0
257,37,25700,5800,1101000001,833,0
257,38,25700,5800,1101000001,833,0
257,39,25700,5800,1101000001,833,0
257,40,25700,5800,1101000001,833,0
257,41,25700,5800,1101000001,833,0
257,42,25700,5800,1101000010,834,0
257,43,25700,5800,1101000001,833,0
257,44,25700,5800,1101000001,833,0
257,45,25700,5800,1101000001,833,0
257,46,25700,5800,1101000001,833,0
257,47,25700,5800,1101000001,833,0
257,48,25700,5800,1101000001,833,0
257,49,25700,5800,1101000001,833,0
258,0,25800,5700,1101000101,837,0
258,1,25800,5700,1101000100,836,0
258,2,25800,5700,1101000100,836,0
258,3,25800,5700,1101000101,837,0
258,4,25800,5700,0111111111,511,0
258,5,25800,5700,1101000100,836,0
258,6,25800,5700,1101000100,836,0
258,7,25800,5700,1101000101,837,0
258,8,25800,5700,1101000100,836,0
258,9,25800,5700,1101000101,837,0
258,10,25800,5700,1101000100,836,0
258,11,25800,5700,1101000100,836,0
258,12,25800,5700,1101000100,836,0
258,13,25800,5700,1101000100,836,0
258,14,25800,5700,1101000100,836,0
258,15,25800,5700,1101000100,836,0
258,16,25800,5700,1101000100,836,0
258,17,25800,5700,1101000100,836,0
258,18,25800,5700,1101000100,836,0
258,19,25800,5700,1101000101,837,0
258,20,25800,5700,1101000100,836,0
258,21,25800,5700,1101000101,837,0
258,22,25800,5700,1101000101,837,0
258,23,25800,5700,1101000100,836,0
258,24,25800,5700,1101000100,836,0
258,25,25800,5700,1101000101,837,0
258,26,25800,5700,1101000100,836,0
258,27,25800,5700,1101000101,837,0
258,28,25800,5700,1101000100,836,0
258,29,25800,5700,1101000100,836,0
258,30,25800,5700,1101000100,836,0
258,31,25800,5700,1101000100,836,0
258,32,25800,5700,1101000101,837,0
258,33,25800,5700,1101000100,836,0
258,34,25800,5700,1101000100,836,0
258,35,25800,5700,1101000101,837,0
258,36,25800,5700,1101000101,837,0
258,37,25800,5700,1101000101,837,0
258,38,25800,5700,1101000101,837,0
258,39,25800,5700,1101000100,836,0
258,40,25800,5700,1101000100,836,0
258,41,25800,5700,1101000100,836,0
258,42,25800,5700,1101000100,836,0
258,43,25800,5700,1101000100,836,0
258,44,25800,5700,1101000100,836,0
258,45,25800,5700,1101000100,836,0
258,46,25800,5700,1101000100,836,0
258,47,25800,5700,1101000100,836,0
258,48,25800,5700,1101000101,837,0
258,49,25800,5700,1101000100,836,0
259,0,25900,5600,1101001000,840,0
259,1,25900,5600,1101001000,840,0
259,2,25900,5600,1101001000,840,0
259,3,25900,5600,1101001000,840,0
259,4,25900,5600,1101000111,839,0
259,5,25900,5600,1101001000,840,0
259,6,25900,5600,1101001000,840,0
259,7,25900,5600,1101001000,840,0
259,8,25900,5600,1101001000,840,0
259,9,25900,5600,1101000111,839,0
259,10,25900,5600,1101001000,840,0
259,11,25900,5600,1101001000,840,0
259,12,25900,5600,1101001000,840,0
259,13,25900,5600,1101001000,840,0
259,14,25900,5600,1101001000,840,0
259,15,25900,5600,1101001000,840,0
259,16,25900,5600,1101001000,840,0
259,17,25900,5600,1101001000,840,0
259,18,25900,5600,1101001000,840,0
259,19,25900,5600,1101001000,840,0
259,20,25900,5600,1101001000,840,0
259,21,25900,5600,1101001000,840,0
259,22,25900,5600,1101001000,840,0
259,23,25900,5600,1101000111,839,0
259,24,25900,5600,1100111111,831,0
259,25,25900,5600,1101001000,840,0
259,26,25900,5600,1101001000,840,0
259,27,25900,5600,1101001000,840,0
259,28,25900,5600,1101001000,840,0
259,29,25900,5600,1101000111,839,0
259,30,25900,5600,1101001000,840,0
259,31,25900,5600,1101001000,840,0
259,32,25900,5600,1101001000,840,0
259,33,25900,5600,1101001000,840,0
259,34,25900,5600,1101001000,840,0
259,35,25900,5600,1101001000,840,0
259,36,25900,5600,1101001000,840,0
259,37,25900,5600,1101001000,840,0
259,38,25900,5600,1101000111,839,0
259,39,25900,5600,1101001000,840,0
259,40,25900,5600,1101001000,840,0
259,41,25900,5600,1101000111,839,0
259,42,25900,5600,1101001000,840,0
259,43,25900,5600,1101001000,840,0
259,44,25900,5600,1101001000,840,0
259,45,25900,5600,1101001000,840,0
259,46,25900,5600,1101001000,840,0
259,47,25900,5600,1101001000,840,0
259,48,25900,5600,1101001000,840,0
259,49,25900,5600,1101001000,840,0
260,0,26000,5500,1101001011,843,0
260,1,26000,5500,1101001011,843,0
260,2,26000,5500,1101001011,843,0
260,3,26000,5500,1101001011,843,0
260,4,26000,5500,1101001100,844,0
260,5,26000,5500,1101001100,844,0
260,6,26000,5500,1101001100,844,0
260,7,26000,5500,1101001100,844,0
260,8,26000,5500,1101001011,843,0
260,9,26000,5500,1101001011,843,0
260,10,26000,5500,1101001011,843,0
260,11,26000,5500,1101001100,844,0
260,12,26000,5500,1101001011,843,0
260,13,26000,5500,1101001011,843,0
260,14,26000,5500,1101001011,843,0
260,15,26000,5500,1101001011,843,0
260,16,26000,5500,1101001011,843,0
260,17,26000,5500,1101001011,843,0
260,18,26000,5500,1101001011,843,0
260,19,26000,5500,1101001011,843,0
260,20,26000,5500,1101001011,843,0
260,21,26000,5500,1101001100,844,0
260,22,26000,5500,1101001011,843,0
260,23,26000,5500,1101001100,844,0
260,24,26000,5500,1101001011,843,0
260,25,26000,5500,1101001100,844,0
260,26,26000,5500,1101001011,843,0
260,27,26000,5500,1101001100,844,0
260,28,26000,5500,1101001011,843,0
260,29,26000,5500,1101001011,843,0
260,30,26000,5500,1101001100,844,0
260,31,26000,5500,1101001011,843,0
260,32,26000,5500,1101001011,843,0
260,33,26000,5500,1101001100,844,0
260,34,26000,5500,1101001011,843,0
260,35,26000,5500,1101001011,843,0
260,36,26000,5500,1101001011,843,0
260,37,26000,5500,1101001011,843,0
260,38,26000,5500,1101001011,843,0
260,39,26000,5500,1101001100,844,0
260,40,26000,5500,1101001100,844,0
260,41,26000,5500,1101001011,843,0
260,42,26000,5500,1101001011,843,0
260,43,26000,5500,1101001100,844,0
260,44,26000,5500,1101001011,843,0
260,45,26000,5500,1101001011,843,0
260,46,26000,5500,1101001011,843,0
260,47,26000,5500,1101001011,843,0
260,48,26000,5500,1101001100,844,0
260,49,26000,5500,1101001100,844,0
261,0,26100,5400,1101001111,847,0
261,1,26100,5400,1101001111,847,0
261,2,26100,5400,1101001110,846,0
261,3,26100,5400,1101001111,847,0
261,4,26100,5400,1101001111,847,0
261,5,26100,5400,1101001111,847,0
261,6,26100,5400,1101001111,847,0
261,7,26100,5400,1101001111,847,0
261,8,26100,5400,1101001111,847,0
261,9,26100,5400,1101001111,847,0
261,10,26100,5400,1101001111,847,0
261,11,26100,5400,1101001111,847,0
261,12,26100,5400,1101001111,847,0
261,13,26100,5400,1101001111,847,0
261,14,26100,5400,1101001111,847,0
261,15,26100,5400,1101001111,847,0
261,16,26100,5400,1101001111,847,0
261,17,26100,5400,1101001111,847,0
261,18,26100,5400,1101001111,847,0
261,19,26100,5400,1101001111,847,0
261,20,26100,5400,1101001111,847,0
261,21,26100,5400,1101001111,847,0
261,22,26100,5400,1101001111,847,0
261,23,26100,5400,1101001111,847,0
261,24,26100,5400,1101001111,847,0
261,25,26100,5400,1101001111,847,0
261,26,26100,5400,1101001111,847,0
261,27,26100,5400,1101001111,847,0
261,28,26100,5400,1101001111,847,0
261,29,26100,5400,1101001111,847,0
261,30,26100,5400,1101001111,847,0
261,31,26100,5400,1101001111,847,0
261,32,26100,5400,1101001111,847,0
261,33,26100,5400,1101001111,847,0
261,34,26100,5400,1101001111,847,0
261,35,26100,5400,1101001111,847,0
261,36,26100,5400,1101001111,847,0
261,37,26100,5400,1101001111,847,0
261,38,26100,5400,1101001111,847,0
261,39,26100,5400,1101001111,847,0
261,40,26100,5400,1101001111,847,0
261,41,26100,5400,1101001111,847,0
261,42,26100,5400,1101001111,847,0
261,43,26100,5400,1101001111,847,0
261,44,26100,5400,1101001111,847,0
261,45,26100,5400,1101001111,847,0
261,46,26100,5400,1101001111,847,0
261,47,26100,5400,1101001111,847,0
261,48,26100,5400,1101001111,847,0
261,49,26100,5400,1101001111,847,0
262,0,26200,5300,1101010011,851,0
262,1,26200,5300,1101010011,851,0
262,2,26200,5300,1101010011,851,0
262,3,26200,5300,1101010011,851,0
262,4,26200,5300,1101010011,851,0
262,5,26200,5300,1101010011,851,0
262,6,26200,5300,1101010011,851,0
262,7,26200,5300,1101010011,851,0
262,8,26200,5300,1101010011,851,0
262,9,26200,5300,1101010011,851,0
262,10,26200,5300,1101010011,851,0
262,11,26200,5300,1101010011,851,0
262,12,26200,5300,1101010011,851,0
262,13,26200,5300,1101010011,851,0
262,14,26200,5300,1101010011,851,0
262,15,26200,5300,1101010011,851,0
262,16,26200,5300,1101010011,851,0
262,17,26200,5300,1101010011,851,0
262,18,26200,5300,1101010011,851,0
262,19,26200,5300,1101010011,851,0
262,20,26200,5300,1101010011,851,0
262,21,26200,5300,1101010011,851,0
262,22,26200,5300,1101010011,851,0
262,23,26200,5300,1101010011,851,0
262,24,26200,5300,1101010011,851,0
262,25,26200,5300,1101010011,851,0
262,26,26200,5300,1101010011,851,0
262,27,26200,5300,1101010011,851,0
262,28,26200,5300,1101010011,851,0
262,29,26200,5300,1101010011,851,0
262,30,26200,5300,1101010011,851,0
262,31,26200,5300,1101010011,851,0
262,32,26200,5300,1101010011,851,0
262,33,26200,5300,1101010011,851,0
262,34,26200,5300,1101010011,851,0
262,35,26200,5300,1101010011,851,0
262,36,26200,5300,1101010011,851,0
262,37,26200,5300,1101010011,851,0
262,38,26200,5300,1101010011,851,0
262,39,26200,5300,1101010011,851,0
262,40,26200,5300,1101010011,851,0
262,41,26200,5300,1101010011,851,0
262,42,26200,5300,1101010011,851,0
262,43,26200,5300,1101010011,851,0
262,44,26200,5300,1101010011,851,0
262,45,26200,5300,1101010011,851,0
262,46,26200,5300,1101010011,851,0
262,47,26200,5300,1101010011,851,0
262,48,26200,5300,1101010011,851,0
262,49,26200,5300,1101010011,851,0
263,0,26300,5200,1101010110,854,0
263,1,26300,5200,1101010111,855,0
263,2,26300,5200,1101010111,855,0
263,3,26300,5200,1101010111,855,0
263,4,26300,5200,1101010110,854,0
263,5,26300,5200,1101010111,855,0
263,6,26300,5200,1101010110,854,0
263,7,26300,5200,1101010111,855,0
263,8,26300,5200,1101010111,855,0
263,9,26300,5200,1101010111,855,0
263,10,26300,5200,1101010111,855,0
263,11,26300,5200,1101010111,855,0
263,12,26300,5200,1101010111,855,0
263,13,26300,5200,1101010111,855,0
263,14,26300,5200,1101010111,855,0
263,15,26300,5200,1101010110,854,0
263,16,26300,5200,1101010111,855,0
263,17,26300,5200,1101010111,855,0
263,18,26300,5200,1101010111,855,0
263,19,26300,5200,1101010111,855,0
263,20,26300,5200,1101010111,855,0
263,21,26300,5200,1101010111,855,0
263,22,26300,5200,1101010110,854,0
263,23,26300,5200,1101010110,854,0
263,24,26300,5200,1101010111,855,0
263,25,26300,5200,1101010111,855,0
263,26,26300,5200,1101010111,855,0
263,27,26300,5200,1101010111,855,0
263,28,26300,5200,1101010111,855,0
263,29,26300,5200,1101010110,854,0
263,30,26300,5200,1101010111,855,0
263,31,26300,5200,1101010111,855,0
263,32,26300,5200,1101010111,855,0
263,33,26300,5200,1101010110,854,0
263,34,26300,5200,1101010111,855,0
263,35,26300,5200,1101010111,855,0
263,36,26300,5200,1101010111,855,0
263,37,26300,5200,1101010111,855,0
263,38,26300,5200,1101010111,855,0
263,39,26300,5200,1101010111,855,0
263,40,26300,5200,1101010110,854,0
263,41,26300,5200,1101010111,855,0
263,42,26300,5200,1101010111,855,0
263,43,26300,5200,1101010111,855,0
263,44,26300,5200,1101010111,855,0
263,45,26300,5200,1101010111,855,0
263,46,26300,5200,1101010110,854,0
263,47,26300,5200,1101010111,855,0
263,48,26300,5200,1101010111,855,0
263,49,26300,5200,1101010110,854,0
264,0,26400,5100,1101011010,858,0
264,1,26400,5100,1101011010,858,0
264,2,26400,5100,1101011010,858,0
264,3,26400,5100,1101011010,858,0
264,4,26400,5100,1101011010,858,0
264,5,26400,5100,1101011010,858,0
264,6,26400,5100,1101011010,858,0
264,7,26400,5100,1101011001,857,0
264,8,26400,5100,1101011010,858,0
264,9,26400,5100,1101011011,859,0
264,10,26400,5100,1101011010,858,0
264,11,26400,5100,1101011010,858,0
264,12,26400,5100,1101011010,858,0
264,13,26400,5100,1101011010,858,0
264,14,26400,5100,1101011010,858,0
264,15,26400,5100,1101011010,858,0
264,16,26400,5100,1101011010,858,0
264,17,26400,5100,1101011010,858,0
264,18,26400,5100,1101011010,858,0
264,19,26400,5100,1101011010,858,0
264,20,26400,5100,1101011010,858,0
264,21,26400,5100,1101011010,858,0
264,22,26400,5100,1101011010,858,0
264,23,26400,5100,1101011010,858,0
264,24,26400,5100,1101011010,858,0
264,25,26400,5100,1101011010,858,0
264,26,26400,5100,1101011010,858,0
264,27,26400,5100,1101011010,858,0
264,28,26400,5100,1101011010,858,0
264,29,26400,5100,1101011010,858,0
264,30,26400,5100,1101011010,858,0
264,31,26400,5100,1101011010,858,0
264,32,26400,5100,1101011010,858,0
264,33,26400,5100,1101011010,858,0
264,34,26400,5100,1101011010,858,0
264,35,26400,5100,1101011010,858,0
264,36,26400,5100,1101011010,858,0
264,37,26400,5100,1101011010,858,0
264,38,26400,5100,1101011010,858,0
264,39,26400,5100,1101011010,858,0
264,40,26400,5100,1101011010,858,0
264,41,26400,5100,1101011010,858,0
264,42,26400,5100,1101011010,858,0
264,43,26400,5100,1101011010,858,0
264,44,26400,5100,1101011010,858,0
264,45,26400,5100,1101011010,858,0
264,46,26400,5100,1101011010,858,0
264,47,26400,5100,1101011001,857,0
264,48,26400,5100,1101011010,858,0
264,49,26400,5100,1101011010,858,0
265,0,26500,5000,1101011110,862,0
265,1,26500,5000,1101011101,861,0
265,2,26500,5000,1101011110,862,0
265,3,26500,5000,1101011101,861,0
265,4,26500,5000,1101011101,861,0
265,5,26500,5000,1101011110,862,0
265,6,26500,5000,1101011110,862,0
265,7,26500,5000,1101011110,862,0
265,8,26500,5000,1101011110,862,0
265,9,26500,5000,1101011101,861,0
265,10,26500,5000,1101011110,862,0
265,11,26500,5000,1101011110,862,0
265,12,26500,5000,1101011101,861,0
265,13,26500,5000,1101011110,862,0
265,14,26500,5000,1101011110,862,0
265,15,26500,5000,1101011110,862,0
265,16,26500,5000,1101011101,861,0
265,17,26500,5000,1101011101,861,0
265,18,26500,5000,1101011101,861,0
265,19,26500,5000,1101011110,862,0
265,20,26500,5000,1101011101,861,0
265,21,26500,5000,1101011110,862,0
265,22,26500,5000,1101011101,861,0
265,23,26500,5000,1101011110,862,0
265,24,26500,5000,1101011110,862,0
265,25,26500,5000,1101011110,862,0
265,26,26500,5000,1101011110,862,0
265,27,26500,5000,1101011110,862,0
265,28,26500,5000,1101011110,862,0
265,29,26500,5000,1101011110,862,0
265,30,26500,5000,1101011101,861,0
265,31,26500,5000,1101011110,862,0
265,32,26500,5000,1101011101,861,0
265,33,26500,5000,1101011110,862,0
265,34,26500,5000,1101011110,862,0
265,35,26500,5000,1101011101,861,0
265,36,26500,5000,1101011101,861,0
265,37,26500,5000,1101011110,862,0
265,38,26500,5000,1101011110,862,0
265,39,26500,5000,1101011101,861,0
265,40,26500,5000,1101011101,861,0
265,41,26500,5000,1101011110,862,0
265,42,26500,5000,1101011101,861,0
265,43,26500,5000,1101011110,862,0
265,44,26500,5000,1101011110,862,0
265,45,26500,5000,1101011101,861,0
265,46,26500,5000,1101011110,862,0
265,47,26500,5000,1101011110,862,0
265,48,26500,5000,1101011110,862,0
265,49,26500,5000,1101011110,862,0
266,0,26600,4900,1101100000,864,0
266,1,26600,4900,1101100000,864,0
266,2,26600,4900,1101100000,864,0
266,3,26600,4900,1101011111,863,0
266,4,26600,4900,1101011111,863,0
266,5,26600,4900,1101100000,864,0
266,6,26600,4900,1101100000,864,0
266,7,26600,4900,1101100000,864,0
266,8,26600,4900,1101100000,864,0
266,9,26600,4900,1101100000,864,0
266,10,26600,4900,1101100000,864,0
266,11,26600,4900,1101100000,864,0
266,12,26600,4900,1101100000,864,0
266,13,26600,4900,1101100000,864,0
266,14,26600,4900,1101100000,864,0
266,15,26600,4900,1101100000,864,0
266,16,26600,4900,1101100000,864,0
266,17,26600,4900,1101100000,864,0
266,18,26600,4900,1101100000,864,0
266,19,26600,4900,1101100000,864,0
266,20,26600,4900,1101100000,864,0
266,21,26600,4900,1101100000,864,0
266,22,26600,4900,1101100000,864,0
266,23,26600,4900,1101100000,864,0
266,24,26600,4900,1101100000,864,0
266,25,26600,4900,1101100000,864,0
266,26,26600,4900,1101100000,864,0
266,27,26600,4900,1101100000,864,0
266,28,26600,4900,1101100000,864,0
266,29,26600,4900,1101100000,864,0
266,30,26600,4900,1101100000,864,0
266,31,26600,4900,1101100000,864,0
266,32,26600,4900,1101100000,864,0
266,33,26600,4900,1101100000,864,0
266,34,26600,4900,1101011111,863,0
266,35,26600,4900,1101100000,864,0
266,36,26600,4900,1101011111,863,0
266,37,26600,4900,1101100000,864,0
266,38,26600,4900,1101100000,864,0
266,39,26600,4900,1101100000,864,0
266,40,26600,4900,1101100000,864,0
266,41,26600,4900,1101100000,864,0
266,42,26600,4900,1101100000,864,0
266,43,26600,4900,1101100000,864,0
266,44,26600,4900,1101100000,864,0
266,45,26600,4900,1101100000,864,0
266,46,26600,4900,1101100000,864,0
266,47,26600,4900,1101100000,864,0
266,48,26600,4900,1101100000,864,0
266,49,26600,4900,1101100000,864,0
267,0,26700,4800,1101100000,864,0
267,1,26700,4800,1101100001,865,0
267,2,26700,4800,1101100001,865,0
267,3,26700,4800,1101100001,865,0
267,4,26700,4800,1101100001,865,0
267,5,26700,4800,1101100001,865,0
267,6,26700,4800,1101100001,865,0
267,7,26700,4800,1101100001,865,0
267,8,26700,4800,1101100001,865,0
267,9,26700,4800,1101100001,865,0
267,10,26700,4800,1101100001,865,0
267,11,26700,4800,1101100001,865,0
267,12,26700,4800,1101100001,865,0
267,13,26700,4800,1101100001,865,0
267,14,26700,4800,1101100001,865,0
267,15,26700,4800,1101100001,865,0
267,16,26700,4800,1101100000,864,0
267,17,26700,4800,1101100001,865,0
267,18,26700,4800,1101100000,864,0
267,19,26700,4800,1101100001,865,0
267,20,26700,4800,1101100001,865,0
267,21,26700,4800,1101100001,865,0
267,22,26700,4800,1101100001,865,0
267,23,26700,4800,1101100001,865,0
267,24,26700,4800,1101100001,865,0
267,25,26700,4800,1101100001,865,0
267,26,26700,4800,1101100001,865,0
267,27,26700,4800,1101100001,865,0
267,28,26700,4800,1101100001,865,0
267,29,26700,4800,1101100001,865,0
267,30,26700,4800,1101100001,865,0
267,31,26700,4800,1101100001,865,0
267,32,26700,4800,1101100001,865,0
267,33,26700,4800,1101100001,865,0
267,34,26700,4800,1101100001,865,0
267,35,26700,4800,1101100001,865,0
267,36,26700,4800,1101100001,865,0
267,37,26700,4800,1101100001,865,0
267,38,26700,4800,1101100001,865,0
267,39,26700,4800,1101100000,864,0
267,40,26700,4800,1101100000,864,0
267,41,26700,4800,1101100001,865,0
267,42,26700,4800,1101100001,865,0
267,43,26700,4800,1101100001,865,0
267,44,26700,4800,1101100001,865,0
267,45,26700,4800,1101100001,865,0
267,46,26700,4800,1101100001,865,0
267,47,26700,4800,1101100001,865,0
267,48,26700,4800,1101100001,865,0
267,49,26700,4800,1101100001,865,0
268,0,26800,4700,1101100100,868,0
268,1,26800,4700,1101100101,869,0
268,2,26800,4700,1101100101,869,0
268,3,26800,4700,1101100101,869,0
268,4,26800,4700,1101100100,868,0
268,5,26800,4700,1101100101,869,0
268,6,26800,4700,1101100100,868,0
268,7,26800,4700,1101100100,868,0
268,8,26800,4700,1101100100,868,0
268,9,26800,4700,1101100011,867,0
268,10,26800,4700,1101100101,869,0
268,11,26800,4700,1101100100,868,0
268,12,26800,4700,1101100100,868,0
268,13,26800,4700,1101100100,868,0
268,14,26800,4700,1101100100,868,0
268,15,26800,4700,1101100100,868,0
268,16,26800,4700,1101100100,868,0
268,17,26800,4700,1101100101,869,0
268,18,26800,4700,1101100101,869,0
268,19,26800,4700,1101100100,868,0
268,20,26800,4700,1101100101,869,0
268,21,26800,4700,1101100100,868,0
268,22,26800,4700,1101100100,868,0
268,23,26800,4700,1101100100,868,0
268,24,26800,4700,1101100100,868,0
268,25,26800,4700,1101100100,868,0
268,26,26800,4700,1101100100,868,0
268,27,26800,4700,1101100011,867,0
268,28,26800,4700,1101100100,868,0
268,29,26800,4700,1101100101,869,0
268,30,26800,4700,1101100100,868,0
268,31,26800,4700,1101100100,868,0
268,32,26800,4700,1101100100,868,0
268,33,26800,4700,1101100101,869,0
268,34,26800,4700,1101100101,869,0
268,35,26800,4700,1101100100,868,0
268,36,26800,4700,1101100100,868,0
268,37,26800,4700,1101100100,868,0
268,38,26800,4700,1101100100,868,0
268,39,26800,4700,1101100100,868,0
268,40,26800,4700,1101100100,868,0
268,41,26800,4700,1101100100,868,0
268,42,26800,4700,1101100100,868,0
268,43,26800,4700,1101100100,868,0
268,44,26800,4700,1101100100,868,0
268,45,26800,4700,1101100100,868,0
268,46,26800,4700,1101100100,868,0
268,47,26800,4700,1101100100,868,0
268,48,26800,4700,1101100101,869,0
268,49,26800,4700,1101100101,869,0
269,0,26900,4600,1101101000,872,0
269,1,26900,4600,1101101000,872,0
269,2,26900,4600,1101100111,871,0
269,3,26900,4600,1101101000,872,0
269,4,26900,4600,1101100111,871,0
269,5,26900,4600,1101100111,871,0
269,6,26900,4600,1101100111,871,0
269,7,26900,4600,1101100111,871,0
269,8,26900,4600,1101101000,872,0
269,9,26900,4600,1101101000,872,0
269,10,26900,4600,1101100111,871,0
269,11,26900,4600,1101101000,872,0
269,12,26900,4600,1101101000,872,0
269,13,26900,4600,1101101000,872,0
269,14,26900,4600,1101101000,872,0
269,15,26900,4600,1101100111,871,0
269,16,26900,4600,1101101000,872,0
269,17,26900,4600,1101100110,870,0
269,18,26900,4600,1101101000,872,0
269,19,26900,4600,1101100111,871,0
269,20,26900,4600,1101100111,871,0
269,21,26900,4600,1101100111,871,0
269,22,26900,4600,1101101000,872,0
269,23,26900,4600,1101101000,872,0
269,24,26900,4600,1101100111,871,0
269,25,26900,4600,1101101000,872,0
269,26,26900,4600,1101101000,872,0
269,27,26900,4600,1101101000,872,0
269,28,26900,4600,1101101000,872,0
269,29,26900,4600,1101101000,872,0
269,30,26900,4600,1101100111,871,0
269,31,26900,4600,1101101000,872,0
269,32,26900,4600,1101100111,871,0
269,33,26900,4600,1101101000,872,0
269,34,26900,4600,1101101000,872,0
269,35,26900,4600,1101100111,871,0
269,36,26900,4600,1101100111,871,0
269,37,26900,4600,1101100111,871,0
269,38,26900,4600,1101101000,872,0
269,39,26900,4600,1101101000,872,0
269,40,26900,4600,1101101000,872,0
269,41,26900,4600,1101101000,872,0
269,42,26900,4600,1101100111,871,0
269,43,26900,4600,1101100111,871,0
269,44,26900,4600,1101100111,871,0
269,45,26900,4600,1101101000,872,0
269,46,26900,4600,1101101000,872,0
269,47,26900,4600,1101100111,871,0
269,48,26900,4600,1101100111,871,0
269,49,26900,4600,1101101000,872,0
270,0,27000,4500,1101101011,875,0
270,1,27000,4500,1101101011,875,0
270,2,27000,4500,1101101011,875,0
270,3,27000,4500,1101101011,875,0
270,4,27000,4500,1101101011,875,0
270,5,27000,4500,1101101011,875,0
270,6,27000,4500,1101101011,875,0
270,7,27000,4500,1101101011,875,0
270,8,27000,4500,1101101011,875,0
270,9,27000,4500,1101101011,875,0
270,10,27000,4500,1101101011,875,0
270,11,27000,4500,1101101100,876,0
270,12,27000,4500,1101101011,875,0
270,13,27000,4500,1101101100,876,0
270,14,27000,4500,1101101011,875,0
270,15,27000,4500,1101101100,876,0
270,16,27000,4500,1101101011,875,0
270,17,27000,4500,1101101011,875,0
270,18,27000,4500,1101101011,875,0
270,19,27000,4500,1101101011,875,0
270,20,27000,4500,1101101011,875,0
270,21,27000,4500,1101101011,875,0
270,22,27000,4500,1101101010,874,0
270,23,27000,4500,1101101011,875,0
270,24,27000,4500,1101101011,875,0
270,25,27000,4500,1101101011,875,0
270,26,27000,4500,1101101011,875,0
270,27,27000,4500,1101101011,875,0
270,28,27000,4500,1101101011,875,0
270,29,27000,4500,1101101011,875,0
270,30,27000,4500,1101101011,875,0
270,31,27000,4500,1101101011,875,0
270,32,27000,4500,1101101011,875,0
270,33,27000,4500,1101101011,875,0
270,34,27000,4500,1101101011,875,0
270,35,27000,4500,1101101011,875,0
270,36,27000,4500,1101101011,875,0
270,37,27000,4500,1101101100,876,0
270,38,27000,4500,1101101011,875,0
270,39,27000,4500,1101101011,875,0
270,40,27000,4500,1101101011,875,0
270,41,27000,4500,1101101011,875,0
270,42,27000,4500,1101101011,875,0
270,43,27000,4500,1101101011,875,0
270,44,27000,4500,1101101011,875,0
270,45,27000,4500,1101101011,875,0
270,46,27000,4500,1101101011,875,0
270,47,27000,4500,1101101011,875,0
270,48,27000,4500,1101101011,875,0
270,49,27000,4500,1101101011,875,0
271,0,27100,4400,1101101111,879,0
271,1,27100,4400,1101101111,879,0
271,2,27100,4400,1101101111,879,0
271,3,27100,4400,1101101111,879,0
271,4,27100,4400,1101101111,879,0
271,5,27100,4400,1101101111,879,0
271,6,27100,4400,1101101111,879,0
271,7,27100,4400,1101101111,879,0
271,8,27100,4400,1101101111,879,0
271,9,27100,4400,1101101111,879,0
271,10,27100,4400,1101101111,879,0
271,11,27100,4400,1101101111,879,0
271,12,27100,4400,1101101111,879,0
271,13,27100,4400,1101101111,879,0
271,14,27100,4400,1101101110,878,0
271,15,27100,4400,1101101110,878,0
271,16,27100,4400,1101101110,878,0
271,17,27100,4400,1101101110,878,0
271,18,27100,4400,1101101110,878,0
271,19,27100,4400,1101101110,878,0
271,20,27100,4400,1101101110,878,0
271,21,27100,4400,1101101110,878,0
271,22,27100,4400,1101101111,879,0
271,23,27100,4400,1101101111,879,0
271,24,27100,4400,1101101111,879,0
271,25,27100,4400,1101101111,879,0
271,26,27100,4400,1101101111,879,0
271,27,27100,4400,1101101111,879,0
271,28,27100,4400,1101101111,879,0
271,29,27100,4400,1101101111,879,0
271,30,27100,4400,1101101111,879,0
271,31,27100,4400,1101101111,879,0
271,32,27100,4400,1101101111,879,0
271,33,27100,4400,1101101110,878,0
271,34,27100,4400,1101101110,878,0
271,35,27100,4400,1101101110,878,0
271,36,27100,4400,1101101111,879,0
271,37,27100,4400,1101101111,879,0
271,38,27100,4400,1101101110,878,0
271,39,27100,4400,1101101111,879,0
271,40,27100,4400,1101101111,879,0
271,41,27100,4400,1101101111,879,0
271,42,27100,4400,1101101111,879,0
271,43,27100,4400,1101101111,879,0
271,44,27100,4400,1101101111,879,0
271,45,27100,4400,1101101111,879,0
271,46,27100,4400,1101101110,878,0
271,47,27100,4400,1101101111,879,0
271,48,27100,4400,1101101110,878,0
271,49,27100,4400,1101101111,879,0
272,0,27200,4300,1101110011,883,0
272,1,27200,4300,1101110011,883,0
272,2,27200,4300,1101110011,883,0
272,3,27200,4300,1101110011,883,0
272,4,27200,4300,1101110011,883,0
272,5,27200,4300,1101110011,883,0
272,6,27200,4300,1101110011,883,0
272,7,27200,4300,1101110011,883,0
272,8,27200,4300,1101110011,883,0
272,9,27200,4300,1101110011,883,0
272,10,27200,4300,1101110010,882,0
272,11,27200,4300,1101110010,882,0
272,12,27200,4300,1101110011,883,0
272,13,27200,4300,1101110011,883,0
272,14,27200,4300,1101110011,883,0
272,15,27200,4300,1101110011,883,0
272,16,27200,4300,1101110011,883,0
272,17,27200,4300,1101110011,883,0
272,18,27200,4300,1101110011,883,0
272,19,27200,4300,1101110011,883,0
272,20,27200,4300,1101110011,883,0
272,21,27200,4300,1101110011,883,0
272,22,27200,4300,1101110011,883,0
272,23,27200,4300,1101110011,883,0
272,24,27200,4300,1101110011,883,0
272,25,27200,4300,1101110011,883,0
272,26,27200,4300,1101110011,883,0
272,27,27200,4300,1101110011,883,0
272,28,27200,4300,1101110011,883,0
272,29,27200,4300,1101110011,883,0
272,30,27200,4300,1101110010,882,0
272,31,27200,4300,1101110010,882,0
272,32,27200,4300,1101110011,883,0
272,33,27200,4300,1101110011,883,0
272,34,27200,4300,1101110011,883,0
272,35,27200,4300,1101110011,883,0
272,36,27200,4300,1101110011,883,0
272,37,27200,4300,1101110011,883,0
272,38,27200,4300,1101110011,883,0
272,39,27200,4300,1101110011,883,0
272,40,27200,4300,1101110011,883,0
272,41,27200,4300,1101110011,883,0
272,42,27200,4300,1101110011,883,0
272,43,27200,4300,1101110011,883,0
272,44,27200,4300,1101110011,883,0
272,45,27200,4300,1101110011,883,0
272,46,27200,4300,1101110011,883,0
272,47,27200,4300,1101110011,883,0
272,48,27200,4300,1101110011,883,0
272,49,27200,4300,1101110011,883,0
273,0,27300,4200,1101110110,886,0
273,1,27300,4200,1101110111,887,0
273,2,27300,4200,1101110110,886,0
273,3,27300,4200,1101110111,887,0
273,4,27300,4200,1101110111,887,0
273,5,27300,4200,1101110111,887,0
273,6,27300,4200,1101110111,887,0
273,7,27300,4200,1101110110,886,0
273,8,27300,4200,1101110110,886,0
273,9,27300,4200,1101110111,887,0
273,10,27300,4200,1101110111,887,0
273,11,27300,4200,1101110111,887,0
273,12,27300,4200,1101110111,887,0
273,13,27300,4200,1101110110,886,0
273,14,27300,4200,1101110111,887,0
273,15,27300,4200,1101111000,888,0
273,16,27300,4200,1101110111,887,0
273,17,27300,4200,1101110111,887,0
273,18,27300,4200,1101110110,886,0
273,19,27300,4200,1101110111,887,0
273,20,27300,4200,1101110101,885,0
273,21,27300,4200,1101110110,886,0
273,22,27300,4200,1101111000,888,0
273,23,27300,4200,1101110110,886,0
273,24,27300,4200,1101110110,886,0
273,25,27300,4200,1101110111,887,0
273,26,27300,4200,1101110111,887,0
273,27,27300,4200,1101110110,886,0
273,28,27300,4200,1101110110,886,0
273,29,27300,4200,1101110111,887,0
273,30,27300,4200,1101110110,886,0
273,31,27300,4200,1101110111,887,0
273,32,27300,4200,1101110110,886,0
273,33,27300,4200,1101110110,886,0
273,34,27300,4200,1101110110,886,0
273,35,27300,4200,1101110111,887,0
273,36,27300,4200,1101110111,887,0
273,37,27300,4200,1101110111,887,0
273,38,27300,4200,1101110110,886,0
273,39,27300,4200,1101110110,886,0
273,40,27300,4200,1101110110,886,0
273,41,27300,4200,1101110111,887,0
273,42,27300,4200,1101110111,887,0
273,43,27300,4200,1101110111,887,0
273,44,27300,4200,1101110110,886,0
273,45,27300,4200,1101110110,886,0
273,46,27300,4200,1101110110,886,0
273,47,27300,4200,1101110110,886,0
273,48,27300,4200,1101110111,887,0
273,49,27300,4200,1101110110,886,0
274,0,27400,4100,1101111010,890,0
274,1,27400,4100,1101111010,890,0
274,2,27400,4100,1101111010,890,0
274,3,27400,4100,1101111001,889,0
274,4,27400,4100,1101111010,890,0
274,5,27400,4100,1101111010,890,0
274,6,27400,4100,1101111010,890,0
274,7,27400,4100,1101111010,890,0
274,8,27400,4100,1101111001,889,0
274,9,27400,4100,1101111010,890,0
274,10,27400,4100,1101111001,889,0
274,11,27400,4100,1101111001,889,0
274,12,27400,4100,1101111001,889,0
274,13,27400,4100,1101111010,890,0
274,14,27400,4100,1101111010,890,0
274,15,27400,4100,1101111010,890,0
274,16,27400,4100,1101111010,890,0
274,17,27400,4100,1101111010,890,0
274,18,27400,4100,1101111010,890,0
274,19,27400,4100,1101111001,889,0
274,20,27400,4100,1101111001,889,0
274,21,27400,4100,1101111001,889,0
274,22,27400,4100,1101111010,890,0
274,23,27400,4100,1101111010,890,0
274,24,27400,4100,1101111010,890,0
274,25,27400,4100,1101111010,890,0
274,26,27400,4100,1101111010,890,0
274,27,27400,4100,1101111010,890,0
274,28,27400,4100,1101111010,890,0
274,29,27400,4100,1101111010,890,0
274,30,27400,4100,1101111010,890,0
274,31,27400,4100,1101111010,890,0
274,32,27400,4100,1101111001,889,0
274,33,27400,4100,1101111010,890,0
274,34,27400,4100,1101111010,890,0
274,35,27400,4100,1101111001,889,0
274,36,27400,4100,1101111010,890,0
274,37,27400,4100,1101111010,890,0
274,38,27400,4100,1101111011,891,0
274,39,27400,4100,1101111010,890,0
274,40,27400,4100,1101111010,890,0
274,41,27400,4100,1101111001,889,0
274,42,27400,4100,1101111010,890,0
274,43,27400,4100,1101111001,889,0
274,44,27400,4100,1101111010,890,0
274,45,27400,4100,1101111010,890,0
274,46,27400,4100,1101111001,889,0
274,47,27400,4100,1101111010,890,0
274,48,27400,4100,1101111010,890,0
274,49,27400,4100,1101111010,890,0
275,0,27500,4000,1101111110,894,0
275,1,27500,4000,1101111101,893,0
275,2,27500,4000,1101111101,893,0
275,3,27500,4000,1101111101,893,0
275,4,27500,4000,1101111101,893,0
275,5,27500,4000,1101111101,893,0
275,6,27500,4000,1101111110,894,0
275,7,27500,4000,1101111101,893,0
275,8,27500,4000,1101111110,894,0
275,9,27500,4000,1101111110,894,0
275,10,27500,4000,1101111110,894,0
275,11,27500,4000,1101111101,893,0
275,12,27500,4000,1101111101,893,0
275,13,27500,4000,1101111110,894,0
275,14,27500,4000,1101111101,893,0
275,15,27500,4000,1101111110,894,0
275,16,27500,4000,1101111101,893,0
275,17,27500,4000,1101111110,894,0
275,18,27500,4000,1101111110,894,0
275,19,27500,4000,1101111110,894,0
275,20,27500,4000,1101111110,894,0
275,21,27500,4000,1101111101,893,0
275,22,27500,4000,1101111101,893,0
275,23,27500,4000,1101111101,893,0
275,24,27500,4000,1101111101,893,0
275,25,27500,4000,1101111101,893,0
275,26,27500,4000,1101111110,894,0
275,27,27500,4000,1101111110,894,0
275,28,27500,4000,1101111110,894,0
275,29,27500,4000,1101111101,893,0
275,30,27500,4000,1101111110,894,0
275,31,27500,4000,1101111101,893,0
275,32,27500,4000,1101111110,894,0
275,33,27500,4000,1101111101,893,0
275,34,27500,4000,1101111110,894,0
275,35,27500,4000,1101111101,893,0
275,36,27500,4000,1101111101,893,0
275,37,27500,4000,1101111110,894,0
275,38,27500,4000,1101111110,894,0
275,39,27500,4000,1101111110,894,0
275,40,27500,4000,1101111101,893,0
275,41,27500,4000,1101111101,893,0
275,42,27500,4000,1101111110,894,0
275,43,27500,4000,1101111101,893,0
275,44,27500,4000,1101111101,893,0
275,45,27500,4000,1101111101,893,0
275,46,27500,4000,1101111110,894,0
275,47,27500,4000,1101111101,893,0
275,48,27500,4000,1101111110,894,0
275,49,27500,4000,1101111110,894,0
276,0,27600,3900,1110000000,896,0
276,1,27600,3900,1110000000,896,0
276,2,27600,3900,1110000000,896,0
276,3,27600,3900,1110000000,896,0
276,4,27600,3900,1110000000,896,0
276,5,27600,3900,1110000000,896,0
276,6,27600,3900,1110000000,896,0
276,7,27600,3900,1110000000,896,0
276,8,27600,3900,1101111111,895,0
276,9,27600,3900,1101111111,895,0
276,10,27600,3900,1110000000,896,0
276,11,27600,3900,1110000000,896,0
276,12,27600,3900,1110000000,896,0
276,13,27600,3900,1110111111,959,0
276,14,27600,3900,1101111111,895,0
276,15,27600,3900,1110000000,896,0
276,16,27600,3900,1110000000,896,0
276,17,27600,3900,1110000000,896,0
276,18,27600,3900,1110000000,896,0
276,19,27600,3900,1110000000,896,0
276,20,27600,3900,1110000000,896,0
276,21,27600,3900,1110000000,896,0
276,22,27600,3900,1110000000,896,0
276,23,27600,3900,1101111111,895,0
276,24,27600,3900,1110000000,896,0
276,25,27600,3900,1110000000,896,0
276,26,27600,3900,1110000000,896,0
276,27,27600,3900,1110000000,896,0
276,28,27600,3900,1110000000,896,0
276,29,27600,3900,1110000000,896,0
276,30,27600,3900,1110000000,896,0
276,31,27600,3900,1110000000,896,0
276,32,27600,3900,1110000000,896,0
276,33,27600,3900,1110000000,896,0
276,34,27600,3900,1110000000,896,0
276,35,27600,3900,1110000000,896,0
276,36,27600,3900,1110000000,896,0
276,37,27600,3900,1110000000,896,0
276,38,27600,3900,1110000000,896,0
276,39,27600,3900,1110000000,896,0
276,40,27600,3900,1110000000,896,0
276,41,27600,3900,1110000000,896,0
276,42,27600,3900,1101111111,895,0
276,43,27600,3900,1101111110,894,0
276,44,27600,3900,1110000000,896,0
276,45,27600,3900,1110000000,896,0
276,46,27600,3900,1110000000,896,0
276,47,27600,3900,1110000000,896,0
276,48,27600,3900,1110000000,896,0
276,49,27600,3900,1110000000,896,0
277,0,27700,3800,1110000010,898,0
277,1,27700,3800,1110000010,898,0
277,2,27700,3800,1110000010,898,0
277,3,27700,3800,1110000011,899,0
277,4,27700,3800,1110000011,899,0
277,5,27700,3800,1110000010,898,0
277,6,27700,3800,1110000010,898,0
277,7,27700,3800,1110000010,898,0
277,8,27700,3800,1110000010,898,0
277,9,27700,3800,1110000001,897,0
277,10,27700,3800,1110000010,898,0
277,11,27700,3800,1110000010,898,0
277,12,27700,3800,1110000010,898,0
277,13,27700,3800,1110000010,898,0
277,14,27700,3800,1110000010,898,0
277,15,27700,3800,1110000010,898,0
277,16,27700,3800,1110000010,898,0
277,17,27700,3800,1110000010,898,0
277,18,27700,3800,1110000010,898,0
277,19,27700,3800,1110000011,899,0
277,20,27700,3800,1110000011,899,0
277,21,27700,3800,1110000010,898,0
277,22,27700,3800,1110000010,898,0
277,23,27700,3800,1110000010,898,0
277,24,27700,3800,1110000001,897,0
277,25,27700,3800,1110000001,897,0
277,26,27700,3800,1110000001,897,0
277,27,27700,3800,1110000010,898,0
277,28,27700,3800,1110000010,898,0
277,29,27700,3800,1110000001,897,0
277,30,27700,3800,1110000010,898,0
277,31,27700,3800,1110000010,898,0
277,32,27700,3800,1110000010,898,0
277,33,27700,3800,1110000010,898,0
277,34,27700,3800,1110000011,899,0
277,35,27700,3800,1110000010,898,0
277,36,27700,3800,1110000010,898,0
277,37,27700,3800,1110000010,898,0
277,38,27700,3800,1110000001,897,0
277,39,27700,3800,1110000010,898,0
277,40,27700,3800,1110000001,897,0
277,41,27700,3800,1110000010,898,0
277,42,27700,3800,1110000010,898,0
277,43,27700,3800,1110000010,898,0
277,44,27700,3800,1110000010,898,0
277,45,27700,3800,1110000010,898,0
277,46,27700,3800,1110000010,898,0
277,47,27700,3800,1110000010,898,0
277,48,27700,3800,1110000010,898,0
277,49,27700,3800,1110000010,898,0
278,0,27800,3700,1110000101,901,0
278,1,27800,3700,1110000101,901,0
278,2,27800,3700,1110000100,900,0
278,3,27800,3700,1110000101,901,0
278,4,27800,3700,1110000101,901,0
278,5,27800,3700,1110000101,901,0
278,6,27800,3700,1110000110,902,0
278,7,27800,3700,1110000110,902,0
278,8,27800,3700,1110000110,902,0
278,9,27800,3700,1110000101,901,0
278,10,27800,3700,1110000101,901,0
278,11,27800,3700,1110000101,901,0
278,12,27800,3700,1110000101,901,0
278,13,27800,3700,1110000101,901,0
278,14,27800,3700,1110000110,902,0
278,15,27800,3700,1110000110,902,0
278,16,27800,3700,1110000101,901,0
278,17,27800,3700,1110000100,900,0
278,18,27800,3700,1110000110,902,0
278,19,27800,3700,1110000101,901,0
278,20,27800,3700,1110000101,901,0
278,21,27800,3700,1110000110,902,0
278,22,27800,3700,1110000101,901,0
278,23,27800,3700,1110000101,901,0
278,24,27800,3700,1110000101,901,0
278,25,27800,3700,1110000110,902,0
278,26,27800,3700,1110000101,901,0
278,27,27800,3700,1110000110,902,0
278,28,27800,3700,1110000110,902,0
278,29,27800,3700,1110000101,901,0
278,30,27800,3700,1110000110,902,0
278,31,27800,3700,1110000101,901,0
278,32,27800,3700,1110000100,900,0
278,33,27800,3700,1110000101,901,0
278,34,27800,3700,1110000100,900,0
278,35,27800,3700,1110000100,900,0
278,36,27800,3700,1110000101,901,0
278,37,27800,3700,1110000110,902,0
278,38,27800,3700,1110000101,901,0
278,39,27800,3700,1110000101,901,0
278,40,27800,3700,1110000101,901,0
278,41,27800,3700,1110000110,902,0
278,42,27800,3700,1110000101,901,0
278,43,27800,3700,1110000110,902,0
278,44,27800,3700,1110000110,902,0
278,45,27800,3700,1110000101,901,0
278,46,27800,3700,1110000110,902,0
278,47,27800,3700,1110000101,901,0
278,48,27800,3700,1110000101,901,0
278,49,27800,3700,1110000110,902,0
279,0,27900,3600,1110001001,905,0
279,1,27900,3600,1110001000,904,0
279,2,27900,3600,1110001000,904,0
279,3,27900,3600,1110001001,905,0
279,4,27900,3600,1110001000,904,0
279,5,27900,3600,1110001000,904,0
279,6,27900,3600,1110001000,904,0
279,7,27900,3600,1110001001,905,0
279,8,27900,3600,1110001001,905,0
279,9,27900,3600,1110001000,904,0
279,10,27900,3600,1110001001,905,0
279,11,27900,3600,1110001001,905,0
279,12,27900,3600,1110001001,905,0
279,13,27900,3600,1110001000,904,0
279,14,27900,3600,1110001001,905,0
279,15,27900,3600,1110001001,905,0
279,16,27900,3600,1110001000,904,0
279,17,27900,3600,1110001000,904,0
279,18,27900,3600,1110001001,905,0
279,19,27900,3600,1110001000,904,0
279,20,27900,3600,1110001001,905,0
279,21,27900,3600,1110001000,904,0
279,22,27900,3600,1110001001,905,0
279,23,27900,3600,1110001000,904,0
279,24,27900,3600,1110000111,903,0
279,25,27900,3600,1110001001,905,0
279,26,27900,3600,1110001000,904,0
279,27,27900,3600,1110001000,904,0
279,28,27900,3600,1110001000,904,0
279,29,27900,3600,1110001001,905,0
279,30,27900,3600,1110001001,905,0
279,31,27900,3600,1110001001,905,0
279,32,27900,3600,1110001000,904,0
279,33,27900,3600,1110001001,905,0
279,34,27900,3600,1110001001,905,0
279,35,27900,3600,1110001111,911,0
279,36,27900,3600,1110001000,904,0
279,37,27900,3600,1110001000,904,0
279,38,27900,3600,1110001000,904,0
279,39,27900,3600,1110001000,904,0
279,40,27900,3600,1110001000,904,0
279,41,27900,3600,1110001001,905,0
279,42,27900,3600,1110001000,904,0
279,43,27900,3600,1110001000,904,0
279,44,27900,3600,1110001000,904,0
279,45,27900,3600,1110001000,904,0
279,46,27900,3600,1110001001,905,0
279,47,27900,3600,1110001001,905,0
279,48,27900,3600,1110001001,905,0
279,49,27900,3600,1110001001,905,0
280,0,28000,3500,1110001100,908,0
280,1,28000,3500,1110001100,908,0
280,2,28000,3500,1110001100,908,0
280,3,28000,3500,1110001100,908,0
280,4,28000,3500,1110001100,908,0
280,5,28000,3500,1110001100,908,0
280,6,28000,3500,1110001100,908,0
280,7,28000,3500,1110001100,908,0
280,8,28000,3500,1110001100,908,0
280,9,28000,3500,1110001100,908,0
280,10,28000,3500,1110001100,908,0
280,11,28000,3500,1110001100,908,0
280,12,28000,3500,1110001100,908,0
280,13,28000,3500,1110001100,908,0
280,14,28000,3500,1110001100,908,0
280,15,28000,3500,1110001100,908,0
280,16,28000,3500,1110001100,908,0
280,17,28000,3500,1110001100,908,0
280,18,28000,3500,1110001100,908,0
280,19,28000,3500,1110001011,907,0
280,20,28000,3500,1110001010,906,0
280,21,28000,3500,1110001011,907,0
280,22,28000,3500,1110001100,908,0
280,23,28000,3500,1110001100,908,0
280,24,28000,3500,1110001100,908,0
280,25,28000,3500,1110001100,908,0
280,26,28000,3500,1110001100,908,0
280,27,28000,3500,1110001101,909,0
280,28,28000,3500,1110001100,908,0
280,29,28000,3500,1110001100,908,0
280,30,28000,3500,1110001011,907,0
280,31,28000,3500,1110001100,908,0
280,32,28000,3500,1110001100,908,0
280,33,28000,3500,1110001011,907,0
280,34,28000,3500,1110001100,908,0
280,35,28000,3500,1110001101,909,0
280,36,28000,3500,1110001100,908,0
280,37,28000,3500,1110001100,908,0
280,38,28000,3500,1110001100,908,0
280,39,28000,3500,1110001100,908,0
280,40,28000,3500,1110001011,907,0
280,41,28000,3500,1110001100,908,0
280,42,28000,3500,1110001101,909,0
280,43,28000,3500,1110001100,908,0
280,44,28000,3500,1110001100,908,0
280,45,28000,3500,1110001101,909,0
280,46,28000,3500,1110001100,908,0
280,47,28000,3500,1110001100,908,0
280,48,28000,3500,1110001100,908,0
280,49,28000,3500,1110001100,908,0
281,0,28100,3400,1110010001,913,0
281,1,28100,3400,1110010001,913,0
281,2,28100,3400,1110010001,913,0
281,3,28100,3400,1110001111,911,0
281,4,28100,3400,1110010000,912,0
281,5,28100,3400,1110001111,911,0
281,6,28100,3400,1110001111,911,0
281,7,28100,3400,1110010001,913,0
281,8,28100,3400,1110010001,913,0
281,9,28100,3400,1110010000,912,0
281,10,28100,3400,1110001111,911,0
281,11,28100,3400,1110001111,911,0
281,12,28100,3400,1110001111,911,0
281,13,28100,3400,1110001111,911,0
281,14,28100,3400,1110001111,911,0
281,15,28100,3400,1110001111,911,0
281,16,28100,3400,1110001111,911,0
281,17,28100,3400,1110010000,912,0
281,18,28100,3400,1110010001,913,0
281,19,28100,3400,1110010000,912,0
281,20,28100,3400,1110001110,910,0
281,21,28100,3400,1110010000,912,0
281,22,28100,3400,1110010000,912,0
281,23,28100,3400,1110001111,911,0
281,24,28100,3400,1110001111,911,0
281,25,28100,3400,1110001111,911,0
281,26,28100,3400,1110010000,912,0
281,27,28100,3400,1110010000,912,0
281,28,28100,3400,1110010001,913,0
281,29,28100,3400,1110001111,911,0
281,30,28100,3400,1110001111,911,0
281,31,28100,3400,1110010000,912,0
281,32,28100,3400,1110010000,912,0
281,33,28100,3400,1110001111,911,0
281,34,28100,3400,1110001111,911,0
281,35,28100,3400,1110010000,912,0
281,36,28100,3400,1110010000,912,0
281,37,28100,3400,1110010001,913,0
281,38,28100,3400,1110001111,911,0
281,39,28100,3400,1110001111,911,0
281,40,28100,3400,1110001111,911,0
281,41,28100,3400,1110010001,913,0
281,42,28100,3400,1110010001,913,0
281,43,28100,3400,1110001111,911,0
281,44,28100,3400,1110010001,913,0
281,45,28100,3400,1110001111,911,0
281,46,28100,3400,1110001111,911,0
281,47,28100,3400,1110010001,913,0
281,48,28100,3400,1110010001,913,0
281,49,28100,3400,1110010001,913,0
282,0,28200,3300,1110010100,916,0
282,1,28200,3300,1110010100,916,0
282,2,28200,3300,1110010010,914,0
282,3,28200,3300,1110010100,916,0
282,4,28200,3300,1110010100,916,0
282,5,28200,3300,1110010100,916,0
282,6,28200,3300,1110010100,916,0
282,7,28200,3300,1110010100,916,0
282,8,28200,3300,1110010100,916,0
282,9,28200,3300,1110010011,915,0
282,10,28200,3300,1110010100,916,0
282,11,28200,3300,1110010011,915,0
282,12,28200,3300,1110010100,916,0
282,13,28200,3300,1110010100,916,0
282,14,28200,3300,1110010100,916,0
282,15,28200,3300,1110010100,916,0
282,16,28200,3300,1110010100,916,0
282,17,28200,3300,1110010100,916,0
282,18,28200,3300,1110010011,915,0
282,19,28200,3300,1110010100,916,0
282,20,28200,3300,1110010011,915,0
282,21,28200,3300,1110010011,915,0
282,22,28200,3300,1110010100,916,0
282,23,28200,3300,1110010100,916,0
282,24,28200,3300,1110010100,916,0
282,25,28200,3300,1110010100,916,0
282,26,28200,3300,1110010101,917,0
282,27,28200,3300,1110010100,916,0
282,28,28200,3300,1110010100,916,0
282,29,28200,3300,1110010100,916,0
282,30,28200,3300,1110010100,916,0
282,31,28200,3300,1110010100,916,0
282,32,28200,3300,1110010100,916,0
282,33,28200,3300,1110010100,916,0
282,34,28200,3300,1110010100,916,0
282,35,28200,3300,1110010100,916,0
282,36,28200,3300,1110010011,915,0
282,37,28200,3300,1110010011,915,0
282,38,28200,3300,1110010100,916,0
282,39,28200,3300,1110010100,916,0
282,40,28200,3300,1110010011,915,0
282,41,28200,3300,1110010100,916,0
282,42,28200,3300,1110010100,916,0
282,43,28200,3300,1110010100,916,0
282,44,28200,3300,1110010100,916,0
282,45,28200,3300,1110010011,915,0
282,46,28200,3300,1110010100,916,0
282,47,28200,3300,1110010011,915,0
282,48,28200,3300,1110010100,916,0
282,49,28200,3300,1110010100,916,0
283,0,28300,3200,1110011000,920,0
283,1,28300,3200,1110010111,919,0
283,2,28300,3200,1110010111,919,0
283,3,28300,3200,1110011000,920,0
283,4,28300,3200,1110010111,919,0
283,5,28300,3200,1110010111,919,0
283,6,28300,3200,1110011000,920,0
283,7,28300,3200,1110010111,919,0
283,8,28300,3200,1110011000,920,0
283,9,28300,3200,1110010111,919,0
283,10,28300,3200,1110010111,919,0
283,11,28300,3200,1110010111,919,0
283,12,28300,3200,1110011000,920,0
283,13,28300,3200,1110010111,919,0
283,14,28300,3200,1110010111,919,0
283,15,28300,3200,1110011000,920,0
283,16,28300,3200,1110011000,920,0
283,17,28300,3200,1110011000,920,0
283,18,28300,3200,1110011000,920,0
283,19,28300,3200,1110011000,920,0
283,20,28300,3200,1110010111,919,0
283,21,28300,3200,1110010111,919,0
283,22,28300,3200,1110011000,920,0
283,23,28300,3200,1110010111,919,0
283,24,28300,3200,1110010111,919,0
283,25,28300,3200,1110010111,919,0
283,26,28300,3200,1110010111,919,0
283,27,28300,3200,1110010111,919,0
283,28,28300,3200,1110011000,920,0
283,29,28300,3200,1110010111,919,0
283,30,28300,3200,1110011000,920,0
283,31,28300,3200,1110010111,919,0
283,32,28300,3200,1110011000,920,0
283,33,28300,3200,1110010111,919,0
283,34,28300,3200,1110010111,919,0
283,35,28300,3200,1110010111,919,0
283,36,28300,3200,1110011000,920,0
283,37,28300,3200,1110011000,920,0
283,38,28300,3200,1110010111,919,0
283,39,28300,3200,1110011000,920,0
283,40,28300,3200,1110010111,919,0
283,41,28300,3200,1110011000,920,0
283,42,28300,3200,1110011000,920,0
283,43,28300,3200,1110010111,919,0
283,44,28300,3200,1110010111,919,0
283,45,28300,3200,1110011000,920,0
283,46,28300,3200,1110010111,919,0
283,47,28300,3200,1110010111,919,0
283,48,28300,3200,1110010111,919,0
283,49,28300,3200,1110010111,919,0
284,0,28400,3100,1110011100,924,0
284,1,28400,3100,1110011011,923,0
284,2,28400,3100,1110011011,923,0
284,3,28400,3100,1110011011,923,0
284,4,28400,3100,1110011011,923,0
284,5,28400,3100,1110011010,922,0
284,6,28400,3100,1110011010,922,0
284,7,28400,3100,1110011011,923,0
284,8,28400,3100,1110011011,923,0
284,9,28400,3100,1110011011,923,0
284,10,28400,3100,1110011011,923,0
284,11,28400,3100,1110011011,923,0
284,12,28400,3100,1110011011,923,0
284,13,28400,3100,1110011011,923,0
284,14,28400,3100,1110011011,923,0
284,15,28400,3100,1110011011,923,0
284,16,28400,3100,1110011010,922,0
284,17,28400,3100,1110011011,923,0
284,18,28400,3100,1110011011,923,0
284,19,28400,3100,1110011011,923,0
284,20,28400,3100,1110011011,923,0
284,21,28400,3100,1110011011,923,0
284,22,28400,3100,1110011010,922,0
284,23,28400,3100,1110011011,923,0
284,24,28400,3100,1110011011,923,0
284,25,28400,3100,1110011010,922,0
284,26,28400,3100,1110011011,923,0
284,27,28400,3100,1110011010,922,0
284,28,28400,3100,1110011011,923,0
284,29,28400,3100,1110011011,923,0
284,30,28400,3100,1110011011,923,0
284,31,28400,3100,1110011011,923,0
284,32,28400,3100,1110011011,923,0
284,33,28400,3100,1110011011,923,0
284,34,28400,3100,1110011011,923,0
284,35,28400,3100,1110011100,924,0
284,36,28400,3100,1110011011,923,0
284,37,28400,3100,1110011011,923,0
284,38,28400,3100,1110011011,923,0
284,39,28400,3100,1110011011,923,0
284,40,28400,3100,1110011100,924,0
284,41,28400,3100,1110011011,923,0
284,42,28400,3100,1110011010,922,0
284,43,28400,3100,1110011011,923,0
284,44,28400,3100,1110011011,923,0
284,45,28400,3100,1110011011,923,0
284,46,28400,3100,1110011011,923,0
284,47,28400,3100,1110011011,923,0
284,48,28400,3100,1110011011,923,0
284,49,28400,3100,1110011011,923,0
285,0,28500,3000,1110011111,927,0
285,1,28500,3000,1110100000,928,0
285,2,28500,3000,1110011111,927,0
285,3,28500,3000,1110011111,927,0
285,4,28500,3000,1110011111,927,0
285,5,28500,3000,1110011111,927,0
285,6,28500,3000,1110011111,927,0
285,7,28500,3000,1110011111,927,0
285,8,28500,3000,1110011111,927,0
285,9,28500,3000,1110011110,926,0
285,10,28500,3000,1110011111,927,0
285,11,28500,3000,1110011110,926,0
285,12,28500,3000,1110011111,927,0
285,13,28500,3000,1110011110,926,0
285,14,28500,3000,1110011110,926,0
285,15,28500,3000,1110011111,927,0
285,16,28500,3000,1110011111,927,0
285,17,28500,3000,1110011111,927,0
285,18,28500,3000,1110011110,926,0
285,19,28500,3000,1110011111,927,0
285,20,28500,3000,1110011110,926,0
285,21,28500,3000,1110011101,925,0
285,22,28500,3000,1110011111,927,0
285,23,28500,3000,1110011111,927,0
285,24,28500,3000,1110011110,926,0
285,25,28500,3000,1110011110,926,0
285,26,28500,3000,1110011110,926,0
285,27,28500,3000,1110011111,927,0
285,28,28500,3000,1110011110,926,0
285,29,28500,3000,1110011111,927,0
285,30,28500,3000,1110011111,927,0
285,31,28500,3000,1110011111,927,0
285,32,28500,3000,1110011110,926,0
285,33,28500,3000,1110011110,926,0
285,34,28500,3000,1110011111,927,0
285,35,28500,3000,1110011110,926,0
285,36,28500,3000,1110011111,927,0
285,37,28500,3000,1110011111,927,0
285,38,28500,3000,1110011110,926,0
285,39,28500,3000,1110011110,926,0
285,40,28500,3000,1110011111,927,0
285,41,28500,3000,1110011110,926,0
285,42,28500,3000,1110011111,927,0
285,43,28500,3000,1110011110,926,0
285,44,28500,3000,1110011110,926,0
285,45,28500,3000,1110011111,927,0
285,46,28500,3000,1110011110,926,0
285,47,28500,3000,1110011111,927,0
285,48,28500,3000,1110011110,926,0
285,49,28500,3000,1110011110,926,0
286,0,28600,2900,1110100000,928,0
286,1,28600,2900,1110100000,928,0
286,2,28600,2900,1110100000,928,0
286,3,28600,2900,1110100000,928,0
286,4,28600,2900,1110100000,928,0
286,5,28600,2900,1110011110,926,0
286,6,28600,2900,1110100000,928,0
286,7,28600,2900,1110100000,928,0
286,8,28600,2900,1110100000,928,0
286,9,28600,2900,1110100000,928,0
286,10,28600,2900,1110100000,928,0
286,11,28600,2900,1110100000,928,0
286,12,28600,2900,1110100000,928,0
286,13,28600,2900,1110100000,928,0
286,14,28600,2900,1110100000,928,0
286,15,28600,2900,1110100000,928,0
286,16,28600,2900,1110100000,928,0
286,17,28600,2900,1110100000,928,0
286,18,28600,2900,1110100000,928,0
286,19,28600,2900,1110100000,928,0
286,20,28600,2900,1110100000,928,0
286,21,28600,2900,1110100000,928,0
286,22,28600,2900,1110100000,928,0
286,23,28600,2900,1110100000,928,0
286,24,28600,2900,1110100000,928,0
286,25,28600,2900,1110100000,928,0
286,26,28600,2900,1110100000,928,0
286,27,28600,2900,1110100000,928,0
286,28,28600,2900,1110100000,928,0
286,29,28600,2900,1110100000,928,0
286,30,28600,2900,1110100000,928,0
286,31,28600,2900,1110100000,928,0
286,32,28600,2900,1110100000,928,0
286,33,28600,2900,1110100000,928,0
286,34,28600,2900,1110100000,928,0
286,35,28600,2900,1110100000,928,0
286,36,28600,2900,1110100000,928,0
286,37,28600,2900,1110100000,928,0
286,38,28600,2900,1110100000,928,0
286,39,28600,2900,1110100000,928,0
286,40,28600,2900,1110100000,928,0
286,41,28600,2900,1110100000,928,0
286,42,28600,2900,1110100000,928,0
286,43,28600,2900,1110100000,928,0
286,44,28600,2900,1110100000,928,0
286,45,28600,2900,1110100000,928,0
286,46,28600,2900,1110100000,928,0
286,47,28600,2900,1110100000,928,0
286,48,28600,2900,1110100000,928,0
286,49,28600,2900,1110100000,928,0
287,0,28700,2800,1110100010,930,0
287,1,28700,2800,1110100010,930,0
287,2,28700,2800,1110100010,930,0
287,3,28700,2800,1110100001,929,0
287,4,28700,2800,1110100001,929,0
287,5,28700,2800,1110100001,929,0
287,6,28700,2800,1110100000,928,0
287,7,28700,2800,1110100010,930,0
287,8,28700,2800,1110100001,929,0
287,9,28700,2800,1110100010,930,0
287,10,28700,2800,1110100001,929,0
287,11,28700,2800,1110100010,930,0
287,12,28700,2800,1110100010,930,0
287,13,28700,2800,1110100010,930,0
287,14,28700,2800,1110100001,929,0
287,15,28700,2800,1110100010,930,0
287,16,28700,2800,1110100010,930,0
287,17,28700,2800,1110100001,929,0
287,18,28700,2800,1110100010,930,0
287,19,28700,2800,1110100010,930,0
287,20,28700,2800,1110100001,929,0
287,21,28700,2800,1110100000,928,0
287,22,28700,2800,1110100001,929,0
287,23,28700,2800,1110100001,929,0
287,24,28700,2800,1110100010,930,0
287,25,28700,2800,1110100001,929,0
287,26,28700,2800,1110100010,930,0
287,27,28700,2800,1110100001,929,0
287,28,28700,2800,1110100011,931,0
287,29,28700,2800,1110100001,929,0
287,30,28700,2800,1110100010,930,0
287,31,28700,2800,1110100001,929,0
287,32,28700,2800,1110100010,930,0
287,33,28700,2800,1110100010,930,0
287,34,28700,2800,1110100010,930,0
287,35,28700,2800,1110100001,929,0
287,36,28700,2800,1110100000,928,0
287,37,28700,2800,1110100001,929,0
287,38,28700,2800,1110100010,930,0
287,39,28700,2800,1110100001,929,0
287,40,28700,2800,1110100001,929,0
287,41,28700,2800,1110100010,930,0
287,42,28700,2800,1110100010,930,0
287,43,28700,2800,1110100010,930,0
287,44,28700,2800,1110100010,930,0
287,45,28700,2800,1110100001,929,0
287,46,28700,2800,1110100010,930,0
287,47,28700,2800,1110100001,929,0
287,48,28700,2800,1110100010,930,0
287,49,28700,2800,1110100001,929,0
288,0,28800,2700,1110100101,933,0
288,1,28800,2700,1110100100,932,0
288,2,28800,2700,1110100101,933,0
288,3,28800,2700,1110100101,933,0
288,4,28800,2700,1110100101,933,0
288,5,28800,2700,1110100101,933,0
288,6,28800,2700,1110100101,933,0
288,7,28800,2700,1110100101,933,0
288,8,28800,2700,1110100110,934,0
288,9,28800,2700,1110100101,933,0
288,10,28800,2700,1110100101,933,0
288,11,28800,2700,1110100110,934,0
288,12,28800,2700,1110100101,933,0
288,13,28800,2700,1110100101,933,0
288,14,28800,2700,1110100110,934,0
288,15,28800,2700,1110100100,932,0
288,16,28800,2700,1110100100,932,0
288,17,28800,2700,1110100100,932,0
288,18,28800,2700,1110100100,932,0
288,19,28800,2700,1110100101,933,0
288,20,28800,2700,1110100101,933,0
288,21,28800,2700,1110100110,934,0
288,22,28800,2700,1110100110,934,0
288,23,28800,2700,1110100101,933,0
288,24,28800,2700,1110100101,933,0
288,25,28800,2700,1110100110,934,0
288,26,28800,2700,1110100101,933,0
288,27,28800,2700,1110100101,933,0
288,28,28800,2700,1110100101,933,0
288,29,28800,2700,1110100110,934,0
288,30,28800,2700,1110100101,933,0
288,31,28800,2700,1110100101,933,0
288,32,28800,2700,1110100101,933,0
288,33,28800,2700,1110100100,932,0
288,34,28800,2700,1110100100,932,0
288,35,28800,2700,1110100100,932,0
288,36,28800,2700,1110100101,933,0
288,37,28800,2700,1110100101,933,0
288,38,28800,2700,1110100100,932,0
288,39,28800,2700,1110100101,933,0
288,40,28800,2700,1110100101,933,0
288,41,28800,2700,1110100101,933,0
288,42,28800,2700,1110100101,933,0
288,43,28800,2700,1110100110,934,0
288,44,28800,2700,1110100101,933,0
288,45,28800,2700,1110100101,933,0
288,46,28800,2700,1110100101,933,0
288,47,28800,2700,1110100101,933,0
288,48,28800,2700,1110100110,934,0
288,49,28800,2700,1110100101,933,0
289,0,28900,2600,1110101000,936,0
289,1,28900,2600,1110101000,936,0
289,2,28900,2600,1110100111,935,0
289,3,28900,2600,1110101001,937,0
289,4,28900,2600,1110101001,937,0
289,5,28900,2600,1110101000,936,0
289,6,28900,2600,1110101000,936,0
289,7,28900,2600,1110101001,937,0
289,8,28900,2600,1110101000,936,0
289,9,28900,2600,1110101000,936,0
289,10,28900,2600,1110100111,935,0
289,11,28900,2600,1110100111,935,0
289,12,28900,2600,1110101001,937,0
289,13,28900,2600,1110101000,936,0
289,14,28900,2600,1110101000,936,0
289,15,28900,2600,1110101000,936,0
289,16,28900,2600,1110101000,936,0
289,17,28900,2600,1110101000,936,0
289,18,28900,2600,1110101000,936,0
289,19,28900,2600,1110101001,937,0
289,20,28900,2600,1110101001,937,0
289,21,28900,2600,1110101001,937,0
289,22,28900,2600,1110101001,937,0
289,23,28900,2600,1110101001,937,0
289,24,28900,2600,1110101000,936,0
289,25,28900,2600,1110101000,936,0
289,26,28900,2600,1110101000,936,0
289,27,28900,2600,1110101000,936,0
289,28,28900,2600,1110100111,935,0
289,29,28900,2600,1110101001,937,0
289,30,28900,2600,1110101000,936,0
289,31,28900,2600,1110101000,936,0
289,32,28900,2600,1110101000,936,0
289,33,28900,2600,1110101000,936,0
289,34,28900,2600,1110101001,937,0
289,35,28900,2600,1110101000,936,0
289,36,28900,2600,1110101000,936,0
289,37,28900,2600,1110101000,936,0
289,38,28900,2600,1110101001,937,0
289,39,28900,2600,1110101001,937,0
289,40,28900,2600,1110101000,936,0
289,41,28900,2600,1110101000,936,0
289,42,28900,2600,1110101000,936,0
289,43,28900,2600,1110101000,936,0
289,44,28900,2600,1110100111,935,0
289,45,28900,2600,1110101000,936,0
289,46,28900,2600,1110101000,936,0
289,47,28900,2600,1110101000,936,0
289,48,28900,2600,1110101000,936,0
289,49,28900,2600,1110101000,936,0
290,0,29000,2500,1110101100,940,0
290,1,29000,2500,1110101100,940,0
290,2,29000,2500,1110101100,940,0
290,3,29000,2500,1110101100,940,0
290,4,29000,2500,1110101011,939,0
290,5,29000,2500,1110101100,940,0
290,6,29000,2500,1110101011,939,0
290,7,29000,2500,1110101011,939,0
290,8,29000,2500,1110101100,940,0
290,9,29000,2500,1110101011,939,0
290,10,29000,2500,1110101100,940,0
290,11,29000,2500,1110101100,940,0
290,12,29000,2500,1110101100,940,0
290,13,29000,2500,1110101100,940,0
290,14,29000,2500,1110101100,940,0
290,15,29000,2500,1110101011,939,0
290,16,29000,2500,1110101100,940,0
290,17,29000,2500,1110101100,940,0
290,18,29000,2500,1110101100,940,0
290,19,29000,2500,1110101100,940,0
290,20,29000,2500,1110101100,940,0
290,21,29000,2500,1110101100,940,0
290,22,29000,2500,1110101100,940,0
290,23,29000,2500,1110101100,940,0
290,24,29000,2500,1110101100,940,0
290,25,29000,2500,1110101100,940,0
290,26,29000,2500,1110101100,940,0
290,27,29000,2500,1110101100,940,0
290,28,29000,2500,1110101100,940,0
290,29,29000,2500,1110101100,940,0
290,30,29000,2500,1110101100,940,0
290,31,29000,2500,1110101100,940,0
290,32,29000,2500,1110101100,940,0
290,33,29000,2500,1110101100,940,0
290,34,29000,2500,1110101011,939,0
290,35,29000,2500,1110101100,940,0
290,36,29000,2500,1110101011,939,0
290,37,29000,2500,1110101100,940,0
290,38,29000,2500,1110101100,940,0
290,39,29000,2500,1110101011,939,0
290,40,29000,2500,1110101100,940,0
290,41,29000,2500,1110101100,940,0
290,42,29000,2500,1110101100,940,0
290,43,29000,2500,1110101100,940,0
290,44,29000,2500,1110101100,940,0
290,45,29000,2500,1110101100,940,0
290,46,29000,2500,1110101100,940,0
290,47,29000,2500,1110101100,940,0
290,48,29000,2500,1110101100,940,0
290,49,29000,2500,1110101100,940,0
291,0,29100,2400,1110101111,943,0
291,1,29100,2400,1110110000,944,0
291,2,29100,2400,1110110000,944,0
291,3,29100,2400,1110101111,943,0
291,4,29100,2400,1110101111,943,0
291,5,29100,2400,1110110000,944,0
291,6,29100,2400,1110110000,944,0
291,7,29100,2400,1110101111,943,0
291,8,29100,2400,1110101111,943,0
291,9,29100,2400,1110110000,944,0
291,10,29100,2400,1110110000,944,0
291,11,29100,2400,1110101111,943,0
291,12,29100,2400,1110101111,943,0
291,13,29100,2400,1110110000,944,0
291,14,29100,2400,1110101111,943,0
291,15,29100,2400,1110110000,944,0
291,16,29100,2400,1110101111,943,0
291,17,29100,2400,1110110000,944,0
291,18,29100,2400,1110101111,943,0
291,19,29100,2400,1110101111,943,0
291,20,29100,2400,1110101111,943,0
291,21,29100,2400,1110110001,945,0
291,22,29100,2400,1110101111,943,0
291,23,29100,2400,1110101111,943,0
291,24,29100,2400,1110101111,943,0
291,25,29100,2400,1110101111,943,0
291,26,29100,2400,1110101111,943,0
291,27,29100,2400,1110101111,943,0
291,28,29100,2400,1110101111,943,0
291,29,29100,2400,1110101111,943,0
291,30,29100,2400,1110101111,943,0
291,31,29100,2400,1110101110,942,0
291,32,29100,2400,1110101111,943,0
291,33,29100,2400,1110101111,943,0
291,34,29100,2400,1110101111,943,0
291,35,29100,2400,1110101111,943,0
291,36,29100,2400,1110110000,944,0
291,37,29100,2400,1110101111,943,0
291,38,29100,2400,1110110000,944,0
291,39,29100,2400,1110110000,944,0
291,40,29100,2400,1110101111,943,0
291,41,29100,2400,1110110001,945,0
291,42,29100,2400,1110110000,944,0
291,43,29100,2400,1110110000,944,0
291,44,29100,2400,1110110001,945,0
291,45,29100,2400,1110101111,943,0
291,46,29100,2400,1110101111,943,0
291,47,29100,2400,1110101111,943,0
291,48,29100,2400,1110101110,942,0
291,49,29100,2400,1110101111,943,0
292,0,29200,2300,1110110100,948,0
292,1,29200,2300,1110110100,948,0
292,2,29200,2300,1110110100,948,0
292,3,29200,2300,1110110011,947,0
292,4,29200,2300,1110110100,948,0
292,5,29200,2300,1110110100,948,0
292,6,29200,2300,1110110011,947,0
292,7,29200,2300,1110110100,948,0
292,8,29200,2300,1110110011,947,0
292,9,29200,2300,1110110011,947,0
292,10,29200,2300,1110110100,948,0
292,11,29200,2300,1110110100,948,0
292,12,29200,2300,1110110011,947,0
292,13,29200,2300,1110110011,947,0
292,14,29200,2300,1110110100,948,0
292,15,29200,2300,1110110100,948,0
292,16,29200,2300,1110110011,947,0
292,17,29200,2300,1110110011,947,0
292,18,29200,2300,1110110100,948,0
292,19,29200,2300,1110110011,947,0
292,20,29200,2300,1110110100,948,0
292,21,29200,2300,1110110100,948,0
292,22,29200,2300,1110110100,948,0
292,23,29200,2300,1110110100,948,0
292,24,29200,2300,1110110100,948,0
292,25,29200,2300,1110110100,948,0
292,26,29200,2300,1110110100,948,0
292,27,29200,2300,1110110011,947,0
292,28,29200,2300,1110110100,948,0
292,29,29200,2300,1110110011,947,0
292,30,29200,2300,1110110011,947,0
292,31,29200,2300,1110110100,948,0
292,32,29200,2300,1110110010,946,0
292,33,29200,2300,1110110010,946,0
292,34,29200,2300,1110110011,947,0
292,35,29200,2300,1110110011,947,0
292,36,29200,2300,1110110011,947,0
292,37,29200,2300,1110110100,948,0
292,38,29200,2300,1110110011,947,0
292,39,29200,2300,1110110100,948,0
292,40,29200,2300,1110110100,948,0
292,41,29200,2300,1110110100,948,0
292,42,29200,2300,1110110011,947,0
292,43,29200,2300,1110110011,947,0
292,44,29200,2300,1110110011,947,0
292,45,29200,2300,1110110010,946,0
292,46,29200,2300,1110110011,947,0
292,47,29200,2300,1110110100,948,0
292,48,29200,2300,1110110011,947,0
292,49,29200,2300,1110110011,947,0
293,0,29300,2200,1110111000,952,0
293,1,29300,2200,1110110111,951,0
293,2,29300,2200,1110110111,951,0
293,3,29300,2200,1110111000,952,0
293,4,29300,2200,1110110110,950,0
293,5,29300,2200,1110110111,951,0
293,6,29300,2200,1110110111,951,0
293,7,29300,2200,1110110111,951,0
293,8,29300,2200,1110110111,951,0
293,9,29300,2200,1110110111,951,0
293,10,29300,2200,1110110111,951,0
293,11,29300,2200,1110110111,951,0
293,12,29300,2200,1110110111,951,0
293,13,29300,2200,1110111000,952,0
293,14,29300,2200,1110110111,951,0
293,15,29300,2200,1110110111,951,0
293,16,29300,2200,1110111000,952,0
293,17,29300,2200,1110110111,951,0
293,18,29300,2200,1110110111,951,0
293,19,29300,2200,1110110110,950,0
293,20,29300,2200,1110110111,951,0
293,21,29300,2200,1110110111,951,0
293,22,29300,2200,1110110110,950,0
293,23,29300,2200,1110110111,951,0
293,24,29300,2200,1110110111,951,0
293,25,29300,2200,1110110111,951,0
293,26,29300,2200,1110110111,951,0
293,27,29300,2200,1110110111,951,0
293,28,29300,2200,1110110111,951,0
293,29,29300,2200,1110110111,951,0
293,30,29300,2200,1110110110,950,0
293,31,29300,2200,1110110111,951,0
293,32,29300,2200,1110110111,951,0
293,33,29300,2200,1110110111,951,0
293,34,29300,2200,1110111000,952,0
293,35,29300,2200,1110110111,951,0
293,36,29300,2200,1110110111,951,0
293,37,29300,2200,1110110111,951,0
293,38,29300,2200,1110110110,950,0
293,39,29300,2200,1110110111,951,0
293,40,29300,2200,1110110111,951,0
293,41,29300,2200,1110110111,951,0
293,42,29300,2200,1110110111,951,0
293,43,29300,2200,1110110111,951,0
293,44,29300,2200,1110110111,951,0
293,45,29300,2200,1110110111,951,0
293,46,29300,2200,1110110111,951,0
293,47,29300,2200,1110110110,950,0
293,48,29300,2200,1110111000,952,0
293,49,29300,2200,1110110111,951,0
294,0,29400,2100,1110111010,954,0
294,1,29400,2100,1110111011,955,0
294,2,29400,2100,1110111011,955,0
294,3,29400,2100,1110111010,954,0
294,4,29400,2100,1110111011,955,0
294,5,29400,2100,1110111011,955,0
294,6,29400,2100,1110111011,955,0
294,7,29400,2100,1110111011,955,0
294,8,29400,2100,1110111011,955,0
294,9,29400,2100,1110111100,956,0
294,10,29400,2100,1110111011,955,0
294,11,29400,2100,1110111011,955,0
294,12,29400,2100,1110111011,955,0
294,13,29400,2100,1110111010,954,0
294,14,29400,2100,1110111011,955,0
294,15,29400,2100,1110111001,953,0
294,16,29400,2100,1110111010,954,0
294,17,29400,2100,1110111011,955,0
294,18,29400,2100,1110111010,954,0
294,19,29400,2100,1110111010,954,0
294,20,29400,2100,1110111011,955,0
294,21,29400,2100,1110111011,955,0
294,22,29400,2100,1110111011,955,0
294,23,29400,2100,1110111011,955,0
294,24,29400,2100,1110111010,954,0
294,25,29400,2100,1110111011,955,0
294,26,29400,2100,1110111010,954,0
294,27,29400,2100,1110111011,955,0
294,28,29400,2100,1110111011,955,0
294,29,29400,2100,1110111011,955,0
294,30,29400,2100,1110111010,954,0
294,31,29400,2100,1110111010,954,0
294,32,29400,2100,1110111010,954,0
294,33,29400,2100,1110111010,954,0
294,34,29400,2100,1110111010,954,0
294,35,29400,2100,1110111011,955,0
294,36,29400,2100,1110111011,955,0
294,37,29400,2100,1110111010,954,0
294,38,29400,2100,1110111011,955,0
294,39,29400,2100,1110111011,955,0
294,40,29400,2100,1110111011,955,0
294,41,29400,2100,1110111011,955,0
294,42,29400,2100,1110111010,954,0
294,43,29400,2100,1110111011,955,0
294,44,29400,2100,1110111011,955,0
294,45,29400,2100,1110111011,955,0
294,46,29400,2100,1110111011,955,0
294,47,29400,2100,1110111010,954,0
294,48,29400,2100,1110111010,954,0
294,49,29400,2100,1110111011,955,0
295,0,29500,2000,1110111110,958,0
295,1,29500,2000,1110111110,958,0
295,2,29500,2000,1110111110,958,0
295,3,29500,2000,1110111111,959,0
295,4,29500,2000,1110111110,958,0
295,5,29500,2000,1110111110,958,0
295,6,29500,2000,1110111110,958,0
295,7,29500,2000,1110111111,959,0
295,8,29500,2000,1110111110,958,0
295,9,29500,2000,1110111110,958,0
295,10,29500,2000,1110111110,958,0
295,11,29500,2000,1110111110,958,0
295,12,29500,2000,1110111110,958,0
295,13,29500,2000,1110111110,958,0
295,14,29500,2000,1110111110,958,0
295,15,29500,2000,1110111111,959,0
295,16,29500,2000,1110111110,958,0
295,17,29500,2000,1110111110,958,0
295,18,29500,2000,1110111110,958,0
295,19,29500,2000,1110111110,958,0
295,20,29500,2000,1110111110,958,0
295,21,29500,2000,1110111111,959,0
295,22,29500,2000,1110111110,958,0
295,23,29500,2000,1110111110,958,0
295,24,29500,2000,1110111110,958,0
295,25,29500,2000,1110111101,957,0
295,26,29500,2000,1110111111,959,0
295,27,29500,2000,1110111111,959,0
295,28,29500,2000,1110111110,958,0
295,29,29500,2000,1110111110,958,0
295,30,29500,2000,1110111110,958,0
295,31,29500,2000,1110111110,958,0
295,32,29500,2000,1110111110,958,0
295,33,29500,2000,1110111110,958,0
295,34,29500,2000,1110111111,959,0
295,35,29500,2000,1110111110,958,0
295,36,29500,2000,1110111110,958,0
295,37,29500,2000,1110111111,959,0
295,38,29500,2000,1110111110,958,0
295,39,29500,2000,1110111111,959,0
295,40,29500,2000,1110111100,956,0
295,41,29500,2000,1110111110,958,0
295,42,29500,2000,1110111110,958,0
295,43,29500,2000,1110111110,958,0
295,44,29500,2000,1110111110,958,0
295,45,29500,2000,1110111111,959,0
295,46,29500,2000,1110111111,959,0
295,47,29500,2000,1110111111,959,0
295,48,29500,2000,1110111110,958,0
295,49,29500,2000,1110111110,958,0
296,0,29600,1900,1110111111,959,0
296,1,29600,1900,1111000000,960,0
296,2,29600,1900,1111000000,960,0
296,3,29600,1900,1111000000,960,0
296,4,29600,1900,1111000000,960,0
296,5,29600,1900,1111000000,960,0
296,6,29600,1900,1111000000,960,0
296,7,29600,1900,1111000000,960,0
296,8,29600,1900,1111000000,960,0
296,9,29600,1900,1111000000,960,0
296,10,29600,1900,1111000000,960,0
296,11,29600,1900,1111000000,960,0
296,12,29600,1900,1111000000,960,0
296,13,29600,1900,1111000000,960,0
296,14,29600,1900,1111000000,960,0
296,15,29600,1900,1111000000,960,0
296,16,29600,1900,1111000000,960,0
296,17,29600,1900,1111000000,960,0
296,18,29600,1900,1111000000,960,0
296,19,29600,1900,1111000000,960,0
296,20,29600,1900,1111000000,960,0
296,21,29600,1900,1111000000,960,0
296,22,29600,1900,1111000000,960,0
296,23,29600,1900,1111000000,960,0
296,24,29600,1900,1111000000,960,0
296,25,29600,1900,1111000000,960,0
296,26,29600,1900,1111000000,960,0
296,27,29600,1900,1111000000,960,0
296,28,29600,1900,1111000000,960,0
296,29,29600,1900,1111000000,960,0
296,30,29600,1900,1111000000,960,0
296,31,29600,1900,1111000000,960,0
296,32,29600,1900,1111000000,960,0
296,33,29600,1900,1111000000,960,0
296,34,29600,1900,1111000000,960,0
296,35,29600,1900,1111000000,960,0
296,36,29600,1900,1111000000,960,0
296,37,29600,1900,1111000000,960,0
296,38,29600,1900,1111000000,960,0
296,39,29600,1900,1111000000,960,0
296,40,29600,1900,1111000000,960,0
296,41,29600,1900,1111000000,960,0
296,42,29600,1900,1111000000,960,0
296,43,29600,1900,1111000000,960,0
296,44,29600,1900,1111000000,960,0
296,45,29600,1900,1111000000,960,0
296,46,29600,1900,1111000000,960,0
296,47,29600,1900,1111000000,960,0
296,48,29600,1900,1111000000,960,0
296,49,29600,1900,1111000000,960,0
297,0,29700,1800,1111000010,962,0
297,1,29700,1800,1111000011,963,0
297,2,29700,1800,1111000010,962,0
297,3,29700,1800,1111000010,962,0
297,4,29700,1800,1111000010,962,0
297,5,29700,1800,1111000010,962,0
297,6,29700,1800,1111000010,962,0
297,7,29700,1800,1111000011,963,0
297,8,29700,1800,1111000011,963,0
297,9,29700,1800,1111000010,962,0
297,10,29700,1800,1111000011,963,0
297,11,29700,1800,1111000011,963,0
297,12,29700,1800,1111000010,962,0
297,13,29700,1800,1111000001,961,0
297,14,29700,1800,1111000010,962,0
297,15,29700,1800,1111000010,962,0
297,16,29700,1800,1111000010,962,0
297,17,29700,1800,1111000010,962,0
297,18,29700,1800,1111000010,962,0
297,19,29700,1800,1111000010,962,0
297,20,29700,1800,1111000010,962,0
297,21,29700,1800,1111000011,963,0
297,22,29700,1800,1111000011,963,0
297,23,29700,1800,1111000011,963,0
297,24,29700,1800,1111000011,963,0
297,25,29700,1800,1111000011,963,0
297,26,29700,1800,1111000010,962,0
297,27,29700,1800,1111000010,962,0
297,28,29700,1800,1111000001,961,0
297,29,29700,1800,1111000001,961,0
297,30,29700,1800,1111000000,960,0
297,31,29700,1800,1111000010,962,0
297,32,29700,1800,1111000011,963,0
297,33,29700,1800,1111000001,961,0
297,34,29700,1800,1111000001,961,0
297,35,29700,1800,1111000011,963,0
297,36,29700,1800,1111000011,963,0
297,37,29700,1800,1111000011,963,0
297,38,29700,1800,1111000010,962,0
297,39,29700,1800,1111000010,962,0
297,40,29700,1800,1111000010,962,0
297,41,29700,1800,1111000011,963,0
297,42,29700,1800,1111000001,961,0
297,43,29700,1800,1111000010,962,0
297,44,29700,1800,1111000011,963,0
297,45,29700,1800,1111000010,962,0
297,46,29700,1800,1111000010,962,0
297,47,29700,1800,1111000010,962,0
297,48,29700,1800,1111000010,962,0
297,49,29700,1800,1111000011,963,0
298,0,29800,1700,1111000110,966,0
298,1,29800,1700,1111000110,966,0
298,2,29800,1700,1111000110,966,0
298,3,29800,1700,1111000111,967,0
298,4,29800,1700,1111000100,964,0
298,5,29800,1700,1111000101,965,0
298,6,29800,1700,1111000110,966,0
298,7,29800,1700,1111000110,966,0
298,8,29800,1700,1111000101,965,0
298,9,29800,1700,1111000101,965,0
298,10,29800,1700,1111000101,965,0
298,11,29800,1700,1111000110,966,0
298,12,29800,1700,1111000101,965,0
298,13,29800,1700,1111000110,966,0
298,14,29800,1700,1111000110,966,0
298,15,29800,1700,1111000110,966,0
298,16,29800,1700,1111000110,966,0
298,17,29800,1700,1111000110,966,0
298,18,29800,1700,1111000100,964,0
298,19,29800,1700,1111000100,964,0
298,20,29800,1700,1111000110,966,0
298,21,29800,1700,1111000110,966,0
298,22,29800,1700,1111000110,966,0
298,23,29800,1700,1111000110,966,0
298,24,29800,1700,1111000110,966,0
298,25,29800,1700,1111000110,966,0
298,26,29800,1700,1111000110,966,0
298,27,29800,1700,1111000101,965,0
298,28,29800,1700,1111000111,967,0
298,29,29800,1700,1111000110,966,0
298,30,29800,1700,1111000110,966,0
298,31,29800,1700,1111000110,966,0
298,32,29800,1700,1111000110,966,0
298,33,29800,1700,1111000101,965,0
298,34,29800,1700,1111000100,964,0
298,35,29800,1700,1111000110,966,0
298,36,29800,1700,1111000101,965,0
298,37,29800,1700,1111000101,965,0
298,38,29800,1700,1111000110,966,0
298,39,29800,1700,1111000110,966,0
298,40,29800,1700,1111000101,965,0
298,41,29800,1700,1111000110,966,0
298,42,29800,1700,1111000110,966,0
298,43,29800,1700,1111000111,967,0
298,44,29800,1700,1111000110,966,0
298,45,29800,1700,1111000110,966,0
298,46,29800,1700,1111000110,966,0
298,47,29800,1700,1111000110,966,0
298,48,29800,1700,1111000111,967,0
298,49,29800,1700,1111000110,966,0
299,0,29900,1600,1111001001,969,0
299,1,29900,1600,1111001001,969,0
299,2,29900,1600,1111001000,968,0
299,3,29900,1600,1111001010,970,0
299,4,29900,1600,1111001001,969,0
299,5,29900,1600,1111001001,969,0
299,6,29900,1600,1111001001,969,0
299,7,29900,1600,1111001000,968,0
299,8,29900,1600,1111001001,969,0
299,9,29900,1600,1111001000,968,0
299,10,29900,1600,1111001001,969,0
299,11,29900,1600,1111001000,968,0
299,12,29900,1600,1111001000,968,0
299,13,29900,1600,1111001001,969,0
299,14,29900,1600,1111001001,969,0
299,15,29900,1600,1111001001,969,0
299,16,29900,1600,1111001001,969,0
299,17,29900,1600,1111001000,968,0
299,18,29900,1600,1111001001,969,0
299,19,29900,1600,1111001001,969,0
299,20,29900,1600,1111001010,970,0
299,21,29900,1600,1111001010,970,0
299,22,29900,1600,1111001001,969,0
299,23,29900,1600,1111001001,969,0
299,24,29900,1600,1111001001,969,0
299,25,29900,1600,1111001001,969,0
299,26,29900,1600,1111001010,970,0
299,27,29900,1600,1111001001,969,0
299,28,29900,1600,1111001001,969,0
299,29,29900,1600,1111001001,969,0
299,30,29900,1600,1111001001,969,0
299,31,29900,1600,1111001001,969,0
299,32,29900,1600,1111001001,969,0
299,33,29900,1600,1111001001,969,0
299,34,29900,1600,1111000111,967,0
299,35,29900,1600,1111001000,968,0
299,36,29900,1600,1111001000,968,0
299,37,29900,1600,1111001001,969,0
299,38,29900,1600,1111001000,968,0
299,39,29900,1600,1111001001,969,0
299,40,29900,1600,1111001001,969,0
299,41,29900,1600,1111001001,969,0
299,42,29900,1600,1111001001,969,0
299,43,29900,1600,1111001000,968,0
299,44,29900,1600,1111001001,969,0
299,45,29900,1600,1111001001,969,0
299,46,29900,1600,1111001001,969,0
299,47,29900,1600,1111001001,969,0
299,48,29900,1600,1111001001,969,0
299,49,29900,1600,1111001001,969,0
300,0,30000,1500,1111001011,971,0
300,1,30000,1500,1111001100,972,0
300,2,30000,1500,1111001101,973,0
300,3,30000,1500,1111001100,972,0
300,4,30000,1500,1111001100,972,0
300,5,30000,1500,1111001101,973,0
300,6,30000,1500,1111001100,972,0
300,7,30000,1500,1111001101,973,0
300,8,30000,1500,1111001100,972,0
300,9,30000,1500,1111001100,972,0
300,10,30000,1500,1111001100,972,0
300,11,30000,1500,1111001100,972,0
300,12,30000,1500,1111001100,972,0
300,13,30000,1500,1111001100,972,0
300,14,30000,1500,1111001100,972,0
300,15,30000,1500,1111001011,971,0
300,16,30000,1500,1111001100,972,0
300,17,30000,1500,1111001100,972,0
300,18,30000,1500,1111001100,972,0
300,19,30000,1500,1111001101,973,0
300,20,30000,1500,1111001100,972,0
300,21,30000,1500,1111001100,972,0
300,22,30000,1500,1111001101,973,0
300,23,30000,1500,1111001101,973,0
300,24,30000,1500,1111001100,972,0
300,25,30000,1500,1111001101,973,0
300,26,30000,1500,1111001101,973,0
300,27,30000,1500,1111001101,973,0
300,28,30000,1500,1111001100,972,0
300,29,30000,1500,1111001100,972,0
300,30,30000,1500,1111001011,971,0
300,31,30000,1500,1111001100,972,0
300,32,30000,1500,1111001100,972,0
300,33,30000,1500,1111001100,972,0
300,34,30000,1500,1111001100,972,0
300,35,30000,1500,1111001101,973,0
300,36,30000,1500,1111001101,973,0
300,37,30000,1500,1111001100,972,0
300,38,30000,1500,1111001101,973,0
300,39,30000,1500,1111001100,972,0
300,40,30000,1500,1111001101,973,0
300,41,30000,1500,1111001100,972,0
300,42,30000,1500,1111001101,973,0
300,43,30000,1500,1111001100,972,0
300,44,30000,1500,1111001100,972,0
300,45,30000,1500,1111001100,972,0
300,46,30000,1500,1111001011,971,0
300,47,30000,1500,1111001100,972,0
300,48,30000,1500,1111001011,971,0
300,49,30000,1500,1111001101,973,0
301,0,30100,1400,1111001111,975,0
301,1,30100,1400,1111010001,977,0
301,2,30100,1400,1111010000,976,0
301,3,30100,1400,1111010001,977,0
301,4,30100,1400,1111010000,976,0
301,5,30100,1400,1111010001,977,0
301,6,30100,1400,1111010000,976,0
301,7,30100,1400,1111010001,977,0
301,8,30100,1400,1111001111,975,0
301,9,30100,1400,1111010000,976,0
301,10,30100,1400,1111001111,975,0
301,11,30100,1400,1111001111,975,0
301,12,30100,1400,1111001111,975,0
301,13,30100,1400,1111010000,976,0
301,14,30100,1400,1111010001,977,0
301,15,30100,1400,1111010001,977,0
301,16,30100,1400,1111001111,975,0
301,17,30100,1400,1111001111,975,0
301,18,30100,1400,1111010000,976,0
301,19,30100,1400,1111010001,977,0
301,20,30100,1400,1111010000,976,0
301,21,30100,1400,1111010001,977,0
301,22,30100,1400,1111010001,977,0
301,23,30100,1400,1111010001,977,0
301,24,30100,1400,1111010001,977,0
301,25,30100,1400,1111001111,975,0
301,26,30100,1400,1111010001,977,0
301,27,30100,1400,1111001110,974,0
301,28,30100,1400,1111001111,975,0
301,29,30100,1400,1111001111,975,0
301,30,30100,1400,1111001111,975,0
301,31,30100,1400,1111001111,975,0
301,32,30100,1400,1111010001,977,0
301,33,30100,1400,1111010001,977,0
301,34,30100,1400,1111010001,977,0
301,35,30100,1400,1111001111,975,0
301,36,30100,1400,1111010001,977,0
301,37,30100,1400,1111010001,977,0
301,38,30100,1400,1111010001,977,0
301,39,30100,1400,1111010000,976,0
301,40,30100,1400,1111010001,977,0
301,41,30100,1400,1111010000,976,0
301,42,30100,1400,1111010001,977,0
301,43,30100,1400,1111010000,976,0
301,44,30100,1400,1111010001,977,0
301,45,30100,1400,1111001111,975,0
301,46,30100,1400,1111010001,977,0
301,47,30100,1400,1111001111,975,0
301,48,30100,1400,1111010001,977,0
301,49,30100,1400,1111010001,977,0
302,0,30200,1300,1111010100,980,0
302,1,30200,1300,1111010011,979,0
302,2,30200,1300,1111010100,980,0
302,3,30200,1300,1111010010,978,0
302,4,30200,1300,1111010100,980,0
302,5,30200,1300,1111010100,980,0
302,6,30200,1300,1111010100,980,0
302,7,30200,1300,1111010100,980,0
302,8,30200,1300,1111010101,981,0
302,9,30200,1300,1111010100,980,0
302,10,30200,1300,1111010100,980,0
302,11,30200,1300,1111010100,980,0
302,12,30200,1300,1111010100,980,0
302,13,30200,1300,1111010100,980,0
302,14,30200,1300,1111010100,980,0
302,15,30200,1300,1111010101,981,0
302,16,30200,1300,1111010100,980,0
302,17,30200,1300,1111010100,980,0
302,18,30200,1300,1111010011,979,0
302,19,30200,1300,1111010100,980,0
302,20,30200,1300,1111010100,980,0
302,21,30200,1300,1111010100,980,0
302,22,30200,1300,1111010100,980,0
302,23,30200,1300,1111010011,979,0
302,24,30200,1300,1111010100,980,0
302,25,30200,1300,1111010100,980,0
302,26,30200,1300,1111010101,981,0
302,27,30200,1300,1111010100,980,0
302,28,30200,1300,1111010101,981,0
302,29,30200,1300,1111010100,980,0
302,30,30200,1300,1111010100,980,0
302,31,30200,1300,1111010100,980,0
302,32,30200,1300,1111010100,980,0
302,33,30200,1300,1111010100,980,0
302,34,30200,1300,1111010100,980,0
302,35,30200,1300,1111010100,980,0
302,36,30200,1300,1111010011,979,0
302,37,30200,1300,1111010100,980,0
302,38,30200,1300,1111010100,980,0
302,39,30200,1300,1111010100,980,0
302,40,30200,1300,1111010100,980,0
302,41,30200,1300,1111010100,980,0
302,42,30200,1300,1111010100,980,0
302,43,30200,1300,1111010101,981,0
302,44,30200,1300,1111010101,981,0
302,45,30200,1300,1111010101,981,0
302,46,30200,1300,1111010100,980,0
302,47,30200,1300,1111010100,980,0
302,48,30200,1300,1111010100,980,0
302,49,30200,1300,1111010100,980,0
303,0,30300,1200,1111011000,984,0
303,1,30300,1200,1111011000,984,0
303,2,30300,1200,1111010111,983,0
303,3,30300,1200,1111011000,984,0
303,4,30300,1200,1111011000,984,0
303,5,30300,1200,1111011000,984,0
303,6,30300,1200,1111011000,984,0
303,7,30300,1200,1111011000,984,0
303,8,30300,1200,1111011000,984,0
303,9,30300,1200,1111011000,984,0
303,10,30300,1200,1111010111,983,0
303,11,30300,1200,1111011000,984,0
303,12,30300,1200,1111011000,984,0
303,13,30300,1200,1111011000,984,0
303,14,30300,1200,1111011000,984,0
303,15,30300,1200,1111011000,984,0
303,16,30300,1200,1111011000,984,0
303,17,30300,1200,1111011000,984,0
303,18,30300,1200,1111010111,983,0
303,19,30300,1200,1111011000,984,0
303,20,30300,1200,1111011000,984,0
303,21,30300,1200,1111011000,984,0
303,22,30300,1200,1111011000,984,0
303,23,30300,1200,1111011000,984,0
303,24,30300,1200,1111010111,983,0
303,25,30300,1200,1111011000,984,0
303,26,30300,1200,1111011000,984,0
303,27,30300,1200,1111010111,983,0
303,28,30300,1200,1111010111,983,0
303,29,30300,1200,1111011000,984,0
303,30,30300,1200,1111010110,982,0
303,31,30300,1200,1111011000,984,0
303,32,30300,1200,1111010111,983,0
303,33,30300,1200,1111011000,984,0
303,34,30300,1200,1111010111,983,0
303,35,30300,1200,1111010111,983,0
303,36,30300,1200,1111010111,983,0
303,37,30300,1200,1111011000,984,0
303,38,30300,1200,1111010111,983,0
303,39,30300,1200,1111011000,984,0
303,40,30300,1200,1111011000,984,0
303,41,30300,1200,1111011000,984,0
303,42,30300,1200,1111011000,984,0
303,43,30300,1200,1111011000,984,0
303,44,30300,1200,1111011000,984,0
303,45,30300,1200,1111011000,984,0
303,46,30300,1200,1111011000,984,0
303,47,30300,1200,1111011000,984,0
303,48,30300,1200,1111010111,983,0
303,49,30300,1200,1111011000,984,0
304,0,30400,1100,1111011011,987,0
304,1,30400,1100,1111011011,987,0
304,2,30400,1100,1111011011,987,0
304,3,30400,1100,1111011011,987,0
304,4,30400,1100,1111011100,988,0
304,5,30400,1100,1111011011,987,0
304,6,30400,1100,1111011011,987,0
304,7,30400,1100,1111011011,987,0
304,8,30400,1100,1111011011,987,0
304,9,30400,1100,1111011100,988,0
304,10,30400,1100,1111011011,987,0
304,11,30400,1100,1111011011,987,0
304,12,30400,1100,1111011011,987,0
304,13,30400,1100,1111011011,987,0
304,14,30400,1100,1111011100,988,0
304,15,30400,1100,1111011100,988,0
304,16,30400,1100,1111011011,987,0
304,17,30400,1100,1111011011,987,0
304,18,30400,1100,1111011010,986,0
304,19,30400,1100,1111011100,988,0
304,20,30400,1100,1111011011,987,0
304,21,30400,1100,1111011011,987,0
304,22,30400,1100,1111011011,987,0
304,23,30400,1100,1111011011,987,0
304,24,30400,1100,1111011011,987,0
304,25,30400,1100,1111011011,987,0
304,26,30400,1100,1111011011,987,0
304,27,30400,1100,1111011100,988,0
304,28,30400,1100,1111011011,987,0
304,29,30400,1100,1111011100,988,0
304,30,30400,1100,1111011011,987,0
304,31,30400,1100,1111011011,987,0
304,32,30400,1100,1111011011,987,0
304,33,30400,1100,1111011011,987,0
304,34,30400,1100,1111011100,988,0
304,35,30400,1100,1111011011,987,0
304,36,30400,1100,1111011011,987,0
304,37,30400,1100,1111011011,987,0
304,38,30400,1100,1111011011,987,0
304,39,30400,1100,1111011011,987,0
304,40,30400,1100,1111011011,987,0
304,41,30400,1100,1111011011,987,0
304,42,30400,1100,1111011011,987,0
304,43,30400,1100,1111011011,987,0
304,44,30400,1100,1111011011,987,0
304,45,30400,1100,1111011100,988,0
304,46,30400,1100,1111011011,987,0
304,47,30400,1100,1111011100,988,0
304,48,30400,1100,1111011011,987,0
304,49,30400,1100,1111011011,987,0
305,0,30500,1000,1111011111,991,0
305,1,30500,1000,1111011111,991,0
305,2,30500,1000,1111011111,991,0
305,3,30500,1000,1111011111,991,0
305,4,30500,1000,1111011101,989,0
305,5,30500,1000,1111011110,990,0
305,6,30500,1000,1111011111,991,0
305,7,30500,1000,1111011110,990,0
305,8,30500,1000,1111100000,992,0
305,9,30500,1000,1111011110,990,0
305,10,30500,1000,1111011110,990,0
305,11,30500,1000,1111011111,991,0
305,12,30500,1000,1111011111,991,0
305,13,30500,1000,1111011111,991,0
305,14,30500,1000,1111011110,990,0
305,15,30500,1000,1111011110,990,0
305,16,30500,1000,1111011111,991,0
305,17,30500,1000,1111011111,991,0
305,18,30500,1000,1111011110,990,0
305,19,30500,1000,1111011111,991,0
305,20,30500,1000,1111011111,991,0
305,21,30500,1000,1111011110,990,0
305,22,30500,1000,1111011111,991,0
305,23,30500,1000,1111011111,991,0
305,24,30500,1000,1111011110,990,0
305,25,30500,1000,1111011111,991,0
305,26,30500,1000,1111011111,991,0
305,27,30500,1000,1111011111,991,0
305,28,30500,1000,1111011111,991,0
305,29,30500,1000,1111011110,990,0
305,30,30500,1000,1111011111,991,0
305,31,30500,1000,1111011111,991,0
305,32,30500,1000,1111011111,991,0
305,33,30500,1000,1111011110,990,0
305,34,30500,1000,1111011100,988,0
305,35,30500,1000,1111011110,990,0
305,36,30500,1000,1111011111,991,0
305,37,30500,1000,1111011111,991,0
305,38,30500,1000,1111011111,991,0
305,39,30500,1000,1111011101,989,0
305,40,30500,1000,1111011111,991,0
305,41,30500,1000,1111011111,991,0
305,42,30500,1000,1111011111,991,0
305,43,30500,1000,1111011111,991,0
305,44,30500,1000,1111011111,991,0
305,45,30500,1000,1111011111,991,0
305,46,30500,1000,1111011111,991,0
305,47,30500,1000,1111011111,991,0
305,48,30500,1000,1111011111,991,0
305,49,30500,1000,1111011111,991,0
306,0,30600,900,1111100000,992,0
306,1,30600,900,1111100000,992,0
306,2,30600,900,1111100000,992,0
306,3,30600,900,1111100000,992,0
306,4,30600,900,1111011111,991,0
306,5,30600,900,1111100000,992,0
306,6,30600,900,1111100000,992,0
306,7,30600,900,1111100000,992,0
306,8,30600,900,1111100000,992,0
306,9,30600,900,1111100000,992,0
306,10,30600,900,1111100000,992,0
306,11,30600,900,1111100000,992,0
306,12,30600,900,1111100000,992,0
306,13,30600,900,1111100000,992,0
306,14,30600,900,1111100000,992,0
306,15,30600,900,1111100000,992,0
306,16,30600,900,1111100000,992,0
306,17,30600,900,1111100000,992,0
306,18,30600,900,1111100000,992,0
306,19,30600,900,1111011111,991,0
306,20,30600,900,1111100000,992,0
306,21,30600,900,1111100000,992,0
306,22,30600,900,1111100000,992,0
306,23,30600,900,1111100000,992,0
306,24,30600,900,1111100000,992,0
306,25,30600,900,1111100000,992,0
306,26,30600,900,1111100000,992,0
306,27,30600,900,1111100000,992,0
306,28,30600,900,1111100000,992,0
306,29,30600,900,1111100000,992,0
306,30,30600,900,1111100000,992,0
306,31,30600,900,1111100000,992,0
306,32,30600,900,1111100000,992,0
306,33,30600,900,1111100000,992,0
306,34,30600,900,1111100000,992,0
306,35,30600,900,1111100000,992,0
306,36,30600,900,1111100000,992,0
306,37,30600,900,1111100000,992,0
306,38,30600,900,1111100000,992,0
306,39,30600,900,1111100000,992,0
306,40,30600,900,1111100000,992,0
306,41,30600,900,1111100000,992,0
306,42,30600,900,1111100000,992,0
306,43,30600,900,1111100000,992,0
306,44,30600,900,1111100000,992,0
306,45,30600,900,1111100000,992,0
306,46,30600,900,1111100000,992,0
306,47,30600,900,1111100000,992,0
306,48,30600,900,1111100000,992,0
306,49,30600,900,1111100000,992,0
307,0,30700,800,1111100010,994,0
307,1,30700,800,1111100010,994,0
307,2,30700,800,1111100010,994,0
307,3,30700,800,1111100011,995,0
307,4,30700,800,1111100011,995,0
307,5,30700,800,1111100011,995,0
307,6,30700,800,1111100011,995,0
307,7,30700,800,1111100010,994,0
307,8,30700,800,1111100010,994,0
307,9,30700,800,1111100010,994,0
307,10,30700,800,1111100010,994,0
307,11,30700,800,1111100000,992,0
307,12,30700,800,1111100001,993,0
307,13,30700,800,1111100010,994,0
307,14,30700,800,1111100000,992,0
307,15,30700,800,1111100000,992,0
307,16,30700,800,1111100010,994,0
307,17,30700,800,1111100010,994,0
307,18,30700,800,1111100010,994,0
307,19,30700,800,1111100001,993,0
307,20,30700,800,1111100010,994,0
307,21,30700,800,1111100001,993,0
307,22,30700,800,1111100010,994,0
307,23,30700,800,1111100011,995,0
307,24,30700,800,1111100010,994,0
307,25,30700,800,1111100010,994,0
307,26,30700,800,1111100011,995,0
307,27,30700,800,1111100010,994,0
307,28,30700,800,1111100010,994,0
307,29,30700,800,1111100011,995,0
307,30,30700,800,1111100011,995,0
307,31,30700,800,1111100001,993,0
307,32,30700,800,1111100010,994,0
307,33,30700,800,1111100010,994,0
307,34,30700,800,1111100010,994,0
307,35,30700,800,1111100011,995,0
307,36,30700,800,1111100010,994,0
307,37,30700,800,1111100010,994,0
307,38,30700,800,1111100010,994,0
307,39,30700,800,1111100010,994,0
307,40,30700,800,1111100010,994,0
307,41,30700,800,1111100011,995,0
307,42,30700,800,1111100011,995,0
307,43,30700,800,1111100010,994,0
307,44,30700,800,1111100010,994,0
307,45,30700,800,1111100010,994,0
307,46,30700,800,1111100010,994,0
307,47,30700,800,1111100010,994,0
307,48,30700,800,1111100001,993,0
307,49,30700,800,1111100000,992,0
308,0,30800,700,1111100110,998,0
308,1,30800,700,1111100101,997,0
308,2,30800,700,1111100110,998,0
308,3,30800,700,1111100110,998,0
308,4,30800,700,1111100111,999,0
308,5,30800,700,1111100110,998,0
308,6,30800,700,1111100110,998,0
308,7,30800,700,1111100110,998,0
308,8,30800,700,1111100101,997,0
308,9,30800,700,1111100011,995,0
308,10,30800,700,1111100101,997,0
308,11,30800,700,1111100101,997,0
308,12,30800,700,1111100110,998,0
308,13,30800,700,1111100101,997,0
308,14,30800,700,1111100101,997,0
308,15,30800,700,1111100101,997,0
308,16,30800,700,1111100110,998,0
308,17,30800,700,1111100110,998,0
308,18,30800,700,1111100110,998,0
308,19,30800,700,1111100110,998,0
308,20,30800,700,1111100110,998,0
308,21,30800,700,1111100110,998,0
308,22,30800,700,1111100110,998,0
308,23,30800,700,1111100101,997,0
308,24,30800,700,1111100110,998,0
308,25,30800,700,1111100110,998,0
308,26,30800,700,1111100100,996,0
308,27,30800,700,1111100100,996,0
308,28,30800,700,1111100110,998,0
308,29,30800,700,1111100101,997,0
308,30,30800,700,1111100101,997,0
308,31,30800,700,1111100110,998,0
308,32,30800,700,1111100101,997,0
308,33,30800,700,1111100110,998,0
308,34,30800,700,1111100101,997,0
308,35,30800,700,1111100110,998,0
308,36,30800,700,1111100111,999,0
308,37,30800,700,1111100110,998,0
308,38,30800,700,1111100110,998,0
308,39,30800,700,1111100110,998,0
308,40,30800,700,1111100110,998,0
308,41,30800,700,1111100101,997,0
308,42,30800,700,1111100101,997,0
308,43,30800,700,1111100101,997,0
308,44,30800,700,1111100101,997,0
308,45,30800,700,1111100101,997,0
308,46,30800,700,1111100110,998,0
308,47,30800,700,1111100110,998,0
308,48,30800,700,1111100101,997,0
308,49,30800,700,1111100110,998,0
309,0,30900,600,1111101001,1001,0
309,1,30900,600,1111101001,1001,0
309,2,30900,600,1111101010,1002,0
309,3,30900,600,1111101001,1001,0
309,4,30900,600,1111101000,1000,0
309,5,30900,600,1111101001,1001,0
309,6,30900,600,1111101000,1000,0
309,7,30900,600,1111101001,1001,0
309,8,30900,600,1111101001,1001,0
309,9,30900,600,1111100111,999,0
309,10,30900,600,1111101001,1001,0
309,11,30900,600,1111101000,1000,0
309,12,30900,600,1111101001,1001,0
309,13,30900,600,1111101001,1001,0
309,14,30900,600,1111101001,1001,0
309,15,30900,600,1111101001,1001,0
309,16,30900,600,1111101001,1001,0
309,17,30900,600,1111101001,1001,0
309,18,30900,600,1111101001,1001,0
309,19,30900,600,1111101000,1000,0
309,20,30900,600,1111101001,1001,0
309,21,30900,600,1111101000,1000,0
309,22,30900,600,1111101000,1000,0
309,23,30900,600,1111101000,1000,0
309,24,30900,600,1111101001,1001,0
309,25,30900,600,1111100111,999,0
309,26,30900,600,1111101001,1001,0
309,27,30900,600,1111101000,1000,0
309,28,30900,600,1111101000,1000,0
309,29,30900,600,1111101001,1001,0
309,30,30900,600,1111101000,1000,0
309,31,30900,600,1111101001,1001,0
309,32,30900,600,1111101001,1001,0
309,33,30900,600,1111101001,1001,0
309,34,30900,600,1111101000,1000,0
309,35,30900,600,1111101010,1002,0
309,36,30900,600,1111101000,1000,0
309,37,30900,600,1111101001,1001,0
309,38,30900,600,1111101001,1001,0
309,39,30900,600,1111101000,1000,0
309,40,30900,600,1111101001,1001,0
309,41,30900,600,1111101000,1000,0
309,42,30900,600,1111101000,1000,0
309,43,30900,600,1111100111,999,0
309,44,30900,600,1111100111,999,0
309,45,30900,600,1111101000,1000,0
309,46,30900,600,1111101000,1000,0
309,47,30900,600,1111101001,1001,0
309,48,30900,600,1111101000,1000,0
309,49,30900,600,1111101001,1001,0
310,0,31000,500,1111101100,1004,0
310,1,31000,500,1111101011,1003,0
310,2,31000,500,1111101101,1005,0
310,3,31000,500,1111101100,1004,0
310,4,31000,500,1111101100,1004,0
310,5,31000,500,1111101100,1004,0
310,6,31000,500,1111101100,1004,0
310,7,31000,500,1111101100,1004,0
310,8,31000,500,1111101100,1004,0
310,9,31000,500,1111101100,1004,0
310,10,31000,500,1111101100,1004,0
310,11,31000,500,1111101100,1004,0
310,12,31000,500,1111101101,1005,0
310,13,31000,500,1111101101,1005,0
310,14,31000,500,1111101100,1004,0
310,15,31000,500,1111101011,1003,0
310,16,31000,500,1111101100,1004,0
310,17,31000,500,1111101010,1002,0
310,18,31000,500,1111101100,1004,0
310,19,31000,500,1111101011,1003,0
310,20,31000,500,1111101100,1004,0
310,21,31000,500,1111101100,1004,0
310,22,31000,500,1111101101,1005,0
310,23,31000,500,1111101100,1004,0
310,24,31000,500,1111101100,1004,0
310,25,31000,500,1111101101,1005,0
310,26,31000,500,1111101100,1004,0
310,27,31000,500,1111101100,1004,0
310,28,31000,500,1111101100,1004,0
310,29,31000,500,1111101100,1004,0
310,30,31000,500,1111101100,1004,0
310,31,31000,500,1111101100,1004,0
310,32,31000,500,1111101100,1004,0
310,33,31000,500,1111101011,1003,0
310,34,31000,500,1111101011,1003,0
310,35,31000,500,1111101100,1004,0
310,36,31000,500,1111101100,1004,0
310,37,31000,500,1111101100,1004,0
310,38,31000,500,1111101111,1007,0
310,39,31000,500,1111101100,1004,0
310,40,31000,500,1111101101,1005,0
310,41,31000,500,1111101100,1004,0
310,42,31000,500,1111101100,1004,0
310,43,31000,500,1111101100,1004,0
310,44,31000,500,1111101101,1005,0
310,45,31000,500,1111101100,1004,0
310,46,31000,500,1111101101,1005,0
310,47,31000,500,1111101101,1005,0
310,48,31000,500,1111101100,1004,0
310,49,31000,500,1111101100,1004,0
311,0,31100,400,1111110001,1009,0
311,1,31100,400,1111101111,1007,0
311,2,31100,400,1111101111,1007,0
311,3,31100,400,1111110000,1008,0
311,4,31100,400,1111101111,1007,0
311,5,31100,400,1111110001,1009,0
311,6,31100,400,1111110001,1009,0
311,7,31100,400,1111110001,1009,0
311,8,31100,400,1111110001,1009,0
311,9,31100,400,1111110000,1008,0
311,10,31100,400,1111110001,1009,0
311,11,31100,400,1111110001,1009,0
311,12,31100,400,1111110000,1008,0
311,13,31100,400,1111110000,1008,0
311,14,31100,400,1111101110,1006,0
311,15,31100,400,1111110000,1008,0
311,16,31100,400,1111110000,1008,0
311,17,31100,400,1111101111,1007,0
311,18,31100,400,1111101111,1007,0
311,19,31100,400,1111101111,1007,0
311,20,31100,400,1111110001,1009,0
311,21,31100,400,1111110001,1009,0
311,22,31100,400,1111110000,1008,0
311,23,31100,400,1111110001,1009,0
311,24,31100,400,1111110000,1008,0
311,25,31100,400,1111110001,1009,0
311,26,31100,400,1111110001,1009,0
311,27,31100,400,1111110000,1008,0
311,28,31100,400,1111110001,1009,0
311,29,31100,400,1111110001,1009,0
311,30,31100,400,1111101111,1007,0
311,31,31100,400,1111101110,1006,0
311,32,31100,400,1111110001,1009,0
311,33,31100,400,1111101111,1007,0
311,34,31100,400,1111110001,1009,0
311,35,31100,400,1111110000,1008,0
311,36,31100,400,1111110000,1008,0
311,37,31100,400,1111110001,1009,0
311,38,31100,400,1111110001,1009,0
311,39,31100,400,1111110000,1008,0
311,40,31100,400,1111110001,1009,0
311,41,31100,400,1111110001,1009,0
311,42,31100,400,1111110001,1009,0
311,43,31100,400,1111101111,1007,0
311,44,31100,400,1111110000,1008,0
311,45,31100,400,1111101101,1005,0
311,46,31100,400,1111110001,1009,0
311,47,31100,400,1111110001,1009,0
311,48,31100,400,1111101111,1007,0
311,49,31100,400,1111110001,1009,0
312,0,31200,300,1111110100,1012,0
312,1,31200,300,1111110100,1012,0
312,2,31200,300,1111110100,1012,0
312,3,31200,300,1111110100,1012,0
312,4,31200,300,1111110100,1012,0
312,5,31200,300,1111110100,1012,0
312,6,31200,300,1111110100,1012,0
312,7,31200,300,1111110100,1012,0
312,8,31200,300,1111110100,1012,0
312,9,31200,300,1111110100,1012,0
312,10,31200,300,1111110100,1012,0
312,11,31200,300,1111110010,1010,0
312,12,31200,300,1111110011,1011,0
312,13,31200,300,1111110100,1012,0
312,14,31200,300,1111110100,1012,0
312,15,31200,300,1111110100,1012,0
312,16,31200,300,1111110100,1012,0
312,17,31200,300,1111110100,1012,0
312,18,31200,300,1111110100,1012,0
312,19,31200,300,1111110100,1012,0
312,20,31200,300,1111110100,1012,0
312,21,31200,300,1111110100,1012,0
312,22,31200,300,1111110100,1012,0
312,23,31200,300,1111110100,1012,0
312,24,31200,300,1111110100,1012,0
312,25,31200,300,1111110100,1012,0
312,26,31200,300,1111110011,1011,0
312,27,31200,300,1111110100,1012,0
312,28,31200,300,1111110011,1011,0
312,29,31200,300,1111110100,1012,0
312,30,31200,300,1111110100,1012,0
312,31,31200,300,1111110011,1011,0
312,32,31200,300,1111110100,1012,0
312,33,31200,300,1111110011,1011,0
312,34,31200,300,1111110100,1012,0
312,35,31200,300,1111110100,1012,0
312,36,31200,300,1111110011,1011,0
312,37,31200,300,1111110101,1013,0
312,38,31200,300,1111110100,1012,0
312,39,31200,300,1111110100,1012,0
312,40,31200,300,1111110100,1012,0
312,41,31200,300,1111110100,1012,0
312,42,31200,300,1111110100,1012,0
312,43,31200,300,1111110100,1012,0
312,44,31200,300,1111110011,1011,0
312,45,31200,300,1111110100,1012,0
312,46,31200,300,1111110100,1012,0
312,47,31200,300,1111110100,1012,0
312,48,31200,300,1111110011,1011,0
312,49,31200,300,1111110100,1012,0
313,0,31300,200,1111111000,1016,0
313,1,31300,200,1111110111,1015,0
313,2,31300,200,1111111000,1016,0
313,3,31300,200,1111111000,1016,0
313,4,31300,200,1111111000,1016,0
313,5,31300,200,1111111000,1016,0
313,6,31300,200,1111110111,1015,0
313,7,31300,200,1111111000,1016,0
313,8,31300,200,1111110111,1015,0
313,9,31300,200,1111111000,1016,0
313,10,31300,200,1111110110,1014,0
313,11,31300,200,1111110111,1015,0
313,12,31300,200,1111111000,1016,0
313,13,31300,200,1111111000,1016,0
313,14,31300,200,1111110111,1015,0
313,15,31300,200,1111110111,1015,0
313,16,31300,200,1111110111,1015,0
313,17,31300,200,1111111000,1016,0
313,18,31300,200,1111111000,1016,0
313,19,31300,200,1111111000,1016,0
313,20,31300,200,1111111000,1016,0
313,21,31300,200,1111111000,1016,0
313,22,31300,200,1111111000,1016,0
313,23,31300,200,1111110111,1015,0
313,24,31300,200,1111111000,1016,0
313,25,31300,200,1111111000,1016,0
313,26,31300,200,1111111000,1016,0
313,27,31300,200,1111110111,1015,0
313,28,31300,200,1111110110,1014,0
313,29,31300,200,1111110111,1015,0
313,30,31300,200,1111110111,1015,0
313,31,31300,200,1111110111,1015,0
313,32,31300,200,1111110111,1015,0
313,33,31300,200,1111111000,1016,0
313,34,31300,200,1111110111,1015,0
313,35,31300,200,1111110111,1015,0
313,36,31300,200,1111111000,1016,0
313,37,31300,200,1111111000,1016,0
313,38,31300,200,1111111000,1016,0
313,39,31300,200,1111111000,1016,0
313,40,31300,200,1111111000,1016,0
313,41,31300,200,1111111000,1016,0
313,42,31300,200,1111111000,1016,0
313,43,31300,200,1111110111,1015,0
313,44,31300,200,1111110111,1015,0
313,45,31300,200,1111110110,1014,0
313,46,31300,200,1111110110,1014,0
313,47,31300,200,1111111000,1016,0
313,48,31300,200,1111111000,1016,0
313,49,31300,200,1111110111,1015,0
314,0,31400,100,1111111011,1019,0
314,1,31400,100,1111111011,1019,0
314,2,31400,100,1111111011,1019,0
314,3,31400,100,1111111011,1019,0
314,4,31400,100,1111111011,1019,0
314,5,31400,100,1111111011,1019,0
314,6,31400,100,1111111011,1019,0
314,7,31400,100,1111111100,1020,0
314,8,31400,100,1111111011,1019,0
314,9,31400,100,1111111100,1020,0
314,10,31400,100,1111111011,1019,0
314,11,31400,100,1111111011,1019,0
314,12,31400,100,1111111100,1020,0
314,13,31400,100,1111111011,1019,0
314,14,31400,100,1111111011,1019,0
314,15,31400,100,1111111011,1019,0
314,16,31400,100,1111111011,1019,0
314,17,31400,100,1111111011,1019,0
314,18,31400,100,1111111011,1019,0
314,19,31400,100,1111111011,1019,0
314,20,31400,100,1111111011,1019,0
314,21,31400,100,1111111011,1019,0
314,22,31400,100,1111111011,1019,0
314,23,31400,100,1111111011,1019,0
314,24,31400,100,1111111100,1020,0
314,25,31400,100,1111111011,1019,0
314,26,31400,100,1111111010,1018,0
314,27,31400,100,1111111011,1019,0
314,28,31400,100,1111111100,1020,0
314,29,31400,100,1111111011,1019,0
314,30,31400,100,1111111011,1019,0
314,31,31400,100,1111111011,1019,0
314,32,31400,100,1111111011,1019,0
314,33,31400,100,1111111011,1019,0
314,34,31400,100,1111111011,1019,0
314,35,31400,100,1111111010,1018,0
314,36,31400,100,1111111011,1019,0
314,37,31400,100,1111111100,1020,0
314,38,31400,100,1111111011,1019,0
314,39,31400,100,1111111011,1019,0
314,40,31400,100,1111111011,1019,0
314,41,31400,100,1111111011,1019,0
314,42,31400,100,1111111011,1019,0
314,43,31400,100,1111111100,1020,0
314,44,31400,100,1111111011,1019,0
314,45,31400,100,1111111100,1020,0
314,46,31400,100,1111111011,1019,0
314,47,31400,100,1111111011,1019,0
314,48,31400,100,1111111011,1019,0
314,49,31400,100,1111111011,1019,0
315,0,31500,0,1111111111,1023,0
315,1,31500,0,1111111111,1023,0
315,2,31500,0,1111111111,1023,0
315,3,31500,0,1111111111,1023,0
315,4,31500,0,1111111111,1023,0
315,5,31500,0,1111111111,1023,0
315,6,31500,0,1111111111,1023,0
315,7,31500,0,1111111111,1023,0
315,8,31500,0,1111111111,1023,0
315,9,31500,0,1111111110,1022,0
315,10,31500,0,1111111111,1023,0
315,11,31500,0,1111111111,1023,0
315,12,31500,0,1111111111,1023,0
315,13,31500,0,1111111111,1023,0
315,14,31500,0,1111111111,1023,0
315,15,31500,0,1111111111,1023,0
315,16,31500,0,1111111110,1022,0
315,17,31500,0,1111111110,1022,0
315,18,31500,0,1111111111,1023,0
315,19,31500,0,1111111111,1023,0
315,20,31500,0,1111111111,1023,0
315,21,31500,0,1111111111,1023,0
315,22,31500,0,1111111111,1023,0
315,23,31500,0,1111111111,1023,0
315,24,31500,0,1111111111,1023,0
315,25,31500,0,1111111111,1023,0
315,26,31500,0,1111111111,1023,0
315,27,31500,0,1111111111,1023,0
315,28,31500,0,1111111111,1023,0
315,29,31500,0,1111111111,1023,0
315,30,31500,0,1111111111,1023,0
315,31,31500,0,1111111111,1023,0
315,32,31500,0,1111111111,1023,0
315,33,31500,0,1111111110,1022,0
315,34,31500,0,1111111111,1023,0
315,35,31500,0,1111111011,1019,0
315,36,31500,0,1111111110,1022,0
315,37,31500,0,1111111110,1022,0
315,38,31500,0,1111111111,1023,0
315,39,31500,0,1111111111,1023,0
315,40,31500,0,1111111111,1023,0
315,41,31500,0,1111111110,1022,0
315,42,31500,0,1111111111,1023,0
315,43,31500,0,1111111111,1023,0
315,44,31500,0,1111111111,1023,0
315,45,31500,0,1111111111,1023,0
315,46,31500,0,1111111110,1022,0
315,47,31500,0,1111111111,1023,0
315,48,31500,0,1111111111,1023,0
315,49,31500,0,1111111110,1022,0
